official_index,true_class_id,grid_rows,grid_columns,patch_size_pixels,permutation_0_based_json,shuffled_rgb_sha256
3,0,4,4,56,"[2,14,13,0,9,3,15,7,4,6,12,5,8,11,10,1]",c062e80756d2aa952ed807d3dea58d21c04fa5649e1d78398654d6e74e5554ba
29,7,4,4,56,"[1,7,11,6,10,8,9,5,14,12,4,13,15,2,0,3]",faaff8b076253f245a8195aa3edf0c9ffe2aa86000d41d4e078ef8f7479e2f10
35,2,4,4,56,"[7,14,2,6,13,15,10,3,5,11,0,12,8,4,1,9]",07cc807421502815459806d5653da0e7b82494825056031f0ba9203e4003c64a
42,0,4,4,56,"[4,10,7,2,3,0,6,11,14,13,9,12,8,15,1,5]",2c4302fe5b36a5eeafcf24fe3a8a4d306120909c70780fb078e26387f394a224
49,2,4,4,56,"[1,8,5,3,6,14,0,2,15,11,12,10,7,4,9,13]",917bbf638c341465500e34305cf9250d4c94982444349ff3138dcb7100d98910
81,0,4,4,56,"[14,15,1,2,10,9,6,13,4,11,0,7,12,5,8,3]",00867e4049262ab0c29fd8683b53c5b44bd74be09a9598c70e3b98bb68e93fa5
95,1,4,4,56,"[4,6,11,2,12,0,9,15,1,13,3,8,7,14,5,10]",7a446a4db6cf32eff1177886a697a59c72bf942aef5392a76d2acb5c92dc7330
97,5,4,4,56,"[9,13,11,4,1,2,14,7,10,15,0,3,6,8,12,5]",34ec6f4779c7a3548b58077c6a9c2db018c3aac9951eb4a1032bab808f5673b8
116,1,4,4,56,"[5,13,7,0,12,9,6,3,11,4,14,8,2,15,10,1]",0e4edb387045e5fb130673dc723cfbcdb5443afec3a6f89349ed58f9c84785ee
131,9,4,4,56,"[9,3,15,1,5,10,4,7,0,6,14,2,8,11,13,12]",1ad41373647ba5d456cda589599c4edbc703b28cc86234ea8778a1438d1a74cf
151,8,4,4,56,"[15,6,12,1,0,7,11,14,4,10,8,3,2,5,9,13]",7daec76559939e78340592e75bd4147e183eb9ecc3a4122f10ce1e382f537b99
171,4,4,4,56,"[14,6,0,11,2,5,4,15,8,1,10,12,3,7,13,9]",18583ee34e906bf47ab322f8d5e2d1956306aa6a154d81e2f24de454187da99d
176,3,4,4,56,"[6,2,13,15,0,11,3,14,9,8,12,7,5,4,10,1]",ee25f448864d4e3a22ec4e5ce6929b35afb929d73d419b43218c5423d4b47236
191,9,4,4,56,"[10,1,9,4,11,7,15,3,8,12,13,5,6,2,0,14]",31ed9d049cda43d0f6b54e2a2fb1cba1fe0d0951f9d0de98b3c4160c845a8d74
194,8,4,4,56,"[3,12,13,15,5,0,1,14,6,2,9,10,7,8,11,4]",7ccdc3b32775086b6fdab505229f313be636b9e796d8af05364a866e2bb648b7
198,1,4,4,56,"[9,3,8,4,13,0,6,7,11,2,14,15,10,12,5,1]",8c249ac5e226dfd79640053b968f6f3bb2aa0cc9d1c301ab9ac5425317ddbf9f
239,9,4,4,56,"[12,2,9,15,10,14,5,7,0,1,6,11,4,13,3,8]",8d0babd40ce7399c4ee31332c97cdd2409dca047eb4d3c586e35e1c2cfce81ab
261,1,4,4,56,"[9,4,1,3,10,6,11,0,13,14,8,5,7,12,15,2]",690f750e17eac75864179ae345d88f261b48d06a86daac646831caf2a284621e
269,7,4,4,56,"[3,13,12,0,2,14,8,15,9,11,10,4,6,5,1,7]",5ff9a4d23ba7be37419bc33a3c3bcbc02b47fb90f73afd03ba6e72797901b27c
276,9,4,4,56,"[9,2,7,14,4,3,5,1,10,11,8,13,6,0,15,12]",032634f69430c8a61f32336a4fa861e20161d960134fa2f3f34ebfe4be13a5a0
303,9,4,4,56,"[2,7,9,10,4,1,12,6,8,13,0,5,15,14,11,3]",db38f45f54ae2a3988ef01417c9cef29233b73bfc8d70b2ea1accba9ba8bb185
304,1,4,4,56,"[13,5,8,2,9,11,6,0,7,14,4,10,1,12,15,3]",8df5453ff297ad0385a476c8a2196a1dcb9880a8b93c4c180c68f00ae29c7a68
317,2,4,4,56,"[0,5,2,10,8,4,7,1,11,9,12,6,14,3,15,13]",3202d484ebe11a7429f9eaa81ea6d19e44bd98ae37a17b589628ad52d5aa1a81
319,5,4,4,56,"[3,4,11,14,8,2,12,9,10,5,7,1,15,13,0,6]",cd22c3b8d65e431d63f4950ffc25a164bd3de53161687e4d55a4dac068ea8787
323,7,4,4,56,"[2,15,4,5,0,6,9,10,13,11,3,7,8,1,12,14]",c66e045da07b5fadce5479c3ec8221d18a65a79418aea18efd710fa8603ee839
365,3,4,4,56,"[15,1,7,6,2,5,3,8,11,0,14,4,9,10,13,12]",f7d0284afdde7233ebbf0d3de466dc253dcd0346cac0330f4b3f8fc28243f597
370,7,4,4,56,"[11,10,1,15,5,3,2,6,4,9,13,12,14,8,0,7]",2f675678b450c16c24b74ee2ca78de164bb10de60946805cca5a2362834154d0
372,3,4,4,56,"[3,15,7,14,6,11,8,4,13,10,2,1,5,0,9,12]",b1b7f1f5d0f18c9e4980bf97d552fbb57b5d7063c1fbbced8fd5506267f4a67d
378,5,4,4,56,"[5,3,1,8,14,12,4,9,10,15,2,6,0,11,7,13]",460db46d6743019630a3b2ff15d3935ef6e07f30e07132e37c43470c9ad5a3e3
391,3,4,4,56,"[0,6,8,3,1,4,2,12,5,7,13,14,9,10,15,11]",79a21301ec7268c3c755613bc12848c095e7b2957f6aa1aafd6bf532e6146991
409,2,4,4,56,"[15,3,12,5,14,11,6,9,4,13,10,7,8,2,0,1]",306c994687a5d697f1c19ad72df0051b48c7a767da405ef6b80a2e159d65b87b
419,9,4,4,56,"[0,11,14,12,5,8,10,4,3,1,6,2,15,9,13,7]",d74787a1ddc65384b93d0cff74bef7ff26dcef3be90241a1d6f0fdd983d1b507
449,6,4,4,56,"[3,2,13,1,9,8,14,0,11,6,15,12,10,7,5,4]",370ca0b7bc50a54c1c8bbcda35a0c5c07b973119a591bcaef46b14536040774b
470,2,4,4,56,"[3,13,7,2,8,9,4,14,12,11,6,0,5,1,10,15]",2ea027b55ef1bb722850e4a78e9324f2053ad61b37773593c9c70db3dfc6688e
483,2,4,4,56,"[5,8,13,3,11,0,6,9,10,15,4,2,7,14,1,12]",f8e7fc356bb8b5eccf2c77eab697c7dea034b07a3e30e1e63f48f79acc9c604b
484,0,4,4,56,"[14,3,6,12,10,15,1,7,9,13,2,5,11,0,8,4]",d520c5e69727cea92f638c46ca38fb24c8f9e71fbfe1156a27fd3aca230ec413
506,4,4,4,56,"[8,5,9,12,7,13,15,14,1,3,6,4,0,2,11,10]",dd2402b40d146adcdbef06ec4c879c8e7544273f2970d420c301f57ead838388
545,6,4,4,56,"[8,4,1,2,9,6,10,11,14,3,0,12,5,15,7,13]",1149e2fbf5c65d50474a05236a9b5586b3f514983f061f372fc0384110c375c4
562,0,4,4,56,"[15,3,2,8,0,4,14,12,9,5,1,13,10,6,11,7]",4759bf4c7f8b5cd2040db1925b6b89da4c6596ae3c22a7efaa83c3da8f1cc298
568,5,4,4,56,"[8,14,3,4,15,7,9,1,13,11,0,10,12,6,2,5]",f12b110291da5ccfb3daac9308f8d6672df951d8e7155156cce8f00869a4747f
603,9,4,4,56,"[12,9,7,5,8,15,2,1,6,3,10,4,14,13,0,11]",cbf7ba92093334214930ea7df19f74f721220971ba5412f1434debf649e14756
632,3,4,4,56,"[15,7,3,12,6,13,5,0,14,1,11,8,9,4,10,2]",213158aa85971b5050a0372b0ae5ed03528eb3150c83ebd2e1420acb36d84cb6
645,5,4,4,56,"[1,2,9,7,15,10,4,12,5,14,11,8,3,6,13,0]",067e2e7eab54eb621d98712530f3125eb907c9de69cc293313bd4a0a0e1a8a33
667,8,4,4,56,"[9,7,1,4,0,2,10,5,3,13,14,11,6,12,15,8]",8fcc0c5022e797b307d005bda77a59c420ab8b3118c0d06096d0218f413cfb3b
672,3,4,4,56,"[0,7,6,3,13,15,4,11,14,5,10,8,1,2,12,9]",f120be4f04b810e232fb9e20aa2ede37e0a1b875957d396847aeb3b96b2ff146
677,3,4,4,56,"[8,1,2,5,12,7,15,14,13,0,11,6,10,4,3,9]",f7e7affffc184874999dfbdc7cd555c9abf8b7f42eb5e9daf6457ade663bb01f
685,5,4,4,56,"[8,3,6,15,10,7,11,2,13,9,14,5,0,1,12,4]",8fa1fef51f06032ad39f2b10c5c17b0951bbf0be4c7dd03609a72ac0258f6e02
691,4,4,4,56,"[2,4,9,6,0,12,1,5,3,15,14,8,13,10,11,7]",d8e2ae9011c56fe998d416f153853d1559cd1c65f7f42f2201ab5ba7960fb056
706,8,4,4,56,"[10,4,12,13,0,6,2,3,5,8,14,7,1,15,9,11]",58a8132aa9bbc558cfe3f2efdeec2adfe5c78577e15d05d8bf3718d3056b01b7
714,2,4,4,56,"[10,8,12,2,9,11,0,5,14,13,7,4,6,15,3,1]",d9b4ed8e249fddc0e46946fd3775c7ef2de4ad8f4199cdfcd53c3030a53c30fe
716,8,4,4,56,"[0,5,6,4,2,3,7,1,8,10,9,11,13,15,12,14]",334940071865a733d30254dc0ff2f37662df7833541e204cedbe44e73f9d7d5a
738,3,4,4,56,"[15,12,0,13,9,10,11,2,5,14,3,7,4,6,1,8]",e9335e1d2420b3a066113fbb76d14c82959fe815cdadc51f998d408ca0f3a890
739,8,4,4,56,"[4,13,12,15,2,0,10,7,9,1,11,14,6,8,5,3]",a5e648bf0477548548f04119371582ad95ce37299e1272df6273c5cf649a201d
766,4,4,4,56,"[6,1,5,0,8,11,15,4,3,14,10,7,13,9,2,12]",a7c95481d60d8fb13e3406b06f55e5985eed5fd029d853bafaa5c601813c65c5
791,3,4,4,56,"[4,15,6,8,9,11,5,12,7,2,14,3,0,1,13,10]",37235c0f18e75a978ee225e050b3afdebcaaa698edf53a9ff52fdffc292819dc
805,9,4,4,56,"[5,6,4,7,12,1,15,0,10,11,9,2,3,14,13,8]",9e009b5c9e3c27199276ea02c0b52ea1f9187537e8ccd6b91d6bdb4caf418294
825,1,4,4,56,"[11,1,2,13,15,14,4,12,0,8,6,10,3,9,7,5]",d82977b3e0b2e8a80c8d50be3ef019148d9b9e322912855dfcfc6582f7b11e87
852,9,4,4,56,"[8,11,0,1,13,2,3,5,9,4,10,14,6,12,7,15]",0235a6f8d5cf4bc3f80cc2bb19c18639492a2eebe28ae3f49e97fc9efa87f897
855,4,4,4,56,"[0,14,15,4,6,3,7,13,9,10,12,8,5,2,1,11]",f12fd846b9b48951fcd77ae2761d4209bd73fef1ca5b5631d011ad9c5cf22093
873,6,4,4,56,"[10,3,2,1,6,12,14,9,7,5,4,15,13,11,0,8]",9a913646c56826540b826166adc958aef10a4bc9cab50b7d8de284615b89a25c
890,6,4,4,56,"[11,4,14,1,3,6,15,2,9,13,12,7,10,8,0,5]",edbccc2f96960e6deeb27a951e1d121e006793a4721043b6f3d4abd31f883d33
920,6,4,4,56,"[9,11,5,3,12,8,14,1,15,4,0,7,10,2,6,13]",5db01abeaa93d5b1ab962f523fe36803db7c83015e8d11fbe1e2a21281828046
929,6,4,4,56,"[3,13,6,0,1,5,7,8,9,15,4,10,14,12,11,2]",2ca4433113ff96feb40322ce6f580bc806d16976a9475a9459e8bfffe39ed27e
962,8,4,4,56,"[5,14,10,3,15,7,0,8,9,11,6,12,13,2,1,4]",ba311c12ab93726066adab5822881d5bfa21b809b61606673a71d64db2bf7df1
964,6,4,4,56,"[8,14,11,3,4,13,5,1,9,6,15,12,10,2,0,7]",f6687a6f79594d505d7ec4d15d43bf90ec95050f688eba551dbb3a61a6c55f52
977,6,4,4,56,"[7,13,11,2,12,4,10,1,15,14,5,8,6,3,9,0]",3707d283b59aa0b9975e7626543854d8efd955a6bb56ae5764ca458c14a030dc
979,3,4,4,56,"[4,14,11,10,5,12,7,15,2,6,1,9,3,0,8,13]",d22b6e747ef4393747eeb687651a2aec43825d4c238c874f48819453d4c62db0
981,2,4,4,56,"[7,14,13,1,10,6,8,5,15,0,2,9,4,12,11,3]",148a5bd9352e7805cab7d889dad3872186ea24f1b1a91449bef4db16c906f842
1022,9,4,4,56,"[4,15,2,13,9,12,5,10,6,0,14,7,1,3,8,11]",8b632897441261762121f1d84d4c2f47285bd3814c13ae72fc11eca132a4d107
1032,7,4,4,56,"[14,6,4,2,3,9,5,1,13,0,12,8,15,10,7,11]",d0064e6ddd916d53a8fc14b851ba81eeb8285c3f069d5657a09979b333a3a2a6
1048,7,4,4,56,"[10,15,11,2,9,1,13,8,4,0,14,12,7,3,5,6]",732630dc14ae8d1ec797584fb06ac1436039c64d6534b6984f6cce57897961d0
1090,1,4,4,56,"[8,12,2,3,0,9,1,14,4,10,5,7,6,13,15,11]",2820126a2e4f1f70cf65079a601b334d409e7a367d4c29d235237a0a58b09301
1095,5,4,4,56,"[0,15,6,13,9,10,14,3,11,1,5,7,12,2,4,8]",3bb537c55003d6ad6ef10858e513897a6848c98470eae1ed8a7524924fe88ede
1109,1,4,4,56,"[10,0,5,11,4,8,7,1,9,3,6,12,15,14,2,13]",928aa70e236731e8b9614a56a217439147ff88be0748a5c917546e6e9a77169d
1111,4,4,4,56,"[9,1,12,13,5,15,6,11,0,14,2,10,8,7,3,4]",6b3103a2c07e77f7e0940590cd8403b2ba9e59105e3dab2460019b09139980a7
1115,1,4,4,56,"[0,7,2,13,3,10,6,15,9,11,14,4,12,8,5,1]",28ee0199907d11c4d7dd414d9ee90765ab8d730d7ec56bfee970d65109601b2c
1124,4,4,4,56,"[4,0,2,5,8,10,12,7,11,1,3,13,9,14,6,15]",f6a9038971393fb114c12b07e583f41526d52bf54f4c39227bd66569f0cf72ee
1129,8,4,4,56,"[8,0,1,15,2,9,5,3,12,6,10,11,4,7,14,13]",10c21db8d100974ebc0e5174362f3af7a906c05dde9e5c1ec48081c671fb1a46
1175,0,4,4,56,"[1,3,2,6,10,9,8,15,11,14,5,13,0,12,4,7]",a2962c351b61bb59ef88759a3b2dcef4946cd9ca8f2c854f4a6acd612621ad10
1202,2,4,4,56,"[15,4,14,0,10,1,11,5,12,9,2,3,6,7,13,8]",e1c877c0d77ef25e578443c5c182ee72aba6ef2364fe320be5a35de878325952
1204,3,4,4,56,"[6,11,4,2,8,14,13,12,9,10,7,15,5,3,0,1]",b7042164afd49fa7a9f204d2ecf9eb704016b5ecc2ca37f38f6e7e0b0cc89a0f
1211,4,4,4,56,"[6,5,1,3,2,0,8,9,4,11,15,10,7,13,14,12]",c0d85c7b64c6a47c0a30b92b97805c8c4daf040de2f6240c13aeee0ba6245df2
1220,7,4,4,56,"[11,9,8,2,14,5,4,13,1,6,15,0,10,12,3,7]",b2405c13970a907510fda3765936da3f2c62e32e440c5ed917dafd2b6af610d5
1230,1,4,4,56,"[11,6,10,13,8,5,12,2,0,9,15,1,4,14,3,7]",8edffd73956cdd88524ad5af12e09bfc41edb121e6e08cee90791cacd7063265
1247,8,4,4,56,"[0,4,3,12,7,2,14,10,6,15,5,8,1,11,9,13]",62b68421143c1459b6c5645897d91259b21eb3812c6e4a7389071a4a7b2e6270
1263,3,4,4,56,"[6,7,11,5,2,8,0,10,4,14,12,15,1,13,3,9]",8996c4835c7c658299fa9fb89ffce7423ea13797907d0c0686d41f324677a035
1266,4,4,4,56,"[8,13,7,3,0,6,9,15,11,4,10,12,1,2,5,14]",c372f28e43cc0f12226d284bf1ba3fb2d9e08a23e6491b6f97f1ebe30275a9d8
1287,7,4,4,56,"[5,13,7,9,10,3,12,6,15,11,8,1,2,0,14,4]",2a3bfc1067a8e2b3481b82c17b160b4b6abb422e71c2d44c0ae3f8e180fb4ccf
1296,7,4,4,56,"[9,10,0,1,8,14,7,3,15,4,2,6,12,13,5,11]",5c7809bbe8fc8d43eb17693a507549f65777bdc3097362dddb942af49f1d524a
1370,3,4,4,56,"[12,8,9,4,3,11,13,1,5,7,0,15,6,2,14,10]",1992a20ce96820d64986397179d0803c46e7fbf95156f0ccb3dac9f9b7af026a
1389,0,4,4,56,"[12,14,1,7,2,9,6,8,5,13,15,10,0,4,11,3]",2d90df93844d274a461247d301af78803cffb8f2e815145ae394949d07f954be
1401,3,4,4,56,"[8,6,5,0,14,9,12,10,13,11,4,2,15,7,1,3]",f5ec7306e41beedc221525e9339a4cfab44a7a849f1dfd103ed5c76fa95385aa
1403,2,4,4,56,"[13,10,11,3,7,4,8,0,9,5,1,14,12,2,6,15]",f120ba6bda7704864210c85d551cb2376f70b057204ebc338337d0e90d9b4342
1411,9,4,4,56,"[6,4,11,13,3,12,7,10,8,9,5,2,0,14,1,15]",1f17172860d53d88a533fc156e5acf23edc106a40fa17967c9306c033d0cb5d6
1429,4,4,4,56,"[10,7,5,9,8,13,4,12,15,1,2,6,0,3,14,11]",f0035b0a9d3d62841404268e8d8c77478712efa7e09deb59e735673d6a6abe4e
1430,9,4,4,56,"[13,1,15,0,12,9,2,10,8,6,4,7,3,11,14,5]",846925e314ed7ebea485bca138445bada608b8da43f47a2b04914887700006da
1431,3,4,4,56,"[9,14,1,13,10,8,2,3,6,12,15,4,11,5,7,0]",6211caf1c0f384324e0c57345f3231db03e9491bb2ad300aff00e1023bcbcfc8
1436,1,4,4,56,"[2,9,11,15,3,1,6,10,7,14,0,5,4,12,13,8]",5717285bcbf539c275efa2372ceafdadde70d391dc4ff41fa64e30238a51cada
1440,7,4,4,56,"[8,7,11,2,10,0,1,3,5,13,9,4,15,6,14,12]",c4cb4a76a4323a0d90f55e1799b51e47cc43330552639f7af8570e6f2455e0a7
1468,9,4,4,56,"[13,9,14,2,4,3,10,8,6,7,0,1,5,15,11,12]",1dbc3f9de20797f535ec2cd07a6b23d96796644f691afabc92acd5c72fbf340d
1473,7,4,4,56,"[3,14,9,13,2,7,12,0,11,4,1,15,5,8,10,6]",a406585c59bde7580e683c89a55908703f8620507eda62c79171b7097ccd2ebc
1515,9,4,4,56,"[10,9,6,12,2,4,0,14,3,5,13,8,1,11,7,15]",f0180600d49e2d32cef06e1184a6f61a1ed13efc54e7733b2618c8f331d467ad
1520,2,4,4,56,"[9,12,13,6,4,15,0,1,14,5,2,11,3,7,10,8]",f7b36e497a14eb011f2c10430e2c2cddc7fa9bb0698382384174400e2dc37532
1531,3,4,4,56,"[0,6,7,12,5,9,15,4,2,13,10,1,14,11,8,3]",7ea72dfff6194a6953f6aa8335ecf4ad67d3b7f962cac2cca790a15f3abfb560
1534,6,4,4,56,"[4,3,6,5,15,10,8,14,9,7,13,11,12,1,0,2]",1122dae106436899f1db9a3fbc866a407178bfd0f8f9b87bcd9e36cc9f0ad3e9
1552,5,4,4,56,"[9,7,6,2,10,14,0,8,11,13,12,4,5,3,15,1]",b9381f1d3d0aa3daecc6f1995a671e90acaf523b55aa647a5562f545eb309ae4
1553,0,4,4,56,"[12,15,14,2,10,13,5,0,6,9,3,1,4,11,7,8]",7c692c7da7e769feeeff75fd797cb50fc7a1afaacc5aeddddd10661aac9b4468
1563,3,4,4,56,"[1,13,3,0,12,15,10,4,5,7,2,6,9,8,11,14]",fdf0663671b268e8344629e8d1a744f151dfb6727cba99d90ef6baed1b34d48f
1568,1,4,4,56,"[7,6,11,1,4,3,14,10,2,9,0,8,12,5,15,13]",9bd526057e3b718a7b6d4e4788996495986546cefaa7e57a3cc98f636b9bbe04
1579,7,4,4,56,"[3,0,15,13,10,7,2,11,1,8,6,4,9,5,12,14]",dcb6b6b150947514e38fc186cb67aa68da5a29797b4a4567969f03083437642e
1586,2,4,4,56,"[3,6,12,8,14,4,9,2,13,0,7,5,15,10,11,1]",324d7d94c3ee8b0db5e9e3303eebb63ac4c5a8b0110e781f0a770856258e489a
1596,0,4,4,56,"[15,9,3,12,10,5,1,0,11,6,13,2,14,4,8,7]",6edc66e78733780c2f1b9a334aa6c9f345514e5fc1b9be3871844515b3544a7a
1626,5,4,4,56,"[7,9,13,5,2,0,11,3,6,8,4,10,14,15,1,12]",73ad49d74dc90b6e458282954da1fcf22f7a1a7cbbf137f03057408bd6d65f84
1640,8,4,4,56,"[15,3,9,1,13,12,4,2,5,8,6,14,11,7,10,0]",9ca54075cd125a101183142420a9103f105eab068a53fab3d0f0a0ffe2605701
1644,5,4,4,56,"[6,3,9,4,7,10,11,5,2,0,14,8,15,12,13,1]",543bcdd11eee65b5648945979883c44ca825b8bce944cb1f9ee9cd61f84a1398
1648,0,4,4,56,"[1,2,9,12,13,10,3,4,6,11,14,15,0,5,7,8]",7578706073c46448a379dc4e77aac0019c2ccb271646dc4d2d4b95ed0baa89bd
1654,9,4,4,56,"[2,15,5,1,0,11,13,6,7,9,8,12,14,4,10,3]",87f5ce947dec19808085b3fd2f923f90a5bc06d83a8f384be3d2fa90d83c9f1b
1667,6,4,4,56,"[1,15,14,10,6,8,3,2,4,5,0,7,11,12,13,9]",5a8f31d52394f6a65895150ed6f4bdf8728d87252bd98d4952e835f43affe842
1703,7,4,4,56,"[14,5,7,15,11,0,4,8,10,12,1,2,3,9,6,13]",ed330d58537740fbea8e106802a8ec1100dd5a92c360ef9bfb6ef97c512d8b64
1711,7,4,4,56,"[8,6,3,13,9,1,5,0,10,11,14,4,12,15,7,2]",07931cd851435026cf8555ff33f54415d85eb08a6d38a6209b85f443f9b18cc5
1771,7,4,4,56,"[9,13,6,4,8,1,3,15,7,14,2,10,11,12,5,0]",df317230ab25130b8653f2a9dfa483f620562d10419e75d4980a43bee08123a2
1783,8,4,4,56,"[0,8,2,7,12,11,5,14,15,4,1,13,6,9,3,10]",9b5bd53353da0492a57e5710024a2ee0dd7cca325c7bce246e42c9e6608df688
1814,2,4,4,56,"[10,14,0,9,11,8,1,4,5,7,3,6,13,15,12,2]",dd16da67529bd7a0e93a55c491035637d4b47973fc13bc73476059c78d557e10
1833,8,4,4,56,"[12,7,2,0,9,14,13,6,11,8,15,4,3,10,5,1]",4777e30f8bfefdd34c7a961abcf4fda4883ca272edce0407c6a9d3d8391d5b55
1836,9,4,4,56,"[10,8,1,7,4,11,14,5,15,2,12,9,13,0,3,6]",557b1e1ff63b74e95cb886b1b6c3d9a50c8b76a87f5754e0f82d1bc38d5f43bd
1839,2,4,4,56,"[12,9,8,4,13,5,2,7,1,6,15,3,10,0,14,11]",bae432f488521a78b1ffc32ca6f7c817a16b272559333b6ca0fa625ebfee3d4a
1852,1,4,4,56,"[8,7,5,10,11,1,0,6,13,3,4,2,12,14,9,15]",8c0f8311113266df938c6d0156c02633b1846f9a6a03c7900974e1b5a7921cab
1871,1,4,4,56,"[3,0,2,12,6,5,7,14,10,11,8,4,1,13,15,9]",4efb0d160716bf8770f4cb585fcfd17b577b5eddf4b07d6c759b6ccdf4ab9244
1877,5,4,4,56,"[15,1,6,12,5,4,11,8,0,14,3,10,2,9,13,7]",e47f00c500b2dee1bbe7120064cf5f8055618a04d3a75a31110099f1325f676d
1884,7,4,4,56,"[12,7,9,14,13,10,5,4,8,1,3,15,6,11,0,2]",bdae8ccaa7144605a517f598c37fd9066d5f9d382acd68a8e48d421c3574ae5e
1927,7,4,4,56,"[3,10,14,0,7,4,11,9,5,6,8,2,1,15,12,13]",a63e7d553c01c5bcbb7a20d8c333c4c683a0d8480b5f1c73c606306cb25fe016
1954,8,4,4,56,"[13,2,15,0,10,3,1,6,11,9,14,12,7,4,5,8]",7f7d7911db906e64d4900fc34e139bd55bde36353ab091ccf57f17a53c801b8c
1956,7,4,4,56,"[4,12,8,1,11,3,2,13,6,14,7,10,9,0,15,5]",cdd9e377dace4a374476cda5f7ca39d865c3365a3262e813c16b05913f8b5af2
1960,4,4,4,56,"[5,8,1,3,10,12,13,2,4,0,7,15,6,14,11,9]",87a9c7cfb8eef86410d19d27049193b4d18eb05fc03e29bfcd6eca6837c9199f
1977,0,4,4,56,"[0,11,8,13,4,6,3,12,10,9,7,15,5,1,14,2]",1c15266621f6a0b60ae5bc74abf91071784760940b7d2afcdfb15362293e6218
1986,1,4,4,56,"[13,9,4,7,2,15,3,5,11,12,14,1,10,0,6,8]",7a27fb4e64f0fc9380434ab6a66420d5c89b12489dda0f77322c48964044bb18
1993,1,4,4,56,"[6,4,13,14,1,11,0,15,12,2,5,3,10,7,9,8]",527dc793b8b1341c590ca886442dc464b6b5884ce3fd69d5046d9cc99b694000
2003,6,4,4,56,"[8,1,3,2,14,4,15,9,10,11,6,5,7,12,0,13]",7242228172f2bb0a31bc4c0acc0ec9877d9dfb8af5c79e4d189175b73acb7bc0
2011,9,4,4,56,"[13,3,15,10,6,4,5,0,9,12,11,7,8,2,14,1]",992ded96ea02563b5d03b69e2b877e07518924838f1242bc7a35885cf08bc3b3
2024,0,4,4,56,"[11,7,8,15,12,0,10,4,5,9,2,3,6,13,14,1]",7a98e2c3ed8c6e00f4c8e64f5715fa7ca924088cfff74ee7fe4224e4d81645fa
2028,3,4,4,56,"[5,11,0,3,10,4,9,2,12,13,6,7,8,14,15,1]",db5c7396cea563079ff94c82615f73e236fca2bd7e6f6b123c0b7c05c1eae725
2062,9,4,4,56,"[7,9,11,10,14,12,3,6,8,2,5,0,4,13,15,1]",cf3a3a023a416364620ee053b4acec20644d6b78cd1d32fb4e7fdb7f7ba97dc1
2070,1,4,4,56,"[12,14,13,9,4,10,5,8,3,1,2,11,7,0,15,6]",817a36c9d4db9a3c1847317f740e010dd114fe8fecd00764b1814b0fec5c4715
2082,2,4,4,56,"[12,10,15,1,2,9,8,5,7,3,11,14,6,13,0,4]",83486f4eb7ffa06ab566a95c63ad5b7468463ca47bd4b7170bb3adb6d1016e57
2095,1,4,4,56,"[13,2,10,6,3,14,5,0,4,8,11,15,9,12,7,1]",41bec4cdb70ffb93a308e3ada4f6bb301ff0baff6a1b23da60a87210ddf66df2
2109,8,4,4,56,"[8,5,10,14,0,15,6,11,7,9,2,13,3,12,4,1]",83113ae39f5cd42800b973c463f5a59d6e504109314ba8dcf6f96052ceaca1d9
2114,9,4,4,56,"[6,3,0,7,9,8,4,2,11,1,10,12,14,5,13,15]",d6d9c004b5a0f45029f686238df0c92e721834f48a06a7626fa003bf3906d60f
2116,1,4,4,56,"[15,1,9,13,8,5,14,12,6,0,10,2,3,11,4,7]",65a488042dfc1c2f3dd6b03a9bf9b5cd785438c9ac3abd71d820f72063f30f91
2157,1,4,4,56,"[10,8,7,9,11,15,5,2,4,0,14,1,13,12,3,6]",d58110453959844c72a9cad33042f5bc1f23bd001b9a2fc72dc89c10e3942409
2167,9,4,4,56,"[15,10,7,8,6,9,4,11,1,0,14,3,12,2,13,5]",ee507fd510a7e62b34ed0bc3fb4cbeb70857b96c85a9916b8b9cd6e95cdf7fc9
2178,1,4,4,56,"[6,10,14,12,1,4,2,0,11,5,9,15,7,3,13,8]",dc66cfd20cc5bef0777012e1e77704acfecb791bf290fac956093d78f8c0921b
2191,8,4,4,56,"[14,4,1,11,0,12,5,3,6,13,7,8,9,2,10,15]",0a3cb816c013db21b0f83dfaf455ed8a6fb3b35db6074ff86ae4f4c3fed6f410
2230,8,4,4,56,"[7,6,2,5,11,10,9,12,15,1,0,4,13,14,8,3]",a17552a68290874ebc8eafbf9a69cf0d3ab28524b8cc909e33a7156d19c0eb3c
2242,0,4,4,56,"[1,7,12,0,3,2,5,10,8,14,9,4,15,6,13,11]",557ca8bc888914d03a8323decbe038f1dace381e6a33f93b3deb3d5d9204b43f
2265,5,4,4,56,"[15,11,13,12,6,10,8,5,3,14,2,0,1,4,7,9]",44a0544cf0a492dd0a7f9790b2f8747732c9b5c05d87817b84cfa222a40063b7
2268,5,4,4,56,"[3,5,2,15,4,10,7,14,12,0,11,9,13,8,1,6]",a4565a823f90788212f2c7924cf675e6e247ccdfbc79c57ede9f25af80e23db7
2291,3,4,4,56,"[5,11,8,10,7,15,13,1,14,3,12,2,0,6,9,4]",e0f7b158baa4239c7666ec6d4062e11e64c7053f5eccbc6609e7288812b42947
2334,5,4,4,56,"[13,7,1,2,3,14,6,12,8,0,4,15,9,10,5,11]",16cda9a57c99c1081de5b7b81b3c81a839b089bfe61bad55261fc3cb514482cb
2340,8,4,4,56,"[0,6,12,9,14,2,7,1,8,10,4,5,3,15,11,13]",adc04f252076a05338496f06862bb117ace4a0508cc5f928734d857306bf9aba
2342,8,4,4,56,"[5,8,0,7,6,10,13,12,1,4,15,9,11,2,14,3]",df83b79e556a80374d8d073918fd2caa839d0818b1c66d7d75d8d2830854f72a
2351,9,4,4,56,"[10,11,12,7,13,14,3,2,8,5,4,15,0,1,6,9]",adc20b95f5ef22d52486b187cd1f43e10e8cba90f4d0b74a9e45bc0f81f171c0
2391,5,4,4,56,"[0,5,10,8,1,3,6,12,14,2,15,9,13,4,7,11]",499649e6288d536e4c7f639b9c9773c009908f3a402cc441c6914bbb44a0699b
2392,2,4,4,56,"[13,10,0,12,2,1,6,5,11,3,7,8,9,14,15,4]",8fed17079766f7f66b112b7b680edf4e39d69bd8e6928c00b167efa1909cb144
2399,4,4,4,56,"[12,2,3,7,1,5,0,14,15,11,4,9,10,6,8,13]",8047a75fc34022ceb9c483d9367957c6103255ad06bf67625c9566713cb5c335
2414,9,4,4,56,"[1,10,6,11,14,2,8,12,4,9,3,13,5,0,7,15]",a5f13a7db1a9ee8aafec72987411a1b16ee614d5ad6a04798b3b2fd0e86a7668
2427,5,4,4,56,"[6,11,1,2,12,7,10,13,4,5,8,15,0,3,9,14]",8fc6991df79838db6d780e0e083d5108ba2a3844222a5fbf0b0ab0784ef1cb4c
2458,5,4,4,56,"[1,4,11,5,2,12,14,9,13,7,0,3,15,6,8,10]",0ac937d7a49ef1b5663fc7469019d4a0f41a16360f793f9c417d753ccd126eed
2501,7,4,4,56,"[15,11,13,0,3,7,8,2,5,14,1,6,9,12,10,4]",c39ddd0b73b101a306c7b08fe760863c36166d004a3fa36aeea0663b20ac6dc8
2502,2,4,4,56,"[2,9,4,14,3,13,11,8,6,7,15,10,0,5,1,12]",6528218e5a03d01bb315f3c4c9f090f862fed818c3f5d76790af2f9f9ffb20ff
2536,3,4,4,56,"[14,15,0,3,6,1,11,13,10,8,4,2,12,5,9,7]",98af5ca9597e604db4836dfa6137b428b05cf251edf38fc8467337a3342c01e4
2539,3,4,4,56,"[4,13,15,7,11,10,5,14,3,2,8,12,1,9,6,0]",5be601f0057e9d4444668f8782e55c0732793dfe6e3cc03fcd74e9cdcecf5d64
2610,6,4,4,56,"[5,0,3,10,4,11,8,14,7,6,9,1,15,2,12,13]",61f4a98a55d6c5c7472ce6af2d744283cdadc0a90cc77e0dd04a1d9678aef125
2623,5,4,4,56,"[10,4,15,6,12,11,1,14,9,0,5,8,3,13,7,2]",68be9b59f4e2f5300f9f36fa0e23bbfad384553fd497615e6028ce403abc7599
2655,9,4,4,56,"[9,4,11,13,6,14,2,1,15,7,12,3,5,8,0,10]",b10bd8b3147bb85f6a89784bfa6775fa3247e17731dc608bea8db3df444a2c5d
2668,7,4,4,56,"[13,12,6,8,11,14,4,3,5,1,0,2,15,10,9,7]",1adb36e43fee320edfaa66574ef47e8d094285ea7db32ef1ba8940780132da47
2676,6,4,4,56,"[10,0,6,8,9,1,7,15,12,4,13,2,14,3,5,11]",b374b10ad373a37175f7eddeb4093396bdea5db3c1a592c0db5fb77b6ea20ed9
2687,1,4,4,56,"[7,3,13,5,14,1,10,0,2,12,6,15,8,4,9,11]",18bd496e12a54376fadae11383a70fed73e15f05f25924372341af76b46f23d1
2690,1,4,4,56,"[0,6,7,8,4,10,9,1,12,15,2,14,11,5,13,3]",0993b9299013b75e39b487902c3a2933b5cf658b653637712d2e71d6a5de7c41
2704,4,4,4,56,"[7,9,12,4,13,5,8,10,6,2,15,11,14,0,1,3]",3bb7cacbca18fd13c80d2f87239403a41b668408e2b5df04dcb513a97954defd
2745,8,4,4,56,"[8,7,4,2,12,15,14,1,0,5,6,3,11,13,10,9]",d95d8dde47c844b1ac8a161b3ce052d94c5e2f0b2ef034832597d94026b33dab
2746,7,4,4,56,"[6,15,13,2,5,12,0,10,4,7,1,8,9,3,11,14]",9e53a9c11783f60935ad3b05a360c1b5754dc572b175c8d74a3ba6f42acbdc32
2750,0,4,4,56,"[4,3,6,7,13,9,0,11,12,10,1,15,2,5,8,14]",c096eb50e07ab63958f0f47fb83a909f0a936a8d657b1c17ef0d96e7e59d8481
2754,3,4,4,56,"[10,8,5,11,15,13,6,3,4,9,1,12,14,0,2,7]",ffa3bdc37302c42a93e7ffa41bbf253b21cc4e94ff90d10754ef9c4cfadd612c
2757,4,4,4,56,"[12,7,10,5,15,11,8,2,3,9,14,1,13,4,0,6]",b788a0e047a1ded16390235ecdb273b9c5ed1ce3abe50b5266b9da56a771e1e9
2766,5,4,4,56,"[7,2,1,3,5,8,6,13,9,12,15,4,10,11,0,14]",690ff7536c77bdef81f0f42e7e2ae9449cc921f72302173615e7b51755edb86d
2807,5,4,4,56,"[8,1,3,15,7,2,13,5,6,0,11,9,10,14,12,4]",f000c306b4ebc27f24fd01e791789bfbce75b20759e5057b3f76c897b3f699cd
2844,8,4,4,56,"[12,2,3,4,6,5,10,0,11,8,13,14,1,7,15,9]",1d48e98b00de9dc621ad7017cf1b2007a63e33c93f18df48996f9df1d8501715
2854,7,4,4,56,"[8,4,5,12,1,6,14,3,15,11,2,13,0,9,10,7]",85e81988efb6880546e7d38c6f76186e3e3ae2d238f340af91c91c5a095d3083
2861,3,4,4,56,"[1,15,12,0,13,9,11,3,4,2,5,14,10,8,6,7]",601e2a0be9fa0dc9a5ee9290e74f8ea6832338595b95462531f434bfd000a662
2888,0,4,4,56,"[11,9,15,14,8,7,0,2,13,1,12,5,4,6,3,10]",571a4c8ae425e523a4368953f7753cd84a082d2b6c80824dd0c291c069b9da2d
2898,4,4,4,56,"[13,12,7,10,1,5,14,0,11,8,15,3,4,2,9,6]",6469d51438388498e5811984cfd9b4465500d08faee1eff8ce93f8e416270f60
2950,5,4,4,56,"[0,5,2,3,8,15,9,1,12,14,7,11,13,6,10,4]",295b84b4a4c0d35d7e485a7386cb183406a4f8d93d6ce18940ac582e1ab44ef9
2958,6,4,4,56,"[1,3,0,9,2,15,4,6,10,7,13,5,12,11,8,14]",a8ee9438aec48ced53ad765d6bc455808cdaeaeefe71e992fd8b4e9694271c19
3015,8,4,4,56,"[13,6,3,14,12,5,2,1,7,15,10,9,4,8,0,11]",452ba31060a9503529b747ba9728039daa1dcf3ef55cf5b67d436beef1619dc6
3024,2,4,4,56,"[11,12,14,9,4,6,13,2,3,1,10,15,5,8,0,7]",d41d576e211747b729b915d2d119ea99a9082dd7ec81fc9abc244bdf3dc25cb8
3025,0,4,4,56,"[6,15,10,9,11,13,8,5,3,7,14,12,4,1,2,0]",92197420715cc2194be48c8f8e717c6ceacdb56e308347b08706c44de8706976
3034,4,4,4,56,"[5,10,9,0,7,4,8,2,14,1,13,11,6,15,3,12]",1fa5e9f885bb65f1d0595e6b92d450f64861ebcea1db7886c11343c14f38d3d8
3067,2,4,4,56,"[11,12,5,13,7,2,3,4,0,6,10,9,14,15,1,8]",493fd3447c03e2d5431726f32d42ff6a9228d1294e57227f7767b32121c09fcb
3078,4,4,4,56,"[8,15,10,7,3,9,12,4,14,1,2,0,11,5,6,13]",382f91b6e6dc870d0ab6ddb967942ada4f5a90c058f1dee062fd5f27c22f6590
3079,1,4,4,56,"[7,15,12,2,1,14,4,8,0,5,6,11,9,10,13,3]",e68a75e3866d6683fbe98283e9874f06eb72dc1cd0e93b4273f8fb450d110b8f
3083,0,4,4,56,"[2,11,4,5,8,12,14,7,0,10,9,3,1,15,13,6]",f0d0cdbe4b6bee396c9543a76a5bd2b6bb968c667d5be1c8ddb48eaa7de3cdbc
3122,4,4,4,56,"[13,12,3,9,5,8,14,7,2,1,6,4,15,11,10,0]",16c594155edb6f0f1963bf352c5991b6f66caa639c9df706123b7f6bca731aba
3153,7,4,4,56,"[5,13,12,2,14,7,10,9,3,0,6,15,4,1,11,8]",b25af1c778414d478de1d79bedb0e9c781c930af9c918961701cade72ab30c58
3157,8,4,4,56,"[0,9,1,7,5,14,8,4,12,10,11,2,15,6,13,3]",e4f03c9aa43dccf10892f6906dc1a60db6258fcd6436563b265e6c867b4d44b2
3163,2,4,4,56,"[3,12,6,7,1,11,14,9,2,0,5,13,8,4,15,10]",7aed8c812d27ca684b527d8598b9ee2d632170400ca60ea5a6185b77e2302a4e
3179,4,4,4,56,"[13,3,12,1,10,14,11,7,5,15,2,8,4,0,9,6]",588a6d44e0c008bed9befa03c3cd7120d3560078c7bb3aed5975e016a439090d
3191,6,4,4,56,"[5,12,13,0,3,2,8,15,10,1,9,4,11,14,6,7]",ada8a5821c29e3d8c55cb661c920f7a37315dfd9334e569ddd684c46627e35ce
3276,3,4,4,56,"[6,2,7,9,5,14,12,10,11,8,3,15,13,0,1,4]",f901b607884775164ae4898c1b2080d4c590fa4c1d33c8a28e61d616d4d4455d
3287,4,4,4,56,"[11,4,9,7,2,1,5,13,10,15,6,3,12,14,0,8]",5954415d06e75627d4c911e069fa5c39a382eb037269c978f4220e7733f338c1
3288,7,4,4,56,"[8,6,5,10,14,13,0,3,1,2,11,9,7,12,4,15]",c1ab58b255e03ce89f5c43568ea4a77ab49368b94cc22f129a5ba9269abb06b0
3292,6,4,4,56,"[15,13,10,1,7,3,5,8,12,2,0,14,4,11,6,9]",71628cdccf175f1bfe3457a7840a2d5c3ceb3671b0e8b5aff215a6c26e27a7d8
3318,9,4,4,56,"[10,7,3,4,8,0,15,14,12,5,13,11,2,1,9,6]",9b1ee5bb1c7debfba6f604f10cafaafaad5568620a2aca41cda1bb3e6be37ebe
3347,0,4,4,56,"[5,2,7,10,8,11,12,9,6,1,13,4,14,3,0,15]",b909701985ae32531e5611d24197ebd8e94f54565bafa5781fa38ef187827a93
3353,5,4,4,56,"[8,12,4,3,13,11,5,2,1,15,10,9,6,14,7,0]",2ba97f85cdba32d5bd0cdd51032a789b62bc32e314c08a3a11dcc107078339d4
3362,2,4,4,56,"[1,11,0,5,3,10,4,8,7,12,13,2,15,14,9,6]",5da18864059831186a0e4fa11fb09e440c10d7572e4ec4452078306dbc1c2abe
3365,4,4,4,56,"[12,3,2,6,15,14,11,4,8,10,0,1,7,9,13,5]",6c215cd18e62e067c85ca66de799ff05bb310c06269c9a133c377387bd5b6a87
3375,3,4,4,56,"[12,15,7,9,13,11,0,3,2,14,5,1,4,8,6,10]",009a8837fb625af79542076dbad9f6d989c8e7c637861713b4d2b1c7d82f80a5
3383,3,4,4,56,"[13,9,2,15,6,0,7,5,14,3,8,1,4,10,12,11]",bff373de4042a092e3a9831ce623b2c5bba4d3e6cf70bc60e39c3fcfc7dfb89e
3404,7,4,4,56,"[14,3,0,10,12,11,8,13,5,9,1,6,4,7,2,15]",196400b9922625af077135fed35998069a06b79925cd5bfb3ebd9b6bdbb9d89e
3412,8,4,4,56,"[12,9,11,1,8,0,7,14,4,5,6,13,2,10,15,3]",38f44e58bfde6ba0ec1966479d9de6985554a3a6f3f6dcff928ad54614cc3046
3413,1,4,4,56,"[15,2,6,11,14,3,1,5,0,8,10,9,4,13,7,12]",b77d76df0ceadfc1584f5ac7b3f09a772f3ccfdf3c8b7d563077ec0f0b426f2b
3418,6,4,4,56,"[15,11,0,2,13,7,14,6,10,5,12,9,1,8,3,4]",49ddb8d94364d9413037934e519583e1d3afe90f33fcd97a1c9fe7799d41708f
3437,0,4,4,56,"[1,14,10,6,3,2,9,11,12,5,13,15,0,8,7,4]",8fcc42fe9854dc8fe63c352a8ffa68852068dc5b53def947ef9aa8d29e688a0f
3446,7,4,4,56,"[11,12,7,15,13,2,14,8,4,6,9,3,1,5,0,10]",5d62f9e532f1f2f5d54b652798a4b30dea1e13a6962619e491cf0c62c3d10261
3454,2,4,4,56,"[3,10,4,6,1,8,14,5,12,2,15,0,11,13,7,9]",85f0643b6c18bde13fcf69269d7a5f782736e4ccaa901570f7bde3dd4a6513fa
3455,0,4,4,56,"[11,5,8,0,10,12,14,9,4,13,2,7,15,6,3,1]",7be61d455348b4cb19143bb7c515be0815a33adc33adfa6541ba95eed88529db
3458,4,4,4,56,"[6,8,3,15,0,12,5,14,11,13,1,9,2,4,10,7]",91de720d52ec6381994ee05c1196cc0eafa5c89da0b4c584277c5e99d6d7b8e4
3467,7,4,4,56,"[8,1,4,10,6,13,15,14,2,3,0,9,11,5,12,7]",b17126792fabe5a37885a2a3eec1e24fabd3849ede2af91ec934316880e596b9
3491,1,4,4,56,"[6,0,11,3,2,15,5,7,1,12,4,14,10,9,8,13]",6d6e2cced3d0b4c6005611f9712f57e4d58d7b488d65f34c37d49cd30931b392
3494,6,4,4,56,"[0,11,5,14,13,7,2,9,6,3,10,4,15,1,8,12]",9b093e0c09bbc6b893ec7e9045197e89d486ad52f61352e221e3d3040eb7d39e
3512,4,4,4,56,"[3,8,5,13,6,15,2,10,12,14,4,7,9,1,0,11]",b553233060bc08f0e82469920e0e2211a7175aa88491f0e5e95f07705da72da6
3515,6,4,4,56,"[8,2,10,1,7,3,15,14,4,9,11,12,0,6,5,13]",ae1b7c87125909651319cf5c324a53a1d588a03343fc2d966b8041cf17d8e8a4
3542,7,4,4,56,"[7,1,12,3,15,2,11,13,8,9,5,6,14,10,4,0]",7d8854c1e5a020f3371b4879462b9ffcdb5464a7c117f980581adbec1978f43b
3550,1,4,4,56,"[1,7,13,11,9,3,14,12,6,15,10,2,5,8,0,4]",f884fa8c396ea927e8ce31048e270491889e2df8514e1dbd84d1f38fc1f302e9
3562,3,4,4,56,"[11,4,1,2,5,9,14,0,7,6,8,3,15,13,10,12]",ca1340a95ea9b044393accda6a0af3ff32bf90f287e13f396f013f1a8fa95b2d
3755,2,4,4,56,"[4,7,6,9,15,0,14,12,5,13,8,3,1,11,2,10]",8cc2541724e7f606a8ec19a83cada064ad03ed56917b759bda9bb80781bd7ce6
3763,4,4,4,56,"[2,7,1,15,10,0,11,13,12,3,14,5,6,4,8,9]",957efe42173423149f1afb2ed28427553c7b6123bfd16acf053e0915e84cb0e8
3777,6,4,4,56,"[1,14,3,11,13,12,4,0,10,15,6,9,8,5,7,2]",398b9d4701f6630a8f4ea136d09ef854110a55623ccc924d3520026b031cde1d
3778,3,4,4,56,"[14,10,6,15,1,0,13,5,4,9,11,7,12,3,2,8]",6661add8aceff46a61584dd3d0537ec023eec6dea5decef34456563ebc7a5a2b
3779,6,4,4,56,"[15,7,0,3,9,1,14,5,4,6,10,2,8,13,12,11]",9b026d8d070de60cf69ea154ea0eb016c9482f126a5fa7cd094c6c3be9397742
3844,6,4,4,56,"[1,2,13,9,14,7,11,4,12,15,10,3,6,0,5,8]",27f609d45388a41b8aa4579f71dd10a0e0015d9cecf958bd669c14f27fe4a70c
3851,3,4,4,56,"[14,1,11,3,7,0,13,6,12,5,10,9,4,8,2,15]",6fd9f98af0a5101b2e914b1f30988d981680d033b841866a2d3326ba091a28dd
3852,5,4,4,56,"[4,1,0,2,11,7,13,14,9,12,15,10,8,3,6,5]",4414edb3391d7fe9641b733042822a893930e70cbabc33495cc6631579c1667d
3863,5,4,4,56,"[3,1,4,9,10,7,6,5,0,2,8,12,13,14,11,15]",56384d5ef5b0b191d2d66dea8bb47cc3f2041f0356860cf2f9b6940a6f57eb0b
3867,7,4,4,56,"[11,1,7,3,12,2,14,13,8,4,0,10,5,15,6,9]",74d4f8c6e60b71272dea5e1899324173b55ea4edfd50b614085a0f65ca45e1dd
3876,0,4,4,56,"[12,5,9,10,7,0,4,15,8,1,6,3,14,2,11,13]",22616448e2accbb790f3a34d01f8bd6e430e6eb12ee7ce08a02b9c4fb96f1a6a
3889,5,4,4,56,"[14,12,8,1,11,2,6,3,15,13,7,5,0,9,4,10]",5b77272d0a6e245817f2e64dbfad8de55a3cd8c874d2756b812d2c9f00d23325
3891,4,4,4,56,"[10,8,13,1,9,2,0,15,11,5,12,4,14,6,7,3]",8b2da58c3203726a491ba4f08656b572bf7f656eb6bde2fd1ecb6089da0dc794
3893,9,4,4,56,"[3,5,4,2,7,1,15,0,13,11,9,14,12,10,6,8]",73e1df2002907b5781673c502231380c2c62f5d6c305e34eb8ea77cad6a4eb3f
3905,8,4,4,56,"[10,13,1,5,8,6,2,3,15,11,7,14,12,4,9,0]",ff6873361b2f44bb2755baf2fc12cfd9ab89dfb808821b8bcf6b61e11ace6c92
3914,3,4,4,56,"[14,2,0,6,10,7,1,11,15,9,13,12,8,5,3,4]",c9a0fbe1743bf2ea5d89d00e959395ae5ca55cebb6cc2ccaf77f5663921b92c9
3937,1,4,4,56,"[11,8,1,7,12,5,9,14,2,15,6,0,13,4,3,10]",5375852fd2722ba95a3a7b8e14ef9a2f6ee78a464ddde406ae6781ebb62382b1
3942,9,4,4,56,"[14,3,11,15,13,10,12,9,5,7,4,2,6,1,0,8]",e46159349d13378c6cfca6f636d6ff0c51ae7ae31c416b2b1ef541f9e1672a01
3948,8,4,4,56,"[9,3,6,10,5,12,11,2,14,1,0,13,8,7,4,15]",139e094a93c145921215ce11c24a19d2771e1bb683d3af44fba0cf2adeefedd9
3962,6,4,4,56,"[0,12,9,10,13,3,5,1,2,6,15,14,4,11,8,7]",9162b8fe9317e6b7efdd1a1dfa1a2eb45fcbcf7901b1e8a128d963466353a42a
3965,0,4,4,56,"[0,5,9,4,13,6,2,1,14,11,3,8,7,10,12,15]",cfa36d44e5cacbdf2df203ceb696db6fcdb3c964f691507c5ebe58ad1f467332
3994,4,4,4,56,"[15,0,13,2,11,1,3,7,4,9,10,14,5,8,12,6]",fb1eaca73701dbfe0177c4a892ef6582cd08ed454245cef11db4f62335e835c1
3996,9,4,4,56,"[2,10,1,0,15,11,3,13,12,7,8,6,5,4,9,14]",fb9d8319cd64ce6edb205c31f2297620c6b7b3e076eec82d031af0b351bcd880
4011,6,4,4,56,"[6,14,7,11,1,10,13,15,5,4,8,0,2,9,12,3]",9d6036cc5910b5995b9359d93e0819e140ab676611279cea4f13142df75260db
4023,3,4,4,56,"[5,9,8,2,11,7,12,0,1,14,4,10,3,6,15,13]",7a8d1f8f599e298cf6e915c9281e4f2dc503ab6a2da11f61cd10f3d822b36c08
4054,4,4,4,56,"[9,6,4,13,2,3,15,11,12,14,7,1,10,0,5,8]",67a188032959c58a209907f085aaa47a0b6ae56931c3be1f113fbec5508e8605
4065,2,4,4,56,"[3,15,8,0,12,10,13,2,14,9,11,6,4,7,1,5]",0504fef08ca47f6ea50f695b32e45ab656eb007da3719833dfd8e72f4db9600f
4069,8,4,4,56,"[13,10,5,14,0,11,4,9,2,12,15,7,8,6,3,1]",44364191ed16a4d37a82886c60f5d6cc6a789bb85a7772232bf41c5d428b4f4c
4093,6,4,4,56,"[12,3,4,7,2,5,10,6,9,8,15,1,14,13,0,11]",d014c9eecfdd46d11d682753b6d850ca5f166eed4cfe0bff598f8b04aa398a79
4094,9,4,4,56,"[14,11,13,7,0,2,9,1,3,10,12,15,8,5,4,6]",d29da37adae5f4213c9f022679c9b931082f00a5383258f4067f38addb0da233
4106,5,4,4,56,"[12,2,1,6,10,4,13,14,0,7,3,8,11,9,15,5]",72d4932bb55ec869e60e79d1f3da49c5bef06aa7228d33c87b8b776f5621fe15
4130,0,4,4,56,"[1,3,5,13,2,9,11,14,10,6,7,15,8,4,0,12]",bb760842342f44bf8b294c5895e7b8a5be9075844230f665077e5c72c6fc872a
4168,3,4,4,56,"[3,14,11,6,9,5,12,10,1,13,7,4,8,15,2,0]",6bd7d1e53fbe060d1df70b206d1c1e445beb034ac9bedd25b40c2b489c22c8b9
4170,8,4,4,56,"[13,12,4,14,1,0,11,5,9,15,6,3,2,8,10,7]",92d26841f57ba8da4a8a3aad857a6f8fa2785023933107b2c3bec2cecb9304b7
4172,7,4,4,56,"[15,6,7,3,12,1,2,13,4,0,11,5,14,8,10,9]",f344983832caed55c659ee0eea0801acefdbeb8f5e86a0cd871019338c84c978
4177,8,4,4,56,"[2,13,6,8,4,14,9,11,0,3,15,10,1,12,7,5]",12d40bcb01fab24525302c0f60edd43a6ad707d42250ab82296486243d3c10c7
4215,3,4,4,56,"[9,15,7,12,3,4,10,1,13,11,5,6,2,8,0,14]",5ca967b33d79c3d58b5353c26cf9d20426343f02ec2aa5897322ad9a142412a3
4229,3,4,4,56,"[11,4,9,10,14,6,15,8,12,5,1,2,0,3,13,7]",6a1c4d6d0dfecacac303975a22c4894e4099b7b09f250b02c2a25ee9439ce487
4236,7,4,4,56,"[8,13,15,9,5,11,7,14,0,2,4,3,6,12,10,1]",7be916cc0c75a5ebe8ef658bdcd69fca421ab4012e7e1de564813221ce7ff2f2
4242,8,4,4,56,"[6,4,0,3,12,13,15,10,14,11,2,8,7,1,9,5]",c5fae038d021faa1191711569943641f77376f39aeae3292b7421dd69e519fff
4254,6,4,4,56,"[13,1,10,4,0,2,8,5,12,15,14,9,11,3,7,6]",6239126020d57c162b2f42df149e0164f56aa3d28d7ee034ae111a40da6e2d2f
4290,5,4,4,56,"[8,13,15,7,10,3,9,5,4,6,14,0,12,11,2,1]",84c34a35049b0ebab603dd40bd660015ad1e48e04f6c2944eda0c95b0f21d093
4298,1,4,4,56,"[12,7,14,11,0,6,5,13,2,1,15,8,10,3,4,9]",a425c76b9a37e4ae42e054dfaec265f986fa989cad4f6e4355becd6938461b28
4308,7,4,4,56,"[13,1,10,15,2,7,6,12,14,5,3,4,9,0,11,8]",24e3565d157bfe74d5140cf24514a71d7eca8ee43d88247b645476d4334440c3
4311,8,4,4,56,"[10,12,1,0,5,8,6,4,9,11,3,2,15,7,14,13]",e5687efedf3c9d732c8064a5d40f317ef494121caf892018cfe722b67f6bf797
4323,3,4,4,56,"[13,5,6,1,9,4,3,8,14,12,2,15,0,10,11,7]",f6411deabdc25d69514ce2625ad3a9d9c504f96e802d833d247b5f6af26a8d16
4330,3,4,4,56,"[8,12,3,11,7,13,0,4,2,14,10,9,5,1,6,15]",5c81f4667662475e110f509b7e1912bbd9f19b036f3f65fd3650c02c53fd1fad
4341,6,4,4,56,"[14,6,1,13,5,2,9,8,10,3,0,7,11,4,15,12]",7ead448d7542c58591fc4f1d9bd4338dda54c32379fc985ccd937c38fddb43f0
4355,8,4,4,56,"[8,2,0,3,15,11,6,10,4,5,1,12,14,9,13,7]",8a5e112f24afee5b9599f6a0c01613908cfecf849c9dd1fbf54e95d8652b273b
4399,0,4,4,56,"[8,2,0,13,15,12,14,3,1,9,7,5,11,4,6,10]",9d8c4fcb26a66abc3a2f40bfb76e90ebf08fdea0ee4cec48689e8ee780d6b414
4403,7,4,4,56,"[13,11,4,9,8,12,10,3,1,0,2,6,5,14,7,15]",7c161ce64daeed13ec6979c8119c06cf15e24c32e3f39a95fe6a7f9bd658ff14
4411,6,4,4,56,"[12,0,13,6,15,4,8,14,5,2,3,1,9,10,7,11]",8108a4d9b6a84e6538cb9660574b37de3243b8824b65cfe226ed1580f870f289
4449,9,4,4,56,"[7,5,0,8,4,12,14,6,15,3,2,11,10,1,13,9]",b78058cdbcfb61cdf32a1d1174c583c2d589910e530e7f6417b25d4cd3e5f207
4463,3,4,4,56,"[7,15,8,5,11,13,0,6,14,9,3,2,12,1,4,10]",b8eb8cf762849b204583f13928f5a5d747cfb3f46dc49664a1424e3616f246e6
4531,3,4,4,56,"[5,12,14,4,10,9,8,0,11,6,2,1,13,7,15,3]",412c0994d459d90c95a84b7b13fd583faa3fbe7d5fc2e55b84419aa199be8718
4539,0,4,4,56,"[9,12,11,1,13,7,4,5,15,8,14,6,2,3,0,10]",b2b9df9a34af40500a78e81601bfdeaadea9cd77e301312d2372484d1a9a7660
4547,5,4,4,56,"[9,11,1,14,10,8,12,13,0,3,15,4,7,5,2,6]",b99b262c2de183d2c5509f8404b21e4e6bb2d33318a3e10a774106494fd900b0
4552,8,4,4,56,"[2,5,0,12,4,8,7,13,6,1,11,14,15,9,10,3]",b79c427f93ceb4df7b509f1852d7809a4818cea6bc97a7693c6c65eff113457b
4570,5,4,4,56,"[0,4,15,13,7,12,11,5,2,6,1,9,8,3,14,10]",69cde1037248d3555d34db68c5655cf9c70644fba5e7808cecd5a20898900bd5
4590,3,4,4,56,"[12,15,6,11,8,10,5,3,14,9,2,1,4,7,13,0]",ab12154e328bb7efe4a971a6fa304513e841efaf1c7a0790a67db2792723de02
4609,3,4,4,56,"[14,13,7,12,0,5,15,9,8,3,4,10,2,1,6,11]",74cf461175e1f1f3c5975ce6ae58765f2da124a7f4e49365c3f2e0e5bbdb6d83
4615,0,4,4,56,"[6,13,5,2,14,0,1,3,11,12,7,8,10,9,15,4]",06a16e33fe42b480138d65c741347de8b1d2467eab1e47a2db15bb109f1eefb9
4617,0,4,4,56,"[3,0,6,13,10,12,5,14,1,8,15,9,7,4,2,11]",880b424a7727a4dae9a4cc4a305e41d9b008cfca935648375dddbfc276cebff9
4620,6,4,4,56,"[10,11,13,15,7,3,8,4,9,0,1,5,2,12,6,14]",0898d4583ccab0dfa9b280bffe9c8aa9755bcedaaf54cf5cdf5ecebab7fcaa17
4629,4,4,4,56,"[13,6,1,12,9,2,10,15,14,0,7,8,3,11,5,4]",5afcb91e84154cd066ed626dea6a3952e9068cb79df8aeb31c75b0576904066d
4640,1,4,4,56,"[15,1,8,9,14,13,7,12,3,2,5,11,10,6,0,4]",adb0f35775a9a18447181d82a9fd0b19e399b38dd8405395a559d9eaffe340b9
4642,4,4,4,56,"[10,3,9,0,12,1,11,6,14,2,4,8,15,5,7,13]",be652273b7b876ec2df4a395b54cdcb04a3a0381390ab2caf1020d5ec4d56072
4661,7,4,4,56,"[13,15,8,0,12,11,9,3,6,7,10,1,14,5,4,2]",ec6c10d7d3300ed8538a3bde17e1c8b987a7ce572089c021cbe81f1d31a1c58a
4662,8,4,4,56,"[15,10,7,4,1,0,14,11,9,13,2,5,3,6,8,12]",230b1d5e2f33b2191e0140c3a42bc5772cdb15d574f87442dc83e94477ad9857
4675,0,4,4,56,"[4,15,0,13,8,1,10,2,7,11,9,12,5,3,14,6]",9415fd3348786b9741fb6d0e4ed32dd8cdf7c6c127bf828607c0c0a052922b97
4676,8,4,4,56,"[10,11,13,8,5,14,2,15,12,1,9,7,4,3,0,6]",d3cb4dc65bf11b1423cef3c0126affc8003792b3d7d1f716edb6ef49c4d20d5c
4704,7,4,4,56,"[5,4,0,9,7,15,1,3,14,8,10,2,11,6,12,13]",58fc947dfe3a00ffe6e450bf80616545f9c49cabf3e4a4973c6dc1b0fbda7083
4723,9,4,4,56,"[5,11,15,3,9,14,4,13,1,2,0,10,6,7,8,12]",480db2e78dd10e463a975113bac5bce13fb921db6c086f602b2465bf9caac7b9
4731,6,4,4,56,"[14,2,9,10,12,8,15,4,11,1,6,5,0,3,7,13]",fca88de9efec8ec62ba06f94a0a4d29c8cd7922b92330a6ccc849d5b32caef27
4735,2,4,4,56,"[3,2,13,8,6,9,12,1,11,5,4,15,10,0,7,14]",f7353a4d1a603d833b0ed9cf989ba7f3c87898813dba9bef10f9902eb2da5b3b
4740,4,4,4,56,"[5,3,10,12,6,14,8,4,7,9,15,11,0,1,13,2]",12637125975e6d98dab3d55171fdfa2adadf05d504eab6ade565be209aed84ce
4746,6,4,4,56,"[0,2,14,1,12,6,5,3,7,13,15,4,9,10,11,8]",c438e776013370421520c4ecd86eaa3c40921061b90bb760760376928bbb04f4
4748,7,4,4,56,"[11,3,4,2,0,10,15,6,1,9,8,5,12,7,13,14]",926b4ead1df061ee8d405eff24ccc2887321d09b373c03aa876507859af75673
4754,6,4,4,56,"[13,10,11,4,12,1,8,5,7,9,6,0,15,2,14,3]",f43fe9d4e2c66788fb52074b0000732d9605f34342275b2cc50329ad9cb63639
4785,0,4,4,56,"[0,2,5,14,13,1,4,12,9,3,11,10,15,8,6,7]",9d855ac95a5d5d1526710110e8efed492246918408d091770d827cdf6713b682
4791,7,4,4,56,"[11,14,6,1,4,9,3,2,15,12,13,8,5,10,0,7]",8bfb0110967886455757ccb266d8ef86ed6b64d735c4a2252c550e0acdb98e71
4819,0,4,4,56,"[6,1,15,3,0,12,11,14,2,7,4,9,10,8,13,5]",6fd9d1f0c133bcb61c02d01bb7a9d2214b2d5d0ca24a5bf1ab4d429bb0402352
4821,3,4,4,56,"[0,8,2,7,10,6,11,1,12,15,3,9,5,4,13,14]",bcd2f2987e8bb4eba3a866410cd926615ffa00f21a1449acae2c57fcabbbfc2b
4827,6,4,4,56,"[13,9,10,7,6,15,11,3,12,2,0,4,1,5,14,8]",2db591d1de8b8bcf7c956f596c5b3d8d554861fdf571dbe237ad7e02932f10c5
4850,5,4,4,56,"[2,10,12,11,3,15,4,5,0,14,7,1,9,8,13,6]",5f09e1d5df32cca9c92ec8f0687eb66e5fa0af1788aaec8ed53f1c18ee1dccac
4881,3,4,4,56,"[2,4,15,11,0,14,5,12,13,7,6,8,1,10,9,3]",d2c2d3780adca8b61e3aeba3fe414fdb82034a3231b7e285f2107686ca7042b5
4893,0,4,4,56,"[5,3,12,15,6,10,1,11,14,8,13,4,7,9,2,0]",655eb470f7ec26b93b4491fae96772f4509e4524777c51cd5a4faca54cb744dc
4908,3,4,4,56,"[12,5,11,7,8,6,15,9,13,1,10,3,14,2,0,4]",362be0f25c442e5c3617f2b20d80405e6a1219bb6513b90121fa8e0c4a56b25a
4913,2,4,4,56,"[5,0,3,2,10,6,4,13,12,15,14,9,11,8,7,1]",d077ed7f8ea991f6911ad37f90d59c7d28cf442e53173dbc2300d035d4daf572
4921,2,4,4,56,"[10,0,7,13,1,3,12,8,4,9,5,2,15,6,14,11]",0021c2620d6ada991fd2427b30ae27de150ab92106084780dd91be66f3310c8d
4953,5,4,4,56,"[9,7,12,8,5,4,14,13,15,2,1,11,0,3,6,10]",59d8c415e41c985924be8d1e7423a3ae43c9891bd6f3903fbed17483770baf14
4966,5,4,4,56,"[9,0,7,14,10,12,8,5,1,4,2,6,13,3,11,15]",e38def7c4a008fb3004ab4ee9bf7fbba5c4dd83be6b42e461c617d9a8de6addb
4990,8,4,4,56,"[7,9,4,14,11,1,12,2,0,10,13,8,5,3,6,15]",49c0054e233328d6bac7ee3b622f3e70edf483b9bdc9c02a6b431dcb6bc32bd8
5000,8,4,4,56,"[5,9,14,8,4,10,1,11,0,7,3,2,6,15,12,13]",1f62d937a618cce5e23f039f47d33595fce7d01faffeacabe44e0c7e9c7eefbf
5030,2,4,4,56,"[9,7,15,8,11,5,10,6,14,3,4,1,13,0,2,12]",b0eb045df5e955d7a438a2056e727556cd6ff46a99923ebd7f8476c7c3dcaacc
5062,4,4,4,56,"[6,14,4,5,12,1,11,7,0,15,2,9,10,13,8,3]",7a26f132621431d20b752e63ec2c5692f0f4c8deb78669fcb58e1f35a856ad37
5077,4,4,4,56,"[1,6,12,9,13,3,15,5,0,10,2,11,8,7,4,14]",e828b2c426ccd344385d94a7ee133371571158fdf533283e7b5575ab91fe4114
5082,6,4,4,56,"[2,10,5,12,3,1,9,0,7,11,6,14,15,4,13,8]",9999027058f38ab279013e2776ce8dd3570c8eb324e3eb961f22755082ee4703
5092,1,4,4,56,"[15,0,12,9,14,2,7,5,3,6,1,4,13,8,11,10]",90321361da7512c509a4f575176b3972bea319d026ad51627bd0feddf5f41874
5101,5,4,4,56,"[8,15,1,0,6,2,14,9,5,12,4,7,3,10,13,11]",be6ff64f977fb589aa3382328753b90242de543c1ecf68cc7711a0a7c694400b
5117,0,4,4,56,"[13,5,11,6,0,2,10,7,14,8,9,1,3,15,4,12]",89e642ba4df7bbf16c687b97ad9bb8e8cbd5b1451c1ae22bcd839642602eb752
5123,1,4,4,56,"[10,1,14,7,9,13,8,4,15,11,0,12,2,3,6,5]",58e7fb4f801b42d51951c77601427ad456a285172150875163cdb17ffd69ffcd
5135,4,4,4,56,"[4,8,13,12,5,1,10,2,3,0,9,14,7,15,11,6]",39be2266b27d793c93a0f3c555cc3cab695fc5d904c1caa7b2658045bb3f67d8
5183,2,4,4,56,"[12,14,3,6,13,15,8,1,4,11,2,10,5,7,0,9]",1781ca4cbae864a5798c66b74de52644bdb1c3222be87aa65b071dba717b69ff
5213,4,4,4,56,"[2,5,9,0,12,1,4,6,13,3,8,7,10,14,11,15]",ff89f03e2e0f8f13f684797dde52cd44249438a5aebad6b8981ab7c7d0da1b84
5218,2,4,4,56,"[12,5,13,4,9,8,0,6,14,10,7,3,11,15,1,2]",757273efe1188340176494495f4f61c1e9b113a5588a8f852d3eecb8adc75dfb
5220,1,4,4,56,"[10,11,3,15,6,13,14,9,4,5,1,0,8,7,12,2]",be3ffbbcf4f0c0b06709eeb46a4467d55a8994044c1911eeb4252cbaee2f47b0
5237,2,4,4,56,"[4,7,10,12,11,14,5,13,9,8,0,6,3,1,2,15]",c9623a0d0dbd8e83591d53ccd3f32703adb0fb7096c4e11fe000b8176a124893
5256,1,4,4,56,"[11,12,4,7,0,10,2,13,5,8,15,3,1,6,9,14]",663fd88800112f0cac3a36f88a7d65ba019c23ea7b56d87c60f19bf8d8698467
5284,9,4,4,56,"[11,4,9,12,10,13,2,8,6,0,5,14,15,7,1,3]",e2d1a8318d4b8c00324a252c84ada0ee14ff9859df1977c260a6a29b9d1ea643
5301,9,4,4,56,"[0,3,5,7,1,9,15,2,4,8,13,12,14,6,11,10]",929d778dd77e269301f6c80c09ad49a1048f230130362847f779afbe5ee465b8
5318,2,4,4,56,"[2,5,7,1,10,13,12,6,15,14,8,3,0,9,4,11]",a07a6fbfdd907bc2e9871926fbfb93f861c79aceb47a9cfe95ba01301c027a00
5332,5,4,4,56,"[1,2,14,0,9,12,10,6,3,11,15,7,8,4,5,13]",cecb1e1714d9ed563f1ef6f03b6e6c8b2010a22a6c09bf849cdd5b33fab0296d
5333,2,4,4,56,"[3,14,7,4,6,15,5,1,12,13,2,9,0,11,10,8]",9b9ecc1bb0c709a4ad25e9480d17aa20a2e088a2a175929714ae609f689e49b8
5360,9,4,4,56,"[8,1,2,7,15,9,11,6,10,13,0,4,14,12,3,5]",9a73417b605893aeff7d3c9f88daa4e27253fbae2661a8f9299152633f0c2db2
5381,5,4,4,56,"[4,0,14,7,2,1,9,3,12,13,6,11,10,8,15,5]",aee3c5a4c995b05187a0ec6884823ec0d6ec516de02152af30095a1b845ae83b
5382,6,4,4,56,"[1,6,7,10,9,5,3,12,4,11,14,8,13,15,0,2]",de195e733b2dae8ecd5379c9714a519d900ece248184c1709fc8b83551fbe225
5395,2,4,4,56,"[8,3,7,1,9,13,2,0,6,14,15,4,5,12,11,10]",5f26d6ad79c65b4bb2a6227f90bc9b5a679c8200d71c73776d377b7c3db7a099
5402,4,4,4,56,"[11,2,4,10,15,14,13,0,1,6,7,3,9,5,8,12]",30889b7c4e1842d93e260b310387db676c4fa88101142fc5acb6789bb97c9cac
5408,6,4,4,56,"[0,1,5,14,10,7,12,9,3,6,11,15,2,4,8,13]",bea884327551b441e008b700c0730099cf5c98fd69a6ce0cd21a59470f7b7aea
5436,7,4,4,56,"[8,1,10,3,14,13,11,15,4,12,0,7,5,6,2,9]",a5b04da8bad360feeba144e7655e7248acd01f9451e153b1a994b15cabb5e5f2
5447,9,4,4,56,"[8,5,1,15,11,0,3,6,10,7,9,4,14,12,2,13]",beb1dd316a1037273d504e2e619d611ed6184a557820f3bc74f4425c98fa167b
5450,7,4,4,56,"[2,9,14,8,4,11,3,13,5,0,10,6,15,1,7,12]",a86117e3c10698cf47c315c7d880e9f2175c4b3b42434ab3ded54d983bbf489e
5451,8,4,4,56,"[11,4,1,9,15,2,0,14,13,10,5,12,7,8,6,3]",9d07fb9b928c196a114d615433ce32efa1d6ed9ab8375e158dffb94dc1501248
5452,9,4,4,56,"[15,13,5,8,12,9,3,2,7,11,1,14,10,0,4,6]",b1c7d05d5555a49e10b6d9d76e2a3ede176937a9306b1ea8b9f5e129b2f6ec20
5467,4,4,4,56,"[13,9,8,0,14,1,2,7,11,3,5,6,12,4,15,10]",5cd05c3d1c9d3bd4da58a7b41c9ad2f6e7494b738a3e6b23a2fe207b358db545
5478,0,4,4,56,"[6,11,2,5,15,1,3,8,0,7,10,9,4,13,12,14]",6c7e6b554c5c5921742c60f30ca7f395dd942d3f7df7b0e0447d6e39a24bd558
5488,1,4,4,56,"[15,8,5,10,4,13,7,12,3,2,11,14,1,0,9,6]",c86cd332de7045b7807e83e8c40d460d49b1e34e8289154ff8487b67566ede38
5496,5,4,4,56,"[1,6,4,10,14,9,0,3,7,15,11,12,13,2,8,5]",ae97c951e09a4a578561c8b4a9cf5bc0804ea4f1a015e4cacf8653d66fee682c
5508,9,4,4,56,"[15,1,13,10,3,8,11,5,6,0,14,2,4,9,7,12]",50fd4014d2444641567287a3a5cbfef665469e8ad2f6d72f566d0d03def71e24
5512,2,4,4,56,"[7,5,1,9,12,3,8,14,15,6,10,13,2,4,0,11]",0c3b7ac210a09f7c58971e9f1c575709789195676f50038fbd20ffb818f63da2
5525,8,4,4,56,"[15,5,10,1,7,0,4,6,14,8,9,3,11,12,13,2]",e96030bcf505b471211b6a5d629b090fac879754eb3df81a37a3a12bd61463ef
5528,3,4,4,56,"[7,2,14,3,15,8,11,1,4,13,0,9,6,10,12,5]",57e05389eb9c5b3cd5002d662a167593c04c7dd3efb126dab090298ecd4d685a
5556,4,4,4,56,"[10,8,15,9,4,11,0,7,5,6,1,13,12,14,2,3]",b5b805a05341bdedbf79714e47c2d78ae5a52000016f15bb52de31a8a7a28915
5560,1,4,4,56,"[11,4,10,14,9,8,0,15,6,7,2,5,1,13,12,3]",d3c86889ac18f0e184eaf1fc5464f692f87b6174e8f2a10855481c06a5542188
5572,9,4,4,56,"[9,0,6,2,7,10,1,12,13,3,15,11,8,14,4,5]",73b510427753fc5049ae8b5494eaa0b3a3c7723b60f4c869f1c39d6a64f2f10a
5580,6,4,4,56,"[6,15,11,2,12,14,4,1,0,10,3,9,5,13,8,7]",6ca7c2f31bd938df7cd9657da8359100f3b16a650d8b1c1f1dda98c18ca175a6
5590,9,4,4,56,"[15,11,7,5,10,9,13,8,4,0,3,6,2,14,1,12]",346851153feeef21ac6a1613f1e76c75b3e3f440612cf5ba8f30f2d08e4241b3
5623,4,4,4,56,"[14,1,0,13,11,8,4,3,7,2,15,5,9,6,12,10]",0d73a5107f572725ac42f5ebe9adc24ddbcd0a9bf11115062d7605872ad92e6f
5677,2,4,4,56,"[4,5,10,12,1,15,13,11,8,0,3,7,9,14,2,6]",e453230d45e2c6eb1a2a8dbe145baec92ee0783f79814c4cc34011f96aa4520b
5694,8,4,4,56,"[1,10,4,15,5,9,0,12,6,13,8,11,2,14,3,7]",7ed18559581a0cea1af8272b85594fc63f19b523fe92d1fa064dbb3bfca72510
5701,5,4,4,56,"[12,14,2,5,13,6,11,4,8,15,3,9,10,0,1,7]",bf89df268d8647f65e7dfc4f919bbc0e99d874d5fb6c5d17c2796603b59f6f16
5705,8,4,4,56,"[4,14,1,2,10,6,0,11,13,7,9,8,3,12,15,5]",368e3ee17e140b95ac23ca0ede01cda5bd21c0f9b9b972d54aecebf239adbf27
5719,7,4,4,56,"[12,4,0,1,14,5,7,13,6,8,2,9,11,10,15,3]",4d11d8639a238cdf41be173950b88bbd3f847ae013173be44944ad4ed17d714e
5729,6,4,4,56,"[11,0,6,13,15,8,5,1,2,7,4,14,3,12,10,9]",f5688e59334df120d3f1a839fff7b2e82e9d2bfaede6f14931208e52bc1913be
5756,2,4,4,56,"[10,0,13,15,9,7,14,3,12,11,2,4,1,8,6,5]",c1bb945d7bd7ceab4c8db4308ecff7d02ff8ea5bffdd546f48af3db540bfb5f7
5788,9,4,4,56,"[12,10,8,7,0,1,6,13,5,2,15,14,9,11,4,3]",eb7446af4984170dec2ecf452a3503cdc15e56cc726b71db89fc0e256d43c833
5789,4,4,4,56,"[15,12,0,4,2,7,13,5,8,10,6,3,11,9,1,14]",9831540a7acacf521cf3b1a4533bafdfe8b3d86b3ca4a7cc669bec474fb5ee57
5824,2,4,4,56,"[12,7,15,3,13,11,9,6,8,2,1,10,14,4,0,5]",637a015e93b0e74651eefeb105dc71c51c1e5f9f594201f0e29585932229a2ee
5848,7,4,4,56,"[10,14,4,9,12,0,5,6,3,7,2,1,11,8,13,15]",1a6762bf1c46ffff914b0c44d03f859d81127d40efb9db4c89ce4b65e7b7ff78
5851,9,4,4,56,"[3,6,4,14,13,10,7,12,1,9,5,2,15,0,8,11]",9a2086ca38408b8b91090261d1121259555b3585e1e253efe94611a66a6ee1b3
5857,6,4,4,56,"[11,7,4,5,12,8,9,3,6,0,14,10,13,1,15,2]",77c1538d6de9568386725daf62390421b7b27863d0f46619a9aef45f95ae5405
5858,6,4,4,56,"[10,8,12,2,1,5,4,0,9,13,6,14,15,11,3,7]",ce07ed020744a7b147a373b3c83586ea72760913197b9b3cf974f82dba7296f4
5912,0,4,4,56,"[10,4,15,9,14,5,12,7,3,1,0,11,2,8,6,13]",32f088aa4b4fca13e76db21a05947fa241a46ca5d0d31a608365e88857113cd7
5915,9,4,4,56,"[12,9,0,11,13,15,4,1,5,7,3,8,10,14,6,2]",7c39e7a47ea8e2ccfe586c652bd243aaede7661686122dab422ca81aca28d0b1
5918,0,4,4,56,"[3,4,8,7,2,6,0,11,15,12,14,10,13,1,9,5]",1c5b22c3c8291e2bfc6c54fbf21cba5ebcedf8ff935f150d6e21f2948801e1d4
5924,5,4,4,56,"[15,11,4,1,6,0,2,13,3,9,5,8,12,10,14,7]",06f88f0e7bf7860a8ea61f492c7ae622911d6a05a337460214490614c5666591
5977,7,4,4,56,"[2,8,15,5,11,1,12,14,0,6,13,9,3,4,7,10]",ac8c88ae86f90871e0cae194a8eda829b209a9dbfa6f874ab1fe9abb0895e9fb
5981,9,4,4,56,"[11,13,12,1,2,15,9,8,14,10,0,4,3,6,7,5]",dc6389b7978565fa8615dfe71cb62637c6c0a4474dbf859e5024a258645ea20c
5999,0,4,4,56,"[9,4,1,15,10,0,6,12,5,2,14,7,13,3,8,11]",482687ba3ff152a5297de9bceaf6a14f59c7db3baeb02c7535006d046de608da
6028,2,4,4,56,"[14,12,7,2,15,10,11,3,5,0,8,13,1,6,4,9]",31ba854abb63871060f69262fa1a9cf5f842b9d52ab76e9521c43b8c862ae914
6033,4,4,4,56,"[5,2,8,13,7,4,1,10,14,15,0,11,6,12,9,3]",ab59a0fd961e4ba785c7ab7a7da3244873e2c9e26778b394be2715fdc0ca691c
6076,1,4,4,56,"[13,3,0,4,9,5,12,2,11,7,14,15,1,8,10,6]",535be0f85b500590c721ae9d3ac00b4d01cd331bd26f876abaf55d693fb3098f
6084,7,4,4,56,"[12,2,11,4,5,8,7,9,1,14,0,10,3,6,15,13]",288c9f8ed40da958473e7c8a146cb10c0af1f094c7234188b447780cbc548ae5
6097,4,4,4,56,"[12,4,3,0,5,13,15,14,11,7,8,9,2,10,1,6]",df913119c8dba3fe4299fbcb6c9ee7a1c94c7a8736d98f6a611aa97d66290d69
6169,1,4,4,56,"[6,3,11,5,15,14,10,2,1,0,4,9,13,7,8,12]",516f546bb30ec92662b6bcbc37bf094dce889a858ff6db92535ce978d897a6f4
6190,7,4,4,56,"[4,10,8,9,14,2,12,5,13,7,6,3,11,1,0,15]",abba3cd49c2e59870c3484f28a8e0726f4f98df65403b50231b0c2a5f6c0dc9a
6224,5,4,4,56,"[14,2,12,6,15,9,0,5,4,3,8,13,10,1,7,11]",2d4a8f069932ccedd6ec29cf7da80594fff9475fd6d9a1010e48d1598fe48225
6244,2,4,4,56,"[15,12,1,9,6,4,14,5,11,10,3,2,0,13,8,7]",722fdfbb6e17ddc52371b2098e36fb7f41a443ed1d6263aa3a1d661af7d76fa1
6264,2,4,4,56,"[2,8,3,11,14,10,15,13,4,9,5,12,6,1,7,0]",9816c6b569e0ddf5ebd3534ad3d5afd2f3681b819d2dd3ef5a8e9bfc4b33e666
6271,2,4,4,56,"[3,8,12,1,11,10,13,2,0,15,4,14,6,5,9,7]",ece0f7e655133e420c6266757eeaa18aa43d2aa001b73b200de33edac4e1781b
6288,4,4,4,56,"[7,8,9,14,13,15,6,10,1,12,11,2,4,5,3,0]",0fb9156404b0cd6aada7e592967dabeb5db8c8157a52b8a5a2a8af16fff293f9
6332,2,4,4,56,"[8,1,13,5,4,6,7,15,2,10,9,11,3,0,12,14]",bc1d1cd4cf54abfe006d38e01e6f0869acaa3b7679e99a96ff6a7ad4ce90db76
6349,1,4,4,56,"[7,6,9,8,0,4,10,15,2,14,1,5,3,13,12,11]",c494b89c7cfbd1582214e7439010843b2aa62dbf3ddd6ad582f608b0570a8f86
6354,2,4,4,56,"[2,10,8,15,0,7,9,11,5,1,12,4,3,6,13,14]",b3ec86adb0ae41563025f3e04649eb114fed1ea82a33921a117356b7af1a3b7c
6358,5,4,4,56,"[2,10,7,15,5,1,6,8,0,9,3,11,4,13,12,14]",495dc03725d460384e3b546113532d8bbc1739883bc0acdb5b5aa842330c1df3
6381,6,4,4,56,"[9,12,2,7,1,6,3,13,10,11,4,5,0,8,15,14]",7e2d7dbe3c6400feb2e3d556414c314fd0592bf30342e3906c6e3b1425a4fce0
6414,5,4,4,56,"[6,0,4,1,7,12,13,3,9,15,11,2,5,8,10,14]",24450878e13fb44441d51d5a52698fa365544ea0597df0d46f099ad151639be4
6426,2,4,4,56,"[13,15,2,11,4,8,0,12,5,9,6,7,14,10,1,3]",729fd140f55431f64cc03d117b6ecea4ce66216b3dedc763b556ee477bccdcfd
6434,8,4,4,56,"[6,5,8,10,3,15,9,2,7,14,4,11,0,12,13,1]",55acc3b3f0c1e9260ffba852143fdaa585a5a1f7f99152d3e78ceaebedb377de
6437,0,4,4,56,"[8,3,11,10,9,13,2,6,4,14,1,12,0,15,5,7]",0c9e3baf6491fc05e2f9efef18a5b9a4786d07355943622424e19baef3715f87
6455,0,4,4,56,"[8,5,3,15,6,11,7,12,10,1,4,2,14,0,13,9]",c6e071efc14318768d38bbfc8bc178a32a91ce77f4a5eee809f14450360d609a
6490,3,4,4,56,"[12,6,2,4,3,15,5,9,1,7,8,11,14,10,13,0]",4db653477e754cbcd045d6ac673b66ebd427b3dc4da96399caf2598cd7de5a70
6503,2,4,4,56,"[10,13,8,9,7,1,14,6,0,15,11,4,5,3,2,12]",2170683068cc6b93dbe2a1d9c1b99388aea432d7528b8a5701c11b5c3a1d3692
6508,4,4,4,56,"[1,11,2,8,10,7,4,14,15,6,0,13,12,5,9,3]",c235d6f876349a62bf5ba09359bf98fd4d0507f1a649fe228fae707d642de680
6528,4,4,4,56,"[4,13,14,9,1,0,6,10,11,15,8,3,7,2,12,5]",42da7d4028c5df8508eefc5f253ee741b93eb4b86457ca7734881265deaefc45
6594,1,4,4,56,"[0,15,5,9,2,14,7,1,3,8,4,12,6,10,11,13]",61ba0f035e2f117ec5972e416ef3cd97d2425d54d4a238705844a4547fc9d19d
6609,0,4,4,56,"[15,5,8,7,3,13,4,9,14,12,11,1,2,10,6,0]",a3043a92b328b191186af42f5b6ff53c845138f81bf1f9c2c7ab33c47fc2c697
6616,2,4,4,56,"[6,11,0,4,5,14,2,3,10,13,15,9,7,1,8,12]",02563910be2bdb9c95b8bd3ddacffb6ae8840ef6f1465509f338645a46b6be12
6650,7,4,4,56,"[12,6,4,7,8,15,10,13,14,9,2,0,5,1,3,11]",96fed3fc1f1c77cb5bab7202e89e966797c873fa49732b19030ba6a24c90b7fa
6689,8,4,4,56,"[1,13,15,5,7,4,14,10,6,9,0,2,12,8,3,11]",d5c96ad992e673d5a1069ade4fc2ab06382d341f8a666d206606c3589435fc57
6692,2,4,4,56,"[9,0,8,1,12,14,15,5,13,11,10,4,2,7,6,3]",85fa6dda516e1b15320c8ab0150d061b7e6f66c2fed7fbae1cecc3656348c0ac
6713,6,4,4,56,"[6,11,1,2,0,7,13,8,12,9,14,10,5,15,3,4]",f240c46db64966ba998a55aed99dc39ac4926e0eb70727e3180c792d28d2ad2c
6716,5,4,4,56,"[8,1,10,7,12,14,5,6,3,11,15,2,9,13,0,4]",97598f428888b9b567721b25cce7f153006ef9d505dcf1d46831dc573b65b373
6726,7,4,4,56,"[7,13,5,4,1,3,12,11,0,10,14,15,2,6,8,9]",63636324f62ca7ab2e8f65cedfa2c8044550f9bd49dc4c945f4e16cae731ced7
6733,1,4,4,56,"[12,3,8,11,9,5,4,1,10,0,15,13,6,7,14,2]",c5f10d97a76fb600a61728b25f575a8cc74a0683709e508b219eecdf1ff19583
6772,7,4,4,56,"[11,2,12,7,3,1,13,9,6,5,15,0,8,4,14,10]",601cbd23a3430e41ca1797fa025593e8806b27ec366366f085151dbcd3dd42ea
6805,1,4,4,56,"[9,11,10,0,4,1,14,12,5,7,6,8,15,13,3,2]",a05dc8e57b75bd4d4eadac8a91af293b03bf30c1673c5cee4120849d3c0e6b3f
6836,1,4,4,56,"[9,3,1,11,7,10,15,6,12,14,8,5,2,13,4,0]",25b99c6d89032272a348f0363fa97f32d9b53c8ec01ae0ab7efd6bc2de10f63e
6844,0,4,4,56,"[8,4,9,10,2,6,3,14,0,7,13,12,15,5,11,1]",59d43221e53e29408809f6f1ad5dd9bcf4306d666aaacee7dcb5c0efb394254c
6922,5,4,4,56,"[8,11,6,4,12,10,13,5,15,9,2,7,0,1,14,3]",056b74671d5975d23deaa8a33bf5f8988564dcaa2d778a4311f680c7e172190d
6931,9,4,4,56,"[11,12,15,2,7,4,13,14,3,6,8,9,0,10,5,1]",7d023276b8b334ae1270baf2be3f7d39d94589543b53505ee5716913c2376a7a
6938,1,4,4,56,"[1,10,3,15,8,7,6,9,0,13,11,5,12,14,4,2]",d511e9eaa8a7f32676e2858cc054aa32f6a0953fe6efadbb03e6c4e65aeda197
6952,3,4,4,56,"[9,15,12,1,13,6,4,0,3,8,11,5,2,7,14,10]",3cf9d12c75b1d80eebcab83432c1538ec6ecccb7d668fafc24d8fb93011be9d5
6954,1,4,4,56,"[14,0,10,1,9,6,15,13,11,4,5,3,2,7,12,8]",bc0e9cf25c5566490c7557657eaac813cc393887ff18bddff7bfe153e061183b
6986,0,4,4,56,"[6,8,14,10,2,9,4,1,3,15,7,0,5,12,11,13]",6951facbfa15039e5ae4da6438569fbb3a793fdeb3f33ccc6da664cb6fb3d0aa
6989,5,4,4,56,"[8,6,1,15,7,0,12,13,10,2,3,5,4,11,9,14]",73e08612e9a64a71e5718e07cc6afff745720b80c536d72911664f72d5c18e35
7009,0,4,4,56,"[9,8,1,3,0,2,6,14,12,5,13,4,7,10,15,11]",9f07d10e5e0169ee9959a5237eada2b7b8273b3a34e9e13dbfa39d2ef7c472ef
7029,1,4,4,56,"[7,13,11,10,9,5,14,15,2,12,3,0,6,8,4,1]",64f103aae849e5fb8462be936a58fd1fbf799fa89399a4fc1c8c3cd4b4d05e64
7033,1,4,4,56,"[5,1,15,13,4,10,12,8,7,6,11,14,3,2,9,0]",ea8f956820c01f446370df3bcb412c092821bdea81732cc4ee12a14893b21251
7041,5,4,4,56,"[5,7,0,9,14,8,1,2,4,12,10,6,13,11,15,3]",0bfba2cea5516d0327c6a1da3fb22392fc0b1dec884341bbf03da8fa49aabe7d
7047,9,4,4,56,"[11,1,0,10,3,6,9,12,13,7,15,5,8,2,4,14]",65034a84d7231ed35366cd108cb8912823823e304fd694e4f054d3f30f7833d4
7081,7,4,4,56,"[0,15,9,1,6,14,10,5,4,8,12,11,7,3,2,13]",75946434bfb39d74de02562d339da97dc9ab28f4f993fb143b7072e8e2396761
7084,2,4,4,56,"[10,6,14,4,3,11,0,7,12,5,13,9,8,2,1,15]",93ec5ca42ef06cfba29f67d88ac538fed39b91b1317fbbd32e57093a2605cb55
7108,6,4,4,56,"[14,10,7,1,9,13,2,8,12,5,11,3,6,0,15,4]",d06e7b80c9b29ca11c9f26750b41994889b6ed5e486af1006cbe4f680bc48050
7130,5,4,4,56,"[9,6,8,5,4,3,11,2,13,0,12,7,15,14,10,1]",7cff546e2675c901008b6ab6ebb1961bc3a99f290f51e3f771e8d4df3954d060
7138,8,4,4,56,"[0,14,4,9,7,11,6,13,8,2,10,3,5,15,1,12]",8e1080b3df5c2058723a50d5033261c0945304d1e452b2a07208b4a31ae78014
7150,0,4,4,56,"[1,15,10,2,11,13,9,7,5,4,14,3,12,6,0,8]",a69e4b6244c83197b50338f76d30948daff6ce37a5c33df107d656e1cd6e4ca2
7202,1,4,4,56,"[9,7,6,12,0,10,8,1,2,4,3,13,11,14,5,15]",0cdee9f28478e94495074381e3536d349e88f7817403e7a388fb5a48f2c59f5b
7262,0,4,4,56,"[6,4,1,11,12,8,13,14,0,10,7,15,2,5,9,3]",98916e30d6ae7bc61f60956a10e9924543f3d62514812768be2c8648c0b77e78
7266,9,4,4,56,"[6,1,5,2,11,12,9,3,14,15,4,13,8,0,7,10]",4c4c4d9482cde21a696f11dca7eeb22446cece4427025541277a4cf2b1d2deac
7270,7,4,4,56,"[14,3,5,12,2,7,4,6,10,13,8,11,1,9,0,15]",dc33c275d72de1800e235d88ae7d2d64fb64d5b4a9767f3761b357965f1c78c6
7309,0,4,4,56,"[13,9,5,14,11,8,12,10,1,2,6,15,7,0,4,3]",92345ce1dc9174a386789164d28f4a47a05550ff84cf94d9b8a1def31933457a
7320,0,4,4,56,"[6,9,2,3,15,12,7,4,11,8,5,0,14,13,10,1]",3e64b04837f738966ba72c156d68795c6daa6de4b74d41e60826fa5bfaa86575
7338,6,4,4,56,"[10,9,7,13,8,14,0,2,15,11,5,12,4,3,1,6]",4012ce75364e07e7c6fde76b437a818d6e7cd5ddd35dfc4b1b7ba77be5672ad8
7372,0,4,4,56,"[9,0,11,3,13,12,15,2,14,6,10,5,7,8,4,1]",6255223b50eebbda9eafe52d24b4f821f0c0801cd4d4c7176304a5254c2e3dc8
7373,0,4,4,56,"[1,3,5,7,13,4,0,12,9,8,11,15,10,6,14,2]",63077d0d28c057f51aca36f5b43559707fc8ceb0bb028118c08da136dbb836ff
7380,9,4,4,56,"[9,6,0,12,2,10,4,1,5,3,8,13,11,15,7,14]",7bf6155b8ec3d91096893072fc62c0b823132f9d6c6c6e9e4b135fe6e440f9d5
7390,1,4,4,56,"[6,0,5,8,7,13,4,14,10,3,15,1,11,9,12,2]",3f433ecbbc18175a0a8804bcbed5e1223c54130ed940959bef566f45ba7458ec
7413,5,4,4,56,"[1,0,4,7,5,11,9,8,2,12,6,3,15,13,10,14]",a4dc58081540649fa8ad0fb7e93c07d39a04002fd813c3959c38b4451f71bc0e
7416,3,4,4,56,"[0,5,3,7,15,10,9,11,8,6,2,13,14,12,4,1]",3060301ec668b06afd06210025964ab29e80cf779298d7fd399c39876ebb1782
7425,2,4,4,56,"[6,3,13,9,15,7,2,0,11,12,14,4,10,8,5,1]",84cebb66e8b4a52f93e5646af99fd36103e775b2ac6a1ac975e16ae8d4e626e9
7446,8,4,4,56,"[8,9,13,10,3,14,4,0,15,2,1,7,12,11,6,5]",6965a208badbdbe381b60b4345b0f701afb2ae4330c2def01fc3da0253af242f
7460,8,4,4,56,"[12,6,4,13,5,10,1,14,11,0,3,2,15,8,9,7]",8805c1c51dd7c700794cabbd92d69f4624623eb651d9831324b0cdc41d511b40
7465,0,4,4,56,"[12,4,8,10,0,3,13,2,6,7,15,5,1,9,14,11]",a543485233f6d60aadffa77a8f144f378e675f27a5d8fc9375bf421872f76bd6
7474,5,4,4,56,"[1,15,9,12,11,0,10,7,6,8,4,3,2,13,14,5]",0aea1986594913d633d02b8af1fc5f752563a4ab48b0bf332180f59047c95a1c
7475,4,4,4,56,"[4,14,7,15,1,12,10,5,13,8,9,11,3,2,0,6]",a66f1837f148ca68570bb03db6ce1d41bcdec830d6f70bbd14624a7dc375daa2
7476,8,4,4,56,"[3,15,7,5,10,13,4,9,0,11,2,14,8,12,1,6]",b31e53cbb533ed7ed23a3af14a967a1517a33d172d8c824aa494616c90e30160
7544,9,4,4,56,"[14,5,9,2,6,7,3,1,11,0,10,13,4,12,15,8]",ea1f4190ae2ed0b1eb5b1db7344e762c0bb2a73fe969900d2c53c80bc518ecaa
7555,6,4,4,56,"[9,0,4,8,15,10,5,2,13,11,6,1,12,3,7,14]",89c5940a649da26f14da129fb3c8c6a40f12d2b12c3e358dde5dce32bb50c2c2
7600,6,4,4,56,"[15,8,3,5,6,4,12,14,2,13,10,9,7,11,1,0]",ab5e44f6d36f6b53cbf0dc59ad1a6e60b645cd55cfe691ad1099b38a61a6fc44
7610,4,4,4,56,"[14,5,11,1,8,4,13,10,3,6,9,7,12,15,0,2]",3a04683c41418580877cb538de010770f95ad9aee758ebcd94ea2b4b777352f7
7634,0,4,4,56,"[3,13,0,11,10,2,7,6,1,5,4,9,14,15,12,8]",8a1659a2cf3320b40e81fa616eb8e04ca6a112ac66e8170881d741648a1e0bf4
7692,4,4,4,56,"[15,3,10,7,2,11,12,1,6,14,13,4,8,0,5,9]",a21e2b1ef0f40c89bbf3e91713a0c7768111af37b2a0ea281dc770c620a9b919
7706,5,4,4,56,"[1,9,7,0,13,15,6,14,3,10,5,8,4,2,11,12]",dab9b05e4e4d1e2350d046365b5b2675f9838a2e4a51862698ef0fb3afa06a64
7726,6,4,4,56,"[14,8,2,5,11,1,10,4,6,0,7,12,9,15,3,13]",59fe1270116d71f0c5a13ed2d08d8bd0b275534dc3bb4870c6c13e3ce3a55b43
7744,3,4,4,56,"[2,9,11,8,13,5,3,0,7,4,1,10,14,6,12,15]",92601c0ce6d472dfe5f48fe2d40993ace2af8ce6798658a17088296795970fae
7752,9,4,4,56,"[10,7,1,15,6,0,13,14,2,11,8,12,3,5,9,4]",12896fd1d93d05b9e16c501a990cd80fe4fe50a40de17dfcfa08e9a1415ebd29
7776,5,4,4,56,"[2,4,9,3,14,10,1,7,13,8,11,6,12,5,15,0]",9cbe9f72561d05ba3c3e2590d9bba408487ef97033b05e41d843f8d8b3189b1d
7779,6,4,4,56,"[0,3,10,4,8,13,9,5,12,14,11,7,15,6,1,2]",6a156c0184a219b693bcf1ed9fbf4b85839b77dd47d669a3efd039618c040063
7781,6,4,4,56,"[2,4,8,1,5,10,13,11,12,7,14,0,6,15,3,9]",e5bb11502308411b367c61090418a7bb500ba885cbee57e4f92aa5e1d77d2b91
7793,3,4,4,56,"[10,6,12,7,14,4,11,3,13,1,15,9,2,0,5,8]",cc5d70c5cd6c1f6e0ef41d153a12986c5424c81d70c575b46c6feaafab5adc0a
7797,3,4,4,56,"[0,14,12,9,10,6,1,3,11,7,5,4,13,8,2,15]",31539b2e6cb8210ef9a776a0dab7e19c5852d2667b96e88d63b73192bf243fb9
7810,8,4,4,56,"[15,13,9,12,0,8,1,7,11,14,3,10,5,6,4,2]",6a5a0b00dc07d9c5af1e716b0c0179f64ba60593edaaf501a663f1668cbd86b3
7818,8,4,4,56,"[8,15,1,5,4,13,11,9,7,10,12,3,6,2,0,14]",5fd09fb8aae7d8e8853e4a3ec83fb12bd335250e90b22744ae3afbb64781a0d3
7835,7,4,4,56,"[11,3,10,1,7,15,14,5,12,9,6,8,13,0,4,2]",29ed858f5cc2d50f1b92d0ee2936bb4073a6124c8feb6191edc9ea3bac556a38
7864,4,4,4,56,"[5,11,13,6,9,0,7,15,8,2,1,14,3,4,10,12]",4b64737ed378a1048f46b2edc405a28a2c4594fa36dd11484210ece20d4427e0
7875,8,4,4,56,"[4,7,0,15,13,1,11,14,3,6,10,2,12,8,9,5]",32fd630a411fe517a13cb8225968f3c4b6d433ffb93af04d9fd1e6abf7451a91
7938,9,4,4,56,"[9,1,4,6,15,7,12,10,3,14,11,2,0,8,13,5]",6cb0e41a50b48c7e8fae02bf7d34fc40a271ad35a8adf70d07a456c6b49f6b0b
7940,4,4,4,56,"[8,5,7,10,1,14,0,2,15,11,6,13,9,4,12,3]",9acdfee988242c24946c8f88207e3df0b3f92a82f55aafd80527d8da87a18989
7944,4,4,4,56,"[7,15,3,13,5,10,8,0,2,11,14,6,1,12,9,4]",c8273a3ff1226a8fefccd2db247f79025ab086b7b20df956aa6a022a98b392bc
7955,1,4,4,56,"[0,7,13,2,4,5,15,9,11,8,3,6,12,10,1,14]",104b9dccfceaa900544116fb29461206f9b87ff0f5241f5dbed0ba9c4154cdf9
7995,9,4,4,56,"[5,1,14,4,10,11,0,6,15,3,9,12,7,8,2,13]",b78e308fbe8c3b908833d44a1a0eea4a0eb801c6be4b2ca2d5d58dfcf4ae0568
7996,6,4,4,56,"[11,12,8,15,1,5,14,4,13,10,9,3,2,7,0,6]",ccd34837962c6a0e16aa18abc81dfa767ca6cbfe62e4d46c0ffdb399d29d3674
7999,8,4,4,56,"[2,15,4,14,9,6,7,13,11,0,1,10,12,8,3,5]",14f40a007fa6a404b7a3333e744b1d3902ca0c28e4f873b13d634580279d5ee2
