backbone,condition,condition_point_id,clean_official_index,true_class_id,translation_direction,umap_x,umap_y
resnet50,clean,6455,6455,0,,-0.2027605026960373,1.2428932189941406
resnet50,clean,4130,4130,0,,-0.13051842153072357,-0.017108503729104996
resnet50,clean,2024,2024,0,,-0.13840973377227783,1.2842081785202026
resnet50,clean,7150,7150,0,,0.13207940757274628,-0.33246949315071106
resnet50,clean,7372,7372,0,,0.1015181764960289,-0.3889874815940857
resnet50,clean,7009,7009,0,,-0.1542677879333496,0.43757006525993347
resnet50,clean,3437,3437,0,,-0.4657382667064667,1.7081748247146606
resnet50,clean,4615,4615,0,,-0.187607541680336,-0.6621870398521423
resnet50,clean,5999,5999,0,,-0.05126379430294037,0.04495789855718613
resnet50,clean,4675,4675,0,,0.14325854182243347,-0.23908951878547668
resnet50,clean,4785,4785,0,,0.36162543296813965,-0.21763089299201965
resnet50,clean,1175,1175,0,,0.2569238543510437,-0.5271257758140564
resnet50,clean,1648,1648,0,,0.06312326341867447,-0.19933046400547028
resnet50,clean,4893,4893,0,,0.2799355983734131,-0.5119603276252747
resnet50,clean,1977,1977,0,,-0.2900044322013855,-0.5796939134597778
resnet50,clean,6986,6986,0,,-0.7255195379257202,2.107822895050049
resnet50,clean,7634,7634,0,,0.09641723334789276,-0.5491300225257874
resnet50,clean,6844,6844,0,,-0.2921305000782013,-0.6051414012908936
resnet50,clean,81,81,0,,-0.3497857451438904,0.26968833804130554
resnet50,clean,3965,3965,0,,0.22196343541145325,-0.4030194580554962
resnet50,clean,1204,1204,3,,12.423053741455078,9.004152297973633
resnet50,clean,4229,4229,3,,12.813619613647461,8.751748085021973
resnet50,clean,5528,5528,3,,11.24221134185791,8.046814918518066
resnet50,clean,1401,1401,3,,12.636141777038574,8.538949012756348
resnet50,clean,4821,4821,3,,11.771442413330078,8.691913604736328
resnet50,clean,6952,6952,3,,12.017508506774902,8.085694313049316
resnet50,clean,372,372,3,,12.318607330322266,8.188342094421387
resnet50,clean,4908,4908,3,,12.049668312072754,8.806384086608887
resnet50,clean,2754,2754,3,,12.34953784942627,8.662041664123535
resnet50,clean,632,632,3,,12.647178649902344,8.994476318359375
resnet50,clean,4023,4023,3,,12.333439826965332,7.3164167404174805
resnet50,clean,176,176,3,,12.557697296142578,8.983992576599121
resnet50,clean,3851,3851,3,,11.393535614013672,8.433802604675293
resnet50,clean,391,391,3,,12.616421699523926,8.391316413879395
resnet50,clean,4463,4463,3,,12.76745891571045,8.623732566833496
resnet50,clean,3375,3375,3,,12.268757820129395,7.324588298797607
resnet50,clean,1370,1370,3,,11.648289680480957,8.180522918701172
resnet50,clean,2539,2539,3,,12.022354125976562,9.040604591369629
resnet50,clean,979,979,3,,11.57519245147705,8.227948188781738
resnet50,clean,4590,4590,3,,12.874472618103027,8.759406089782715
resnet50,clean,3067,3067,2,,2.669691324234009,11.285059928894043
resnet50,clean,3362,3362,2,,2.420379161834717,11.805012702941895
resnet50,clean,6244,6244,2,,3.3399128913879395,11.67180061340332
resnet50,clean,6271,6271,2,,2.325281858444214,11.795397758483887
resnet50,clean,317,317,2,,3.2733349800109863,11.4329195022583
resnet50,clean,1202,1202,2,,3.3502464294433594,11.629250526428223
resnet50,clean,4921,4921,2,,3.5294954776763916,10.865020751953125
resnet50,clean,6264,6264,2,,3.2579569816589355,10.893083572387695
resnet50,clean,6426,6426,2,,3.016543388366699,11.437512397766113
resnet50,clean,470,470,2,,2.355149745941162,11.798460960388184
resnet50,clean,1839,1839,2,,3.572352170944214,11.363551139831543
resnet50,clean,5237,5237,2,,3.1601390838623047,11.187294960021973
resnet50,clean,409,409,2,,2.648224115371704,11.62686824798584
resnet50,clean,6616,6616,2,,3.3269155025482178,11.498675346374512
resnet50,clean,7084,7084,2,,3.4789445400238037,10.78548812866211
resnet50,clean,6028,6028,2,,3.5490458011627197,11.384299278259277
resnet50,clean,6692,6692,2,,3.2927920818328857,11.150310516357422
resnet50,clean,2392,2392,2,,2.934197187423706,10.9970121383667
resnet50,clean,483,483,2,,3.1835641860961914,11.334834098815918
resnet50,clean,4735,4735,2,,2.7292122840881348,10.810121536254883
resnet50,clean,691,691,4,,12.603118896484375,4.0140767097473145
resnet50,clean,6288,6288,4,,12.420483589172363,4.067970275878906
resnet50,clean,3287,3287,4,,12.55726146697998,5.014618873596191
resnet50,clean,3512,3512,4,,12.566922187805176,4.695354461669922
resnet50,clean,3458,3458,4,,12.828347206115723,4.439599514007568
resnet50,clean,7864,7864,4,,12.612756729125977,5.16555118560791
resnet50,clean,7475,7475,4,,12.116093635559082,5.003717422485352
resnet50,clean,171,171,4,,12.65380859375,4.855660438537598
resnet50,clean,5135,5135,4,,12.170257568359375,4.0203537940979
resnet50,clean,7940,7940,4,,12.523473739624023,4.7207536697387695
resnet50,clean,5062,5062,4,,12.362059593200684,4.3833231925964355
resnet50,clean,5623,5623,4,,12.584481239318848,4.953334331512451
resnet50,clean,3365,3365,4,,12.373119354248047,5.433788776397705
resnet50,clean,3763,3763,4,,12.588903427124023,4.87424373626709
resnet50,clean,7610,7610,4,,12.501607894897461,4.218334197998047
resnet50,clean,3179,3179,4,,12.235485076904297,5.411401271820068
resnet50,clean,5077,5077,4,,12.455902099609375,5.207552433013916
resnet50,clean,1111,1111,4,,12.243268966674805,5.26613187789917
resnet50,clean,5213,5213,4,,12.600654602050781,4.932383060455322
resnet50,clean,6097,6097,4,,12.574884414672852,5.198246955871582
resnet50,clean,5525,5525,8,,-0.7275418639183044,2.9602317810058594
resnet50,clean,7875,7875,8,,-1.134971022605896,2.9477555751800537
resnet50,clean,706,706,8,,-0.7084366083145142,2.7914113998413086
resnet50,clean,3412,3412,8,,-1.9137605428695679,2.511066198348999
resnet50,clean,667,667,8,,-1.9112850427627563,2.5200788974761963
resnet50,clean,7818,7818,8,,-2.0842792987823486,3.0796046257019043
resnet50,clean,2109,2109,8,,-0.5574681162834167,2.990623712539673
resnet50,clean,6434,6434,8,,-1.4698541164398193,3.1394541263580322
resnet50,clean,4662,4662,8,,-1.2988399267196655,3.2395248413085938
resnet50,clean,1640,1640,8,,-0.5032880306243896,3.0605788230895996
resnet50,clean,5451,5451,8,,-1.6266220808029175,2.8501672744750977
resnet50,clean,4990,4990,8,,-1.635627269744873,2.527024507522583
resnet50,clean,5694,5694,8,,-0.7476995587348938,2.627437114715576
resnet50,clean,1783,1783,8,,-1.0263700485229492,2.8213324546813965
resnet50,clean,2340,2340,8,,-2.0927016735076904,2.956904888153076
resnet50,clean,2745,2745,8,,-1.6535650491714478,3.012781858444214
resnet50,clean,2844,2844,8,,-0.8718252182006836,2.5506746768951416
resnet50,clean,4242,4242,8,,-2.1963951587677,3.017030954360962
resnet50,clean,3157,3157,8,,-1.9443256855010986,2.8516523838043213
resnet50,clean,1833,1833,8,,-2.2603254318237305,3.080111026763916
resnet50,clean,319,319,5,,10.323286056518555,7.242805480957031
resnet50,clean,2391,2391,5,,13.123475074768066,5.937597751617432
resnet50,clean,5381,5381,5,,10.719865798950195,6.288518905639648
resnet50,clean,3863,3863,5,,10.869278907775879,5.627699375152588
resnet50,clean,6358,6358,5,,11.800958633422852,6.819047451019287
resnet50,clean,97,97,5,,9.946907043457031,9.110556602478027
resnet50,clean,6224,6224,5,,11.108826637268066,6.354964733123779
resnet50,clean,2268,2268,5,,10.078937530517578,9.036772727966309
resnet50,clean,7706,7706,5,,10.68109130859375,6.54391622543335
resnet50,clean,2950,2950,5,,10.95161247253418,7.338059902191162
resnet50,clean,4290,4290,5,,13.14411449432373,5.884116172790527
resnet50,clean,7130,7130,5,,11.097027778625488,5.88857364654541
resnet50,clean,5924,5924,5,,11.150321960449219,6.386253833770752
resnet50,clean,6922,6922,5,,11.461082458496094,6.685273170471191
resnet50,clean,2766,2766,5,,9.824736595153809,9.163440704345703
resnet50,clean,645,645,5,,11.496880531311035,6.712588310241699
resnet50,clean,6989,6989,5,,11.311525344848633,6.198163986206055
resnet50,clean,6716,6716,5,,10.573325157165527,6.703793525695801
resnet50,clean,7413,7413,5,,9.889375686645508,9.186064720153809
resnet50,clean,4547,4547,5,,10.314024925231934,7.2456793785095215
resnet50,clean,7995,7995,9,,2.3098137378692627,9.950675010681152
resnet50,clean,1515,1515,9,,1.9486323595046997,9.243389129638672
resnet50,clean,7752,7752,9,,2.9521632194519043,9.702492713928223
resnet50,clean,2655,2655,9,,2.3741226196289062,9.822196006774902
resnet50,clean,2114,2114,9,,2.9677674770355225,9.692618370056152
resnet50,clean,2062,2062,9,,1.8171571493148804,9.253092765808105
resnet50,clean,7380,7380,9,,1.9220832586288452,9.198516845703125
resnet50,clean,5284,5284,9,,2.7288355827331543,9.350929260253906
resnet50,clean,191,191,9,,2.38257098197937,10.032209396362305
resnet50,clean,4723,4723,9,,2.5549981594085693,9.484779357910156
resnet50,clean,1430,1430,9,,2.8771626949310303,9.32438850402832
resnet50,clean,3893,3893,9,,2.9310832023620605,9.715564727783203
resnet50,clean,5851,5851,9,,1.6829466819763184,9.056415557861328
resnet50,clean,7938,7938,9,,2.411480665206909,9.51227855682373
resnet50,clean,4094,4094,9,,1.478173017501831,9.118204116821289
resnet50,clean,419,419,9,,2.1286981105804443,9.827483177185059
resnet50,clean,2011,2011,9,,1.7040410041809082,9.70792007446289
resnet50,clean,1411,1411,9,,1.5197185277938843,9.106682777404785
resnet50,clean,5981,5981,9,,1.7069276571273804,9.788189888000488
resnet50,clean,5452,5452,9,,1.6437867879867554,9.622865676879883
resnet50,clean,1667,1667,6,,10.10784912109375,5.264772891998291
resnet50,clean,7555,7555,6,,10.188936233520508,5.953220367431641
resnet50,clean,3292,3292,6,,9.763853073120117,6.01080846786499
resnet50,clean,4093,4093,6,,9.280856132507324,6.5076584815979
resnet50,clean,7108,7108,6,,10.481283187866211,5.684998989105225
resnet50,clean,7600,7600,6,,10.386844635009766,4.812839031219482
resnet50,clean,7781,7781,6,,11.108004570007324,5.336237907409668
resnet50,clean,7338,7338,6,,10.308561325073242,5.021425247192383
resnet50,clean,5580,5580,6,,10.590147972106934,5.766067981719971
resnet50,clean,3494,3494,6,,10.34036922454834,4.775942325592041
resnet50,clean,920,920,6,,11.254734992980957,4.7369489669799805
resnet50,clean,6713,6713,6,,9.86391830444336,5.909923553466797
resnet50,clean,3418,3418,6,,10.539384841918945,4.588281154632568
resnet50,clean,3777,3777,6,,10.625946044921875,4.69623327255249
resnet50,clean,3962,3962,6,,11.087112426757812,5.342925548553467
resnet50,clean,2958,2958,6,,10.376352310180664,4.701231479644775
resnet50,clean,873,873,6,,11.700057029724121,4.079356670379639
resnet50,clean,4254,4254,6,,11.340093612670898,5.35636568069458
resnet50,clean,5858,5858,6,,11.77066421508789,4.9868388175964355
resnet50,clean,3515,3515,6,,11.50953483581543,4.897820472717285
resnet50,clean,95,95,1,,6.700767993927002,4.649953365325928
resnet50,clean,3937,3937,1,,6.979325294494629,4.443048477172852
resnet50,clean,6169,6169,1,,5.779421806335449,5.976590156555176
resnet50,clean,5560,5560,1,,10.011539459228516,6.658638954162598
resnet50,clean,1115,1115,1,,6.54166316986084,5.310469627380371
resnet50,clean,6938,6938,1,,6.564691543579102,4.835215091705322
resnet50,clean,1109,1109,1,,5.708219528198242,5.732070446014404
resnet50,clean,4640,4640,1,,6.776551723480225,5.383984565734863
resnet50,clean,825,825,1,,5.727583408355713,5.295377731323242
resnet50,clean,6594,6594,1,,5.654355525970459,5.766036033630371
resnet50,clean,261,261,1,,5.707141876220703,5.15897798538208
resnet50,clean,116,116,1,,5.928762912750244,5.92900276184082
resnet50,clean,2687,2687,1,,6.743632793426514,4.985376358032227
resnet50,clean,5256,5256,1,,6.983252048492432,4.444923400878906
resnet50,clean,1568,1568,1,,11.83894157409668,8.897732734680176
resnet50,clean,5220,5220,1,,6.335695743560791,7.015836238861084
resnet50,clean,6954,6954,1,,6.960356712341309,5.824884414672852
resnet50,clean,2116,2116,1,,12.479632377624512,9.1229887008667
resnet50,clean,3491,3491,1,,6.620250701904297,5.251086711883545
resnet50,clean,5092,5092,1,,6.411277770996094,4.890542984008789
resnet50,clean,4172,4172,7,,15.697650909423828,5.091590881347656
resnet50,clean,1711,1711,7,,16.32331657409668,5.526075839996338
resnet50,clean,4403,4403,7,,15.238296508789062,5.743221759796143
resnet50,clean,1048,1048,7,,14.99133014678955,5.817119121551514
resnet50,clean,5450,5450,7,,16.30255699157715,6.533420562744141
resnet50,clean,1579,1579,7,,16.368900299072266,5.573466777801514
resnet50,clean,1771,1771,7,,14.706021308898926,5.993262767791748
resnet50,clean,29,29,7,,15.64209270477295,5.910520553588867
resnet50,clean,6772,6772,7,,13.101129531860352,5.580341815948486
resnet50,clean,2746,2746,7,,15.685953140258789,5.660258769989014
resnet50,clean,1220,1220,7,,15.721708297729492,5.104617118835449
resnet50,clean,269,269,7,,15.29638385772705,6.109930038452148
resnet50,clean,5719,5719,7,,16.335174560546875,6.560380935668945
resnet50,clean,1956,1956,7,,12.422883987426758,6.144433975219727
resnet50,clean,2854,2854,7,,15.696558952331543,5.186380386352539
resnet50,clean,4236,4236,7,,16.235700607299805,6.47929048538208
resnet50,clean,3404,3404,7,,15.282546043395996,5.930532455444336
resnet50,clean,2668,2668,7,,15.640374183654785,5.1825432777404785
resnet50,clean,1440,1440,7,,15.049580574035645,5.804023265838623
resnet50,clean,4308,4308,7,,15.586465835571289,6.282033443450928
resnet50,grayscale,6455,6455,0,,-0.20119178295135498,1.285041332244873
resnet50,grayscale,4130,4130,0,,-0.18696820735931396,-0.12087129056453705
resnet50,grayscale,2024,2024,0,,-0.19160178303718567,1.2993474006652832
resnet50,grayscale,7150,7150,0,,0.08255648612976074,-0.3481258451938629
resnet50,grayscale,7372,7372,0,,0.06182729825377464,-0.41913050413131714
resnet50,grayscale,7009,7009,0,,-0.19430787861347198,0.4560767710208893
resnet50,grayscale,3437,3437,0,,-0.41132888197898865,1.621482491493225
resnet50,grayscale,4615,4615,0,,-0.05929166078567505,-0.6046602129936218
resnet50,grayscale,5999,5999,0,,-0.13810303807258606,0.09324128925800323
resnet50,grayscale,4675,4675,0,,0.10341425240039825,-0.2602453827857971
resnet50,grayscale,4785,4785,0,,0.4206067621707916,-0.29796522855758667
resnet50,grayscale,1175,1175,0,,0.23976586759090424,-0.6221321821212769
resnet50,grayscale,1648,1648,0,,-0.0065803914330899715,-0.25284239649772644
resnet50,grayscale,4893,4893,0,,0.23423798382282257,-0.6129527688026428
resnet50,grayscale,1977,1977,0,,-0.15092596411705017,-0.5361007452011108
resnet50,grayscale,6986,6986,0,,-0.6543992757797241,1.8955732583999634
resnet50,grayscale,7634,7634,0,,0.0894513800740242,-0.48747286200523376
resnet50,grayscale,6844,6844,0,,-0.12447383254766464,-0.4709340035915375
resnet50,grayscale,81,81,0,,-0.3559126853942871,0.3147667348384857
resnet50,grayscale,3965,3965,0,,0.2421337217092514,-0.4495174288749695
resnet50,grayscale,1204,1204,3,,12.368856430053711,8.977084159851074
resnet50,grayscale,4229,4229,3,,12.843745231628418,8.862948417663574
resnet50,grayscale,5528,5528,3,,11.321154594421387,8.12469482421875
resnet50,grayscale,1401,1401,3,,12.690118789672852,8.559593200683594
resnet50,grayscale,4821,4821,3,,11.897947311401367,8.783599853515625
resnet50,grayscale,6952,6952,3,,12.080118179321289,8.105280876159668
resnet50,grayscale,372,372,3,,12.274726867675781,8.13526725769043
resnet50,grayscale,4908,4908,3,,12.129034042358398,8.860970497131348
resnet50,grayscale,2754,2754,3,,12.368556022644043,8.638988494873047
resnet50,grayscale,632,632,3,,12.713791847229004,8.937918663024902
resnet50,grayscale,4023,4023,3,,12.31894588470459,7.380246162414551
resnet50,grayscale,176,176,3,,12.576452255249023,8.915621757507324
resnet50,grayscale,3851,3851,3,,11.317546844482422,8.396260261535645
resnet50,grayscale,391,391,3,,12.627241134643555,8.417221069335938
resnet50,grayscale,4463,4463,3,,12.768828392028809,8.619746208190918
resnet50,grayscale,3375,3375,3,,12.238434791564941,7.391656398773193
resnet50,grayscale,1370,1370,3,,11.841195106506348,8.200322151184082
resnet50,grayscale,2539,2539,3,,12.111998558044434,9.068416595458984
resnet50,grayscale,979,979,3,,11.6932373046875,8.26482105255127
resnet50,grayscale,4590,4590,3,,12.84688949584961,8.772972106933594
resnet50,grayscale,3067,3067,2,,2.7158310413360596,11.345516204833984
resnet50,grayscale,3362,3362,2,,2.4418976306915283,11.808797836303711
resnet50,grayscale,6244,6244,2,,3.4022469520568848,11.628151893615723
resnet50,grayscale,6271,6271,2,,2.4392549991607666,11.752124786376953
resnet50,grayscale,317,317,2,,3.400618076324463,11.570151329040527
resnet50,grayscale,1202,1202,2,,3.4348952770233154,11.670796394348145
resnet50,grayscale,4921,4921,2,,3.6343436241149902,10.91555118560791
resnet50,grayscale,6264,6264,2,,3.3426568508148193,10.84569263458252
resnet50,grayscale,6426,6426,2,,3.0068345069885254,11.501855850219727
resnet50,grayscale,470,470,2,,2.4869346618652344,11.739824295043945
resnet50,grayscale,1839,1839,2,,3.5141079425811768,11.470766067504883
resnet50,grayscale,5237,5237,2,,3.5464179515838623,11.165565490722656
resnet50,grayscale,409,409,2,,2.814103126525879,11.59481143951416
resnet50,grayscale,6616,6616,2,,3.268721103668213,11.555054664611816
resnet50,grayscale,7084,7084,2,,3.571040391921997,10.803030014038086
resnet50,grayscale,6028,6028,2,,3.61247181892395,11.349196434020996
resnet50,grayscale,6692,6692,2,,3.534210443496704,11.212508201599121
resnet50,grayscale,2392,2392,2,,3.2356085777282715,10.913838386535645
resnet50,grayscale,483,483,2,,3.632174491882324,11.305893898010254
resnet50,grayscale,4735,4735,2,,2.6551787853240967,10.795489311218262
resnet50,grayscale,691,691,4,,12.627002716064453,4.058720588684082
resnet50,grayscale,6288,6288,4,,12.407554626464844,4.089136600494385
resnet50,grayscale,3287,3287,4,,12.71097469329834,4.760239601135254
resnet50,grayscale,3512,3512,4,,12.650629043579102,4.2894673347473145
resnet50,grayscale,3458,3458,4,,12.84572982788086,4.410763263702393
resnet50,grayscale,7864,7864,4,,12.870918273925781,4.473160743713379
resnet50,grayscale,7475,7475,4,,11.579787254333496,4.856822490692139
resnet50,grayscale,171,171,4,,12.843936920166016,4.495305061340332
resnet50,grayscale,5135,5135,4,,11.981587409973145,4.049489498138428
resnet50,grayscale,7940,7940,4,,12.345184326171875,4.389647960662842
resnet50,grayscale,5062,5062,4,,12.254070281982422,4.204761505126953
resnet50,grayscale,5623,5623,4,,12.778553009033203,4.4600749015808105
resnet50,grayscale,3365,3365,4,,12.311056137084961,5.412680625915527
resnet50,grayscale,3763,3763,4,,12.73930835723877,4.595226287841797
resnet50,grayscale,7610,7610,4,,12.570023536682129,4.208452224731445
resnet50,grayscale,3179,3179,4,,12.097702980041504,5.233521461486816
resnet50,grayscale,5077,5077,4,,12.095732688903809,5.146275520324707
resnet50,grayscale,1111,1111,4,,12.15352725982666,5.1844401359558105
resnet50,grayscale,5213,5213,4,,12.728994369506836,4.650863170623779
resnet50,grayscale,6097,6097,4,,12.815099716186523,4.603884696960449
resnet50,grayscale,5525,5525,8,,-0.6318140029907227,2.9769155979156494
resnet50,grayscale,7875,7875,8,,-1.1500877141952515,2.9704811573028564
resnet50,grayscale,706,706,8,,-0.7605723738670349,2.7477681636810303
resnet50,grayscale,3412,3412,8,,-1.902295470237732,2.442888021469116
resnet50,grayscale,667,667,8,,-1.8529702425003052,2.47209095954895
resnet50,grayscale,7818,7818,8,,-2.178797483444214,3.000960111618042
resnet50,grayscale,2109,2109,8,,-0.5469607710838318,3.0048673152923584
resnet50,grayscale,6434,6434,8,,-1.3941898345947266,3.089772939682007
resnet50,grayscale,4662,4662,8,,-1.348842978477478,3.11773943901062
resnet50,grayscale,1640,1640,8,,-0.5219140648841858,3.068647861480713
resnet50,grayscale,5451,5451,8,,-1.5810375213623047,2.9152276515960693
resnet50,grayscale,4990,4990,8,,-1.542886734008789,2.5249664783477783
resnet50,grayscale,5694,5694,8,,-0.764369547367096,2.6868414878845215
resnet50,grayscale,1783,1783,8,,-1.243100643157959,2.953371286392212
resnet50,grayscale,2340,2340,8,,-2.1119067668914795,2.953289747238159
resnet50,grayscale,2745,2745,8,,-1.6308497190475464,2.9516098499298096
resnet50,grayscale,2844,2844,8,,-0.8976578116416931,2.59709095954895
resnet50,grayscale,4242,4242,8,,-2.279057025909424,3.1078553199768066
resnet50,grayscale,3157,3157,8,,-1.92503023147583,2.933227300643921
resnet50,grayscale,1833,1833,8,,-2.2029881477355957,3.0364997386932373
resnet50,grayscale,319,319,5,,10.272061347961426,7.221649169921875
resnet50,grayscale,2391,2391,5,,13.124102592468262,5.933742523193359
resnet50,grayscale,5381,5381,5,,10.673929214477539,6.2499518394470215
resnet50,grayscale,3863,3863,5,,10.875946998596191,5.666786193847656
resnet50,grayscale,6358,6358,5,,11.863836288452148,6.834590435028076
resnet50,grayscale,97,97,5,,9.872147560119629,9.166799545288086
resnet50,grayscale,6224,6224,5,,11.159790992736816,6.320974826812744
resnet50,grayscale,2268,2268,5,,10.033760070800781,9.071236610412598
resnet50,grayscale,7706,7706,5,,10.788898468017578,6.577712535858154
resnet50,grayscale,2950,2950,5,,10.942916870117188,7.439392566680908
resnet50,grayscale,4290,4290,5,,13.141498565673828,5.908912181854248
resnet50,grayscale,7130,7130,5,,11.050637245178223,5.805880069732666
resnet50,grayscale,5924,5924,5,,11.200650215148926,6.430609226226807
resnet50,grayscale,6922,6922,5,,11.491823196411133,6.7123260498046875
resnet50,grayscale,2766,2766,5,,9.840655326843262,9.187273025512695
resnet50,grayscale,645,645,5,,11.47528076171875,6.683971881866455
resnet50,grayscale,6989,6989,5,,11.349137306213379,6.1768107414245605
resnet50,grayscale,6716,6716,5,,10.608979225158691,6.6823344230651855
resnet50,grayscale,7413,7413,5,,9.903709411621094,9.170574188232422
resnet50,grayscale,4547,4547,5,,10.302613258361816,7.236055374145508
resnet50,grayscale,7995,7995,9,,2.43676495552063,9.849905014038086
resnet50,grayscale,1515,1515,9,,1.9694747924804688,9.266732215881348
resnet50,grayscale,7752,7752,9,,2.9906065464019775,9.665781021118164
resnet50,grayscale,2655,2655,9,,2.308563232421875,9.742731094360352
resnet50,grayscale,2114,2114,9,,2.98673677444458,9.679917335510254
resnet50,grayscale,2062,2062,9,,1.8198825120925903,9.262266159057617
resnet50,grayscale,7380,7380,9,,2.026388645172119,9.306138038635254
resnet50,grayscale,5284,5284,9,,2.9099483489990234,9.373435974121094
resnet50,grayscale,191,191,9,,2.44024920463562,10.06360149383545
resnet50,grayscale,4723,4723,9,,2.5529141426086426,9.459978103637695
resnet50,grayscale,1430,1430,9,,2.9979360103607178,9.213253021240234
resnet50,grayscale,3893,3893,9,,2.894597291946411,9.733242988586426
resnet50,grayscale,5851,5851,9,,1.7280393838882446,9.047124862670898
resnet50,grayscale,7938,7938,9,,2.376513719558716,9.571773529052734
resnet50,grayscale,4094,4094,9,,1.4349373579025269,9.13864803314209
resnet50,grayscale,419,419,9,,2.055847406387329,9.851741790771484
resnet50,grayscale,2011,2011,9,,1.7209093570709229,9.691394805908203
resnet50,grayscale,1411,1411,9,,1.486425518989563,9.145102500915527
resnet50,grayscale,5981,5981,9,,1.71511709690094,9.767973899841309
resnet50,grayscale,5452,5452,9,,1.7223299741744995,9.635211944580078
resnet50,grayscale,1667,1667,6,,10.081031799316406,5.282424449920654
resnet50,grayscale,7555,7555,6,,9.936650276184082,5.920907974243164
resnet50,grayscale,3292,3292,6,,9.773107528686523,6.055958271026611
resnet50,grayscale,4093,4093,6,,9.275014877319336,6.494351387023926
resnet50,grayscale,7108,7108,6,,10.435966491699219,5.5147833824157715
resnet50,grayscale,7600,7600,6,,10.269952774047852,4.885343074798584
resnet50,grayscale,7781,7781,6,,11.057658195495605,5.229806423187256
resnet50,grayscale,7338,7338,6,,10.351516723632812,5.027322292327881
resnet50,grayscale,5580,5580,6,,10.604724884033203,5.498919486999512
resnet50,grayscale,3494,3494,6,,10.267770767211914,4.852841377258301
resnet50,grayscale,920,920,6,,11.232735633850098,4.782794952392578
resnet50,grayscale,6713,6713,6,,9.849525451660156,5.8226542472839355
resnet50,grayscale,3418,3418,6,,10.562496185302734,4.532329082489014
resnet50,grayscale,3777,3777,6,,11.026021957397461,4.756743907928467
resnet50,grayscale,3962,3962,6,,11.147383689880371,5.136425018310547
resnet50,grayscale,2958,2958,6,,10.248537063598633,4.725409030914307
resnet50,grayscale,873,873,6,,11.62067699432373,4.120097637176514
resnet50,grayscale,4254,4254,6,,11.383816719055176,5.131303787231445
resnet50,grayscale,5858,5858,6,,11.688732147216797,4.947220802307129
resnet50,grayscale,3515,3515,6,,11.464859962463379,4.8613176345825195
resnet50,grayscale,95,95,1,,6.663125514984131,4.69492769241333
resnet50,grayscale,3937,3937,1,,6.956808090209961,4.449248313903809
resnet50,grayscale,6169,6169,1,,5.850738525390625,6.038910865783691
resnet50,grayscale,5560,5560,1,,6.698714733123779,5.2137770652771
resnet50,grayscale,1115,1115,1,,6.530638694763184,5.2577900886535645
resnet50,grayscale,6938,6938,1,,6.613587856292725,4.7334394454956055
resnet50,grayscale,1109,1109,1,,5.68356990814209,5.681663513183594
resnet50,grayscale,4640,4640,1,,6.828006267547607,5.369270324707031
resnet50,grayscale,825,825,1,,5.71923303604126,5.362551689147949
resnet50,grayscale,6594,6594,1,,5.6517181396484375,5.771297454833984
resnet50,grayscale,261,261,1,,5.751877307891846,5.19108772277832
resnet50,grayscale,116,116,1,,6.209695339202881,5.334562301635742
resnet50,grayscale,2687,2687,1,,6.667139530181885,4.96272087097168
resnet50,grayscale,5256,5256,1,,6.677541255950928,4.679426193237305
resnet50,grayscale,1568,1568,1,,11.773635864257812,8.934876441955566
resnet50,grayscale,5220,5220,1,,6.310230731964111,6.997239589691162
resnet50,grayscale,6954,6954,1,,7.006313800811768,5.855315208435059
resnet50,grayscale,2116,2116,1,,12.511876106262207,9.10816764831543
resnet50,grayscale,3491,3491,1,,6.675282001495361,5.194405555725098
resnet50,grayscale,5092,5092,1,,6.436396598815918,4.850040912628174
resnet50,grayscale,4172,4172,7,,15.670890808105469,5.142886638641357
resnet50,grayscale,1711,1711,7,,16.313373565673828,5.601434230804443
resnet50,grayscale,4403,4403,7,,15.25905704498291,5.770516872406006
resnet50,grayscale,1048,1048,7,,15.258938789367676,5.784400939941406
resnet50,grayscale,5450,5450,7,,16.243576049804688,6.4680585861206055
resnet50,grayscale,1579,1579,7,,16.269664764404297,5.646909713745117
resnet50,grayscale,1771,1771,7,,14.619574546813965,5.977446556091309
resnet50,grayscale,29,29,7,,15.640466690063477,5.926536560058594
resnet50,grayscale,6772,6772,7,,13.254867553710938,5.708868026733398
resnet50,grayscale,2746,2746,7,,15.788657188415527,5.7429399490356445
resnet50,grayscale,1220,1220,7,,15.317865371704102,5.5171613693237305
resnet50,grayscale,269,269,7,,15.282169342041016,6.137455463409424
resnet50,grayscale,5719,5719,7,,16.32953453063965,6.552797794342041
resnet50,grayscale,1956,1956,7,,12.560820579528809,6.201514720916748
resnet50,grayscale,2854,2854,7,,15.572757720947266,5.605797290802002
resnet50,grayscale,4236,4236,7,,15.929166793823242,6.229568958282471
resnet50,grayscale,3404,3404,7,,15.32602310180664,5.94289493560791
resnet50,grayscale,2668,2668,7,,15.591266632080078,5.389013767242432
resnet50,grayscale,1440,1440,7,,15.189756393432617,5.7464189529418945
resnet50,grayscale,4308,4308,7,,15.643367767333984,6.136109828948975
resnet50,cue_conflict,p01_r01_a_to_b,6455,0,,5.982428073883057,8.159103393554688
resnet50,cue_conflict,p01_r03_a_to_b,4130,0,,5.892979621887207,8.218677520751953
resnet50,cue_conflict,p01_r04_a_to_b,2024,0,,6.079204082489014,7.498970985412598
resnet50,cue_conflict,p01_r06_a_to_b,7150,0,,6.081608295440674,7.1624755859375
resnet50,cue_conflict,p01_r07_a_to_b,7372,0,,6.063392162322998,7.756673336029053
resnet50,cue_conflict,p01_r09_a_to_b,7009,0,,5.9074835777282715,8.314022064208984
resnet50,cue_conflict,p01_r11_a_to_b,3437,0,,5.957104206085205,8.032636642456055
resnet50,cue_conflict,p01_r12_a_to_b,4615,0,,6.694228172302246,7.760754585266113
resnet50,cue_conflict,p01_r14_a_to_b,5999,0,,6.506233215332031,7.689632892608643
resnet50,cue_conflict,p01_r15_a_to_b,4675,0,,6.986246109008789,7.729526519775391
resnet50,cue_conflict,p01_r16_a_to_b,4785,0,,5.8086442947387695,7.626121997833252
resnet50,cue_conflict,p01_r18_a_to_b,1175,0,,6.100207805633545,7.826011657714844
resnet50,cue_conflict,p01_r19_a_to_b,1648,0,,5.961373805999756,8.185713768005371
resnet50,cue_conflict,p01_r21_a_to_b,4893,0,,6.90289306640625,7.586458206176758
resnet50,cue_conflict,p01_r22_a_to_b,1977,0,,5.986051082611084,7.320773124694824
resnet50,cue_conflict,p01_r23_a_to_b,6986,0,,6.106544017791748,7.920326232910156
resnet50,cue_conflict,p01_r24_a_to_b,7634,0,,6.068047523498535,8.033411026000977
resnet50,cue_conflict,p01_r25_a_to_b,6844,0,,5.990692615509033,7.826322555541992
resnet50,cue_conflict,p01_r26_a_to_b,81,0,,6.004187107086182,7.527409076690674
resnet50,cue_conflict,p01_r27_a_to_b,3965,0,,6.618111610412598,7.903833866119385
resnet50,cue_conflict,p01_r04_b_to_a,1204,3,,6.194065570831299,7.642558574676514
resnet50,cue_conflict,p01_r05_b_to_a,4229,3,,6.277141571044922,8.519758224487305
resnet50,cue_conflict,p01_r08_b_to_a,5528,3,,7.159173011779785,8.080889701843262
resnet50,cue_conflict,p01_r09_b_to_a,1401,3,,6.525739669799805,8.945513725280762
resnet50,cue_conflict,p01_r11_b_to_a,4821,3,,6.013942718505859,7.604030132293701
resnet50,cue_conflict,p01_r12_b_to_a,6952,3,,6.919562339782715,7.6030755043029785
resnet50,cue_conflict,p01_r14_b_to_a,372,3,,6.8509063720703125,7.626955986022949
resnet50,cue_conflict,p01_r17_b_to_a,4908,3,,6.756615161895752,7.597414016723633
resnet50,cue_conflict,p01_r19_b_to_a,2754,3,,7.08428430557251,8.055011749267578
resnet50,cue_conflict,p01_r24_b_to_a,632,3,,6.840306758880615,7.526876449584961
resnet50,cue_conflict,p01_r25_b_to_a,4023,3,,6.729940891265869,7.749591827392578
resnet50,cue_conflict,p01_r26_b_to_a,176,3,,7.0516815185546875,7.940746307373047
resnet50,cue_conflict,p01_r27_b_to_a,3851,3,,6.818071365356445,8.118841171264648
resnet50,cue_conflict,p01_r28_b_to_a,391,3,,7.105832576751709,8.451677322387695
resnet50,cue_conflict,p01_r30_b_to_a,4463,3,,6.859708309173584,7.617099761962891
resnet50,cue_conflict,p01_r31_b_to_a,3375,3,,6.905454635620117,7.573008060455322
resnet50,cue_conflict,p01_r32_b_to_a,1370,3,,7.0723981857299805,7.732493877410889
resnet50,cue_conflict,p01_r33_b_to_a,2539,3,,6.29738187789917,8.904409408569336
resnet50,cue_conflict,p01_r34_b_to_a,979,3,,11.978325843811035,8.30433177947998
resnet50,cue_conflict,p01_r35_b_to_a,4590,3,,6.9288330078125,7.308370113372803
resnet50,cue_conflict,p02_r01_a_to_b,3067,2,,2.705627202987671,11.574499130249023
resnet50,cue_conflict,p02_r02_a_to_b,3362,2,,4.449225425720215,9.662040710449219
resnet50,cue_conflict,p02_r03_a_to_b,6244,2,,5.762021064758301,8.16766357421875
resnet50,cue_conflict,p02_r04_a_to_b,6271,2,,4.504706382751465,9.597339630126953
resnet50,cue_conflict,p02_r05_a_to_b,317,2,,5.953575611114502,8.012002944946289
resnet50,cue_conflict,p02_r06_a_to_b,1202,2,,5.41206169128418,8.72381591796875
resnet50,cue_conflict,p02_r07_a_to_b,4921,2,,4.529496669769287,9.605161666870117
resnet50,cue_conflict,p02_r08_a_to_b,6264,2,,4.462200164794922,9.65898609161377
resnet50,cue_conflict,p02_r09_a_to_b,6426,2,,5.799735069274902,7.873559951782227
resnet50,cue_conflict,p02_r10_a_to_b,470,2,,4.526688575744629,9.511544227600098
resnet50,cue_conflict,p02_r11_a_to_b,1839,2,,6.681124687194824,7.652095317840576
resnet50,cue_conflict,p02_r13_a_to_b,5237,2,,4.550552845001221,9.528521537780762
resnet50,cue_conflict,p02_r14_a_to_b,409,2,,4.521549701690674,9.526172637939453
resnet50,cue_conflict,p02_r15_a_to_b,6616,2,,5.901505947113037,8.355020523071289
resnet50,cue_conflict,p02_r16_a_to_b,7084,2,,4.433656215667725,9.749560356140137
resnet50,cue_conflict,p02_r18_a_to_b,6028,2,,4.57799768447876,9.577154159545898
resnet50,cue_conflict,p02_r19_a_to_b,6692,2,,4.886906147003174,9.11328125
resnet50,cue_conflict,p02_r20_a_to_b,2392,2,,4.60155725479126,9.49533748626709
resnet50,cue_conflict,p02_r21_a_to_b,483,2,,5.9361958503723145,8.056184768676758
resnet50,cue_conflict,p02_r22_a_to_b,4735,2,,5.00881814956665,9.079209327697754
resnet50,cue_conflict,p02_r02_b_to_a,691,4,,6.522375583648682,8.166388511657715
resnet50,cue_conflict,p02_r03_b_to_a,6288,4,,7.215112209320068,8.100088119506836
resnet50,cue_conflict,p02_r04_b_to_a,3287,4,,6.9195637702941895,7.377897262573242
resnet50,cue_conflict,p02_r05_b_to_a,3512,4,,6.559481143951416,8.350260734558105
resnet50,cue_conflict,p02_r08_b_to_a,3458,4,,12.887763977050781,4.287088394165039
resnet50,cue_conflict,p02_r09_b_to_a,7864,4,,6.98035192489624,7.613186359405518
resnet50,cue_conflict,p02_r10_b_to_a,7475,4,,6.771064758300781,8.378789901733398
resnet50,cue_conflict,p02_r12_b_to_a,171,4,,6.786517143249512,7.576299667358398
resnet50,cue_conflict,p02_r14_b_to_a,5135,4,,6.747412204742432,8.490408897399902
resnet50,cue_conflict,p02_r15_b_to_a,7940,4,,12.041152954101562,4.105062484741211
resnet50,cue_conflict,p02_r16_b_to_a,5062,4,,12.035367012023926,4.114352703094482
resnet50,cue_conflict,p02_r18_b_to_a,5623,4,,6.82112455368042,8.057851791381836
resnet50,cue_conflict,p02_r19_b_to_a,3365,4,,6.82113790512085,8.34060287475586
resnet50,cue_conflict,p02_r20_b_to_a,3763,4,,6.4659104347229,8.798224449157715
resnet50,cue_conflict,p02_r21_b_to_a,7610,4,,12.535289764404297,4.0875396728515625
resnet50,cue_conflict,p02_r22_b_to_a,3179,4,,6.735513687133789,8.381584167480469
resnet50,cue_conflict,p02_r23_b_to_a,5077,4,,12.185905456542969,5.177501678466797
resnet50,cue_conflict,p02_r25_b_to_a,1111,4,,6.454858779907227,8.51612663269043
resnet50,cue_conflict,p02_r26_b_to_a,5213,4,,6.810083389282227,8.336551666259766
resnet50,cue_conflict,p02_r27_b_to_a,6097,4,,6.707211017608643,8.075242042541504
resnet50,cue_conflict,p03_r01_a_to_b,5525,8,,6.041039943695068,7.663390159606934
resnet50,cue_conflict,p03_r02_a_to_b,7875,8,,5.978721618652344,7.984185695648193
resnet50,cue_conflict,p03_r03_a_to_b,706,8,,-0.9932088255882263,3.1974709033966064
resnet50,cue_conflict,p03_r05_a_to_b,3412,8,,5.748400688171387,8.468995094299316
resnet50,cue_conflict,p03_r06_a_to_b,667,8,,5.60313081741333,8.711020469665527
resnet50,cue_conflict,p03_r07_a_to_b,7818,8,,5.66864013671875,8.51382827758789
resnet50,cue_conflict,p03_r10_a_to_b,2109,8,,6.06345272064209,8.604369163513184
resnet50,cue_conflict,p03_r11_a_to_b,6434,8,,6.3753662109375,8.867898941040039
resnet50,cue_conflict,p03_r12_a_to_b,4662,8,,5.852025508880615,7.849553108215332
resnet50,cue_conflict,p03_r13_a_to_b,1640,8,,6.157018184661865,8.325282096862793
resnet50,cue_conflict,p03_r14_a_to_b,5451,8,,5.822564125061035,8.300742149353027
resnet50,cue_conflict,p03_r15_a_to_b,4990,8,,5.851790904998779,7.4883809089660645
resnet50,cue_conflict,p03_r16_a_to_b,5694,8,,5.8415374755859375,8.271333694458008
resnet50,cue_conflict,p03_r17_a_to_b,1783,8,,-0.9927836656570435,3.204397201538086
resnet50,cue_conflict,p03_r18_a_to_b,2340,8,,5.825883865356445,7.727721691131592
resnet50,cue_conflict,p03_r19_a_to_b,2745,8,,6.012696266174316,8.182936668395996
resnet50,cue_conflict,p03_r20_a_to_b,2844,8,,6.175090312957764,8.305638313293457
resnet50,cue_conflict,p03_r21_a_to_b,4242,8,,5.342627048492432,8.877121925354004
resnet50,cue_conflict,p03_r24_a_to_b,3157,8,,5.816352844238281,7.623208045959473
resnet50,cue_conflict,p03_r25_a_to_b,1833,8,,6.05882453918457,8.334977149963379
resnet50,cue_conflict,p03_r01_b_to_a,319,5,,7.338907718658447,7.690519332885742
resnet50,cue_conflict,p03_r02_b_to_a,2391,5,,6.285364627838135,8.394805908203125
resnet50,cue_conflict,p03_r03_b_to_a,5381,5,,6.847923278808594,8.420376777648926
resnet50,cue_conflict,p03_r04_b_to_a,3863,5,,6.647223472595215,8.990682601928711
resnet50,cue_conflict,p03_r05_b_to_a,6358,5,,11.8056640625,6.913993835449219
resnet50,cue_conflict,p03_r06_b_to_a,97,5,,9.633840560913086,9.112593650817871
resnet50,cue_conflict,p03_r07_b_to_a,6224,5,,11.144735336303711,6.388550281524658
resnet50,cue_conflict,p03_r08_b_to_a,2268,5,,6.59113073348999,8.984869003295898
resnet50,cue_conflict,p03_r10_b_to_a,7706,5,,10.844133377075195,6.6999359130859375
resnet50,cue_conflict,p03_r11_b_to_a,2950,5,,6.5245232582092285,8.645645141601562
resnet50,cue_conflict,p03_r12_b_to_a,4290,5,,6.378791809082031,8.148259162902832
resnet50,cue_conflict,p03_r13_b_to_a,7130,5,,7.3770880699157715,7.699375152587891
resnet50,cue_conflict,p03_r14_b_to_a,5924,5,,6.461148738861084,8.611715316772461
resnet50,cue_conflict,p03_r16_b_to_a,6922,5,,6.489721298217773,8.938711166381836
resnet50,cue_conflict,p03_r17_b_to_a,2766,5,,9.726472854614258,9.156180381774902
resnet50,cue_conflict,p03_r20_b_to_a,645,5,,6.5009870529174805,8.318931579589844
resnet50,cue_conflict,p03_r21_b_to_a,6989,5,,11.238286018371582,6.751912593841553
resnet50,cue_conflict,p03_r22_b_to_a,6716,5,,6.138400077819824,8.727509498596191
resnet50,cue_conflict,p03_r23_b_to_a,7413,5,,9.688287734985352,9.208207130432129
resnet50,cue_conflict,p03_r24_b_to_a,4547,5,,6.417900562286377,9.006190299987793
resnet50,cue_conflict,p04_r01_a_to_b,7995,9,,4.158025741577148,9.328999519348145
resnet50,cue_conflict,p04_r02_a_to_b,1515,9,,4.067658424377441,9.263662338256836
resnet50,cue_conflict,p04_r03_a_to_b,7752,9,,3.879605531692505,9.27548885345459
resnet50,cue_conflict,p04_r04_a_to_b,2655,9,,4.048994541168213,9.25206470489502
resnet50,cue_conflict,p04_r06_a_to_b,2114,9,,3.0519864559173584,9.715193748474121
resnet50,cue_conflict,p04_r07_a_to_b,2062,9,,5.033912658691406,8.915631294250488
resnet50,cue_conflict,p04_r08_a_to_b,7380,9,,4.047408103942871,9.336228370666504
resnet50,cue_conflict,p04_r09_a_to_b,5284,9,,5.759197235107422,8.685715675354004
resnet50,cue_conflict,p04_r11_a_to_b,191,9,,4.763263702392578,9.19006061553955
resnet50,cue_conflict,p04_r12_a_to_b,4723,9,,4.548108100891113,9.083049774169922
resnet50,cue_conflict,p04_r13_a_to_b,1430,9,,3.4134297370910645,9.223135948181152
resnet50,cue_conflict,p04_r14_a_to_b,3893,9,,5.107551097869873,8.872092247009277
resnet50,cue_conflict,p04_r15_a_to_b,5851,9,,4.924620628356934,8.970808029174805
resnet50,cue_conflict,p04_r16_a_to_b,7938,9,,5.669456481933594,8.669195175170898
resnet50,cue_conflict,p04_r17_a_to_b,4094,9,,5.303965091705322,8.692237854003906
resnet50,cue_conflict,p04_r18_a_to_b,419,9,,4.524062156677246,9.083243370056152
resnet50,cue_conflict,p04_r19_a_to_b,2011,9,,5.399691104888916,8.645040512084961
resnet50,cue_conflict,p04_r20_a_to_b,1411,9,,6.195804595947266,7.986539363861084
resnet50,cue_conflict,p04_r21_a_to_b,5981,9,,5.511589527130127,8.51790714263916
resnet50,cue_conflict,p04_r22_a_to_b,5452,9,,5.628106594085693,8.48230266571045
resnet50,cue_conflict,p04_r01_b_to_a,1667,6,,6.773837566375732,8.508034706115723
resnet50,cue_conflict,p04_r04_b_to_a,7555,6,,6.711652755737305,8.806964874267578
resnet50,cue_conflict,p04_r06_b_to_a,3292,6,,6.64003324508667,9.00002670288086
resnet50,cue_conflict,p04_r08_b_to_a,4093,6,,9.101275444030762,6.6522674560546875
resnet50,cue_conflict,p04_r09_b_to_a,7108,6,,10.348081588745117,5.505888938903809
resnet50,cue_conflict,p04_r10_b_to_a,7600,6,,6.917789936065674,8.818643569946289
resnet50,cue_conflict,p04_r11_b_to_a,7781,6,,7.098690986633301,8.697031021118164
resnet50,cue_conflict,p04_r12_b_to_a,7338,6,,10.191202163696289,5.120866775512695
resnet50,cue_conflict,p04_r13_b_to_a,5580,6,,4.900336742401123,9.09539794921875
resnet50,cue_conflict,p04_r14_b_to_a,3494,6,,6.671992301940918,8.923821449279785
resnet50,cue_conflict,p04_r16_b_to_a,920,6,,6.743770122528076,8.506499290466309
resnet50,cue_conflict,p04_r19_b_to_a,6713,6,,9.822218894958496,5.858144760131836
resnet50,cue_conflict,p04_r22_b_to_a,3418,6,,10.458863258361816,4.469711780548096
resnet50,cue_conflict,p04_r23_b_to_a,3777,6,,6.795206069946289,8.271323204040527
resnet50,cue_conflict,p04_r24_b_to_a,3962,6,,6.487758636474609,9.002254486083984
resnet50,cue_conflict,p04_r25_b_to_a,2958,6,,10.169723510742188,4.839044570922852
resnet50,cue_conflict,p04_r26_b_to_a,873,6,,11.751330375671387,4.058689594268799
resnet50,cue_conflict,p04_r27_b_to_a,4254,6,,6.545663833618164,8.920741081237793
resnet50,cue_conflict,p04_r28_b_to_a,5858,6,,6.603410243988037,8.36559772491455
resnet50,cue_conflict,p04_r29_b_to_a,3515,6,,11.420906066894531,4.884930610656738
resnet50,cue_conflict,p05_r01_a_to_b,95,1,,6.709995269775391,4.727099418640137
resnet50,cue_conflict,p05_r02_a_to_b,3937,1,,6.995230197906494,4.51483678817749
resnet50,cue_conflict,p05_r03_a_to_b,6169,1,,6.139708518981934,6.516594409942627
resnet50,cue_conflict,p05_r04_a_to_b,5560,1,,6.669297218322754,5.70274019241333
resnet50,cue_conflict,p05_r05_a_to_b,1115,1,,6.52197790145874,5.729036808013916
resnet50,cue_conflict,p05_r06_a_to_b,6938,1,,6.637035369873047,4.769263744354248
resnet50,cue_conflict,p05_r07_a_to_b,1109,1,,6.414125919342041,6.520614147186279
resnet50,cue_conflict,p05_r10_a_to_b,4640,1,,6.681338310241699,5.523093223571777
resnet50,cue_conflict,p05_r11_a_to_b,825,1,,6.451724052429199,5.791536331176758
resnet50,cue_conflict,p05_r12_a_to_b,6594,1,,6.423293113708496,6.426687240600586
resnet50,cue_conflict,p05_r13_a_to_b,261,1,,5.845505714416504,5.265017986297607
resnet50,cue_conflict,p05_r14_a_to_b,116,1,,6.015195846557617,6.1884355545043945
resnet50,cue_conflict,p05_r15_a_to_b,2687,1,,6.6749653816223145,5.588793754577637
resnet50,cue_conflict,p05_r16_a_to_b,5256,1,,6.603368282318115,5.92119836807251
resnet50,cue_conflict,p05_r17_a_to_b,1568,1,,6.275478839874268,6.84346342086792
resnet50,cue_conflict,p05_r18_a_to_b,5220,1,,6.278820991516113,6.97834587097168
resnet50,cue_conflict,p05_r19_a_to_b,6954,1,,6.88219690322876,6.016044616699219
resnet50,cue_conflict,p05_r20_a_to_b,2116,1,,6.782627582550049,6.278875827789307
resnet50,cue_conflict,p05_r21_a_to_b,3491,1,,6.617644309997559,5.4605712890625
resnet50,cue_conflict,p05_r22_a_to_b,5092,1,,6.60227108001709,4.904820919036865
resnet50,cue_conflict,p05_r05_b_to_a,4172,7,,15.68221378326416,5.180328845977783
resnet50,cue_conflict,p05_r06_b_to_a,1711,7,,16.333974838256836,5.557643890380859
resnet50,cue_conflict,p05_r07_b_to_a,4403,7,,15.541574478149414,6.168491363525391
resnet50,cue_conflict,p05_r09_b_to_a,1048,7,,6.484529972076416,6.36000919342041
resnet50,cue_conflict,p05_r15_b_to_a,5450,7,,16.28146743774414,6.513827800750732
resnet50,cue_conflict,p05_r16_b_to_a,1579,7,,16.360280990600586,5.5462517738342285
resnet50,cue_conflict,p05_r17_b_to_a,1771,7,,6.11625862121582,7.280838489532471
resnet50,cue_conflict,p05_r18_b_to_a,29,7,,6.527005672454834,7.004519462585449
resnet50,cue_conflict,p05_r20_b_to_a,6772,7,,5.98085355758667,7.198525428771973
resnet50,cue_conflict,p05_r21_b_to_a,2746,7,,6.276453971862793,6.608709335327148
resnet50,cue_conflict,p05_r22_b_to_a,1220,7,,15.750455856323242,5.055691719055176
resnet50,cue_conflict,p05_r23_b_to_a,269,7,,15.359808921813965,6.143754959106445
resnet50,cue_conflict,p05_r24_b_to_a,5719,7,,16.339086532592773,6.569195747375488
resnet50,cue_conflict,p05_r25_b_to_a,1956,7,,6.1936469078063965,7.680881023406982
resnet50,cue_conflict,p05_r26_b_to_a,2854,7,,15.688153266906738,5.927519798278809
resnet50,cue_conflict,p05_r27_b_to_a,4236,7,,6.896371364593506,7.344138145446777
resnet50,cue_conflict,p05_r28_b_to_a,3404,7,,15.406030654907227,6.1408915519714355
resnet50,cue_conflict,p05_r29_b_to_a,2668,7,,15.694369316101074,5.16128396987915
resnet50,cue_conflict,p05_r30_b_to_a,1440,7,,15.18772029876709,5.847024917602539
resnet50,cue_conflict,p05_r32_b_to_a,4308,7,,6.542398929595947,6.507251262664795
resnet50,translation_32px,6455,6455,0,down,-0.1584724336862564,1.2069518566131592
resnet50,translation_32px,4130,4130,0,right,-0.1649613082408905,-0.09539321810007095
resnet50,translation_32px,2024,2024,0,right,-0.16886430978775024,1.2483941316604614
resnet50,translation_32px,7150,7150,0,left,0.06988770514726639,-0.365306556224823
resnet50,translation_32px,7372,7372,0,right,0.20533330738544464,-0.32745012640953064
resnet50,translation_32px,7009,7009,0,left,-0.1814115047454834,0.44165706634521484
resnet50,translation_32px,3437,3437,0,up,-0.47516050934791565,1.728847861289978
resnet50,translation_32px,4615,4615,0,right,-0.2194516658782959,-0.6579025387763977
resnet50,translation_32px,5999,5999,0,up,-0.07052227854728699,0.11267159879207611
resnet50,translation_32px,4675,4675,0,down,0.11435767263174057,-0.20129773020744324
resnet50,translation_32px,4785,4785,0,down,0.33810749650001526,-0.23833125829696655
resnet50,translation_32px,1175,1175,0,down,0.12954865396022797,-0.6455968618392944
resnet50,translation_32px,1648,1648,0,left,0.17615094780921936,-0.300797700881958
resnet50,translation_32px,4893,4893,0,left,0.21994194388389587,-0.611893892288208
resnet50,translation_32px,1977,1977,0,down,-0.2028055191040039,-0.5465802550315857
resnet50,translation_32px,6986,6986,0,up,-0.677954912185669,2.0190820693969727
resnet50,translation_32px,7634,7634,0,up,0.17190395295619965,-0.5870241522789001
resnet50,translation_32px,6844,6844,0,right,-0.37307462096214294,-0.6469660997390747
resnet50,translation_32px,81,81,0,up,-0.37486574053764343,0.26822832226753235
resnet50,translation_32px,3965,3965,0,left,0.26450175046920776,-0.3465301990509033
resnet50,translation_32px,1204,1204,3,down,12.330474853515625,9.03235912322998
resnet50,translation_32px,4229,4229,3,right,12.862053871154785,8.676448822021484
resnet50,translation_32px,5528,5528,3,up,11.289556503295898,8.092427253723145
resnet50,translation_32px,1401,1401,3,up,12.61404037475586,8.471435546875
resnet50,translation_32px,4821,4821,3,up,11.740142822265625,8.648130416870117
resnet50,translation_32px,6952,6952,3,down,11.892433166503906,8.087385177612305
resnet50,translation_32px,372,372,3,down,12.352272033691406,8.173315048217773
resnet50,translation_32px,4908,4908,3,right,11.99779987335205,8.84935474395752
resnet50,translation_32px,2754,2754,3,left,12.362077713012695,8.655405044555664
resnet50,translation_32px,632,632,3,down,12.735093116760254,9.034667015075684
resnet50,translation_32px,4023,4023,3,left,12.335481643676758,7.366518497467041
resnet50,translation_32px,176,176,3,down,12.416875839233398,8.901338577270508
resnet50,translation_32px,3851,3851,3,left,11.358806610107422,8.466714859008789
resnet50,translation_32px,391,391,3,up,12.66696834564209,8.351489067077637
resnet50,translation_32px,4463,4463,3,left,12.83327579498291,8.631636619567871
resnet50,translation_32px,3375,3375,3,right,12.285983085632324,7.3618903160095215
resnet50,translation_32px,1370,1370,3,right,11.633191108703613,8.183512687683105
resnet50,translation_32px,2539,2539,3,right,12.026229858398438,9.076749801635742
resnet50,translation_32px,979,979,3,left,11.617135047912598,8.271976470947266
resnet50,translation_32px,4590,4590,3,up,12.902351379394531,8.8076171875
resnet50,translation_32px,3067,3067,2,down,2.6933865547180176,11.299247741699219
resnet50,translation_32px,3362,3362,2,up,2.394483804702759,11.843084335327148
resnet50,translation_32px,6244,6244,2,up,3.28759503364563,11.62695026397705
resnet50,translation_32px,6271,6271,2,right,2.321354627609253,11.861536979675293
resnet50,translation_32px,317,317,2,down,3.343738317489624,11.549688339233398
resnet50,translation_32px,1202,1202,2,left,3.3766589164733887,11.657973289489746
resnet50,translation_32px,4921,4921,2,right,3.614685535430908,10.895194053649902
resnet50,translation_32px,6264,6264,2,up,3.2895426750183105,10.956244468688965
resnet50,translation_32px,6426,6426,2,left,2.905888557434082,11.572566032409668
resnet50,translation_32px,470,470,2,right,2.371314287185669,11.817631721496582
resnet50,translation_32px,1839,1839,2,left,3.4908599853515625,11.485523223876953
resnet50,translation_32px,5237,5237,2,down,3.1702451705932617,11.227900505065918
resnet50,translation_32px,409,409,2,right,2.696091413497925,11.605524063110352
resnet50,translation_32px,6616,6616,2,right,3.3157436847686768,11.540735244750977
resnet50,translation_32px,7084,7084,2,down,3.572967529296875,10.78361701965332
resnet50,translation_32px,6028,6028,2,left,3.6084020137786865,11.430096626281738
resnet50,translation_32px,6692,6692,2,up,3.363720655441284,11.16113567352295
resnet50,translation_32px,2392,2392,2,down,3.0000789165496826,10.983694076538086
resnet50,translation_32px,483,483,2,up,3.2090976238250732,11.334014892578125
resnet50,translation_32px,4735,4735,2,left,2.720357656478882,10.779915809631348
resnet50,translation_32px,691,691,4,right,12.584402084350586,4.044001579284668
resnet50,translation_32px,6288,6288,4,left,12.399921417236328,4.037970066070557
resnet50,translation_32px,3287,3287,4,right,12.53933334350586,5.046732425689697
resnet50,translation_32px,3512,3512,4,up,12.532925605773926,4.850289821624756
resnet50,translation_32px,3458,3458,4,right,12.843242645263672,4.372640609741211
resnet50,translation_32px,7864,7864,4,up,12.616547584533691,5.216209888458252
resnet50,translation_32px,7475,7475,4,down,12.192987442016602,5.0502800941467285
resnet50,translation_32px,171,171,4,down,12.785601615905762,4.735291004180908
resnet50,translation_32px,5135,5135,4,left,12.140873908996582,3.9949116706848145
resnet50,translation_32px,7940,7940,4,left,12.444539070129395,4.766600131988525
resnet50,translation_32px,5062,5062,4,left,12.20589828491211,4.485168933868408
resnet50,translation_32px,5623,5623,4,up,12.60223388671875,4.885432720184326
resnet50,translation_32px,3365,3365,4,right,12.352018356323242,5.46781587600708
resnet50,translation_32px,3763,3763,4,down,12.695849418640137,4.894950866699219
resnet50,translation_32px,7610,7610,4,up,12.534218788146973,4.1678266525268555
resnet50,translation_32px,3179,3179,4,left,12.159961700439453,5.403428077697754
resnet50,translation_32px,5077,5077,4,down,12.344797134399414,5.213204383850098
resnet50,translation_32px,1111,1111,4,up,12.224748611450195,5.309600353240967
resnet50,translation_32px,5213,5213,4,right,12.514552116394043,5.028271675109863
resnet50,translation_32px,6097,6097,4,down,12.500267028808594,5.187249183654785
resnet50,translation_32px,5525,5525,8,left,-0.7282959222793579,2.9358696937561035
resnet50,translation_32px,7875,7875,8,up,-1.051160454750061,2.8249239921569824
resnet50,translation_32px,706,706,8,up,-0.7499153017997742,2.8043978214263916
resnet50,translation_32px,3412,3412,8,up,-1.8501183986663818,2.495755434036255
resnet50,translation_32px,667,667,8,down,-1.9421285390853882,2.482417583465576
resnet50,translation_32px,7818,7818,8,right,-2.0377166271209717,3.0510635375976562
resnet50,translation_32px,2109,2109,8,down,-0.561363697052002,2.9809510707855225
resnet50,translation_32px,6434,6434,8,up,-1.4347256422042847,3.148249626159668
resnet50,translation_32px,4662,4662,8,down,-1.4193934202194214,3.186208963394165
resnet50,translation_32px,1640,1640,8,right,-0.449150413274765,3.0921621322631836
resnet50,translation_32px,5451,5451,8,up,-1.4149771928787231,2.8789491653442383
resnet50,translation_32px,4990,4990,8,down,-1.4526864290237427,2.4989936351776123
resnet50,translation_32px,5694,5694,8,left,-0.7617024183273315,2.669339179992676
resnet50,translation_32px,1783,1783,8,right,-1.1171042919158936,2.810302734375
resnet50,translation_32px,2340,2340,8,left,-2.140667200088501,2.995823860168457
resnet50,translation_32px,2745,2745,8,down,-1.461767315864563,2.991342544555664
resnet50,translation_32px,2844,2844,8,right,-0.8883789777755737,2.5196354389190674
resnet50,translation_32px,4242,4242,8,left,-2.2821991443634033,3.0846359729766846
resnet50,translation_32px,3157,3157,8,left,-1.9784711599349976,2.868454933166504
resnet50,translation_32px,1833,1833,8,right,-2.2377262115478516,3.053689479827881
resnet50,translation_32px,319,319,5,left,10.301280975341797,7.219287395477295
resnet50,translation_32px,2391,2391,5,right,13.130541801452637,5.965529441833496
resnet50,translation_32px,5381,5381,5,right,10.728135108947754,6.28957462310791
resnet50,translation_32px,3863,3863,5,down,10.888470649719238,5.689204692840576
resnet50,translation_32px,6358,6358,5,right,11.881942749023438,6.870420932769775
resnet50,translation_32px,97,97,5,up,9.923027992248535,9.12544059753418
resnet50,translation_32px,6224,6224,5,left,11.097667694091797,6.329015254974365
resnet50,translation_32px,2268,2268,5,up,9.995064735412598,9.105695724487305
resnet50,translation_32px,7706,7706,5,right,10.738761901855469,6.602155685424805
resnet50,translation_32px,2950,2950,5,right,10.966477394104004,7.376036167144775
resnet50,translation_32px,4290,4290,5,down,13.133288383483887,5.880200386047363
resnet50,translation_32px,7130,7130,5,left,11.094390869140625,5.8814377784729
resnet50,translation_32px,5924,5924,5,up,11.14474868774414,6.383213520050049
resnet50,translation_32px,6922,6922,5,down,11.47744083404541,6.69307279586792
resnet50,translation_32px,2766,2766,5,up,9.855113983154297,9.234478950500488
resnet50,translation_32px,645,645,5,up,11.44772720336914,6.672035217285156
resnet50,translation_32px,6989,6989,5,left,11.306821823120117,6.215595722198486
resnet50,translation_32px,6716,6716,5,down,10.570062637329102,6.732452392578125
resnet50,translation_32px,7413,7413,5,down,9.898655891418457,9.214159965515137
resnet50,translation_32px,4547,4547,5,left,10.291044235229492,7.268826484680176
resnet50,translation_32px,7995,7995,9,left,2.3001277446746826,9.910228729248047
resnet50,translation_32px,1515,1515,9,up,1.9322841167449951,9.217999458312988
resnet50,translation_32px,7752,7752,9,down,2.893453359603882,9.702432632446289
resnet50,translation_32px,2655,2655,9,up,2.433107376098633,9.8296537399292
resnet50,translation_32px,2114,2114,9,right,2.950085163116455,9.723437309265137
resnet50,translation_32px,2062,2062,9,up,1.7718491554260254,9.174215316772461
resnet50,translation_32px,7380,7380,9,down,1.9702914953231812,9.186872482299805
resnet50,translation_32px,5284,5284,9,right,2.7210307121276855,9.504076957702637
resnet50,translation_32px,191,191,9,up,2.4149014949798584,10.031736373901367
resnet50,translation_32px,4723,4723,9,left,2.571230888366699,9.51203727722168
resnet50,translation_32px,1430,1430,9,left,2.869921922683716,9.299256324768066
resnet50,translation_32px,3893,3893,9,left,2.944199323654175,9.754125595092773
resnet50,translation_32px,5851,5851,9,right,1.747193455696106,9.068121910095215
resnet50,translation_32px,7938,7938,9,down,2.553635358810425,9.556981086730957
resnet50,translation_32px,4094,4094,9,down,1.4384098052978516,9.165948867797852
resnet50,translation_32px,419,419,9,up,2.101001501083374,9.850679397583008
resnet50,translation_32px,2011,2011,9,left,1.6702779531478882,9.715571403503418
resnet50,translation_32px,1411,1411,9,right,1.4736099243164062,9.136303901672363
resnet50,translation_32px,5981,5981,9,down,1.7261282205581665,9.798074722290039
resnet50,translation_32px,5452,5452,9,right,1.645274043083191,9.621623992919922
resnet50,translation_32px,1667,1667,6,down,10.083639144897461,5.259627819061279
resnet50,translation_32px,7555,7555,6,right,10.156668663024902,5.942915439605713
resnet50,translation_32px,3292,3292,6,up,9.744165420532227,6.035926818847656
resnet50,translation_32px,4093,4093,6,right,9.265301704406738,6.516205310821533
resnet50,translation_32px,7108,7108,6,left,10.467533111572266,5.631321907043457
resnet50,translation_32px,7600,7600,6,down,10.37320613861084,4.828184604644775
resnet50,translation_32px,7781,7781,6,down,11.070712089538574,5.334693908691406
resnet50,translation_32px,7338,7338,6,right,10.281001091003418,5.031892776489258
resnet50,translation_32px,5580,5580,6,up,10.536060333251953,5.811363697052002
resnet50,translation_32px,3494,3494,6,right,10.34771728515625,4.777184009552002
resnet50,translation_32px,920,920,6,left,11.376708984375,4.556484222412109
resnet50,translation_32px,6713,6713,6,left,9.906501770019531,5.931144714355469
resnet50,translation_32px,3418,3418,6,down,10.468524932861328,4.569799900054932
resnet50,translation_32px,3777,3777,6,left,10.71172046661377,4.74561071395874
resnet50,translation_32px,3962,3962,6,up,11.05296516418457,5.369596004486084
resnet50,translation_32px,2958,2958,6,right,10.293705940246582,4.7554030418396
resnet50,translation_32px,873,873,6,down,11.717586517333984,4.06370210647583
resnet50,translation_32px,4254,4254,6,up,11.297664642333984,5.369115352630615
resnet50,translation_32px,5858,5858,6,up,11.77171802520752,4.996452808380127
resnet50,translation_32px,3515,3515,6,left,11.462273597717285,4.828061580657959
resnet50,translation_32px,95,95,1,right,6.740867614746094,4.643658638000488
resnet50,translation_32px,3937,3937,1,up,6.957758903503418,4.459415435791016
resnet50,translation_32px,6169,6169,1,left,5.836236953735352,6.0190277099609375
resnet50,translation_32px,5560,5560,1,down,10.026019096374512,6.665008544921875
resnet50,translation_32px,1115,1115,1,down,6.549802303314209,5.348962306976318
resnet50,translation_32px,6938,6938,1,down,6.589306831359863,4.77796745300293
resnet50,translation_32px,1109,1109,1,up,5.725545406341553,5.727959632873535
resnet50,translation_32px,4640,4640,1,left,6.778618812561035,5.3652024269104
resnet50,translation_32px,825,825,1,down,5.762289524078369,5.250408172607422
resnet50,translation_32px,6594,6594,1,down,5.6390509605407715,5.758388042449951
resnet50,translation_32px,261,261,1,right,5.717654705047607,5.168135643005371
resnet50,translation_32px,116,116,1,left,5.954830169677734,5.987298488616943
resnet50,translation_32px,2687,2687,1,left,6.830287933349609,5.037268161773682
resnet50,translation_32px,5256,5256,1,right,6.98322868347168,4.484455108642578
resnet50,translation_32px,1568,1568,1,right,11.824041366577148,8.87375259399414
resnet50,translation_32px,5220,5220,1,right,6.362289905548096,7.119325637817383
resnet50,translation_32px,6954,6954,1,up,7.002929210662842,5.838249683380127
resnet50,translation_32px,2116,2116,1,left,12.512402534484863,9.130024909973145
resnet50,translation_32px,3491,3491,1,up,6.662230968475342,5.275583744049072
resnet50,translation_32px,5092,5092,1,up,6.313243865966797,5.00472354888916
resnet50,translation_32px,4172,4172,7,up,15.728087425231934,5.029942035675049
resnet50,translation_32px,1711,1711,7,right,16.341018676757812,5.544422149658203
resnet50,translation_32px,4403,4403,7,up,15.127935409545898,5.706510543823242
resnet50,translation_32px,1048,1048,7,left,14.920491218566895,5.743091583251953
resnet50,translation_32px,5450,5450,7,left,16.292213439941406,6.534623146057129
resnet50,translation_32px,1579,1579,7,down,16.32329750061035,5.588802337646484
resnet50,translation_32px,1771,1771,7,up,14.677847862243652,6.007692813873291
resnet50,translation_32px,29,29,7,left,15.684514045715332,5.94071626663208
resnet50,translation_32px,6772,6772,7,left,13.049338340759277,5.54031229019165
resnet50,translation_32px,2746,2746,7,left,15.615001678466797,5.644686222076416
resnet50,translation_32px,1220,1220,7,down,15.734845161437988,5.103392601013184
resnet50,translation_32px,269,269,7,down,15.260769844055176,6.1306257247924805
resnet50,translation_32px,5719,5719,7,right,16.355796813964844,6.5865020751953125
resnet50,translation_32px,1956,1956,7,up,12.380596160888672,6.149927616119385
resnet50,translation_32px,2854,2854,7,down,15.681891441345215,5.254464149475098
resnet50,translation_32px,4236,4236,7,right,16.11088752746582,6.3679609298706055
resnet50,translation_32px,3404,3404,7,down,15.216989517211914,5.965622425079346
resnet50,translation_32px,2668,2668,7,up,15.66536808013916,5.1834797859191895
resnet50,translation_32px,1440,1440,7,right,15.024872779846191,5.759138584136963
resnet50,translation_32px,4308,4308,7,right,15.646225929260254,6.291711807250977
resnet50,patch_shuffle,6455,6455,0,,-0.18106906116008759,1.2360248565673828
resnet50,patch_shuffle,4130,4130,0,,-0.28432726860046387,-0.14875423908233643
resnet50,patch_shuffle,2024,2024,0,,-0.17120255529880524,1.2476118803024292
resnet50,patch_shuffle,7150,7150,0,,-0.329597145318985,-0.5959073901176453
resnet50,patch_shuffle,7372,7372,0,,-0.25199276208877563,-0.4252665936946869
resnet50,patch_shuffle,7009,7009,0,,-0.20207782089710236,0.6966870427131653
resnet50,patch_shuffle,3437,3437,0,,-0.48610636591911316,1.7486438751220703
resnet50,patch_shuffle,4615,4615,0,,-0.3541065454483032,-0.6850988268852234
resnet50,patch_shuffle,5999,5999,0,,-0.10802984237670898,0.38033074140548706
resnet50,patch_shuffle,4675,4675,0,,-0.19928686320781708,-0.3329709470272064
resnet50,patch_shuffle,4785,4785,0,,0.3748134672641754,-0.20921921730041504
resnet50,patch_shuffle,1175,1175,0,,-0.18380855023860931,-0.7327072024345398
resnet50,patch_shuffle,1648,1648,0,,-0.1570296436548233,-0.41200700402259827
resnet50,patch_shuffle,4893,4893,0,,-0.16138243675231934,-0.7143397331237793
resnet50,patch_shuffle,1977,1977,0,,-0.3419027328491211,-0.6300598382949829
resnet50,patch_shuffle,6986,6986,0,,-0.7429947853088379,2.1276190280914307
resnet50,patch_shuffle,7634,7634,0,,-0.1953606903553009,-0.7111777067184448
resnet50,patch_shuffle,6844,6844,0,,-0.42111244797706604,-0.7042302489280701
resnet50,patch_shuffle,81,81,0,,-0.35691314935684204,0.3461688756942749
resnet50,patch_shuffle,3965,3965,0,,-0.27017542719841003,-0.6080276370048523
resnet50,patch_shuffle,1204,1204,3,,12.379886627197266,8.98940372467041
resnet50,patch_shuffle,4229,4229,3,,12.826348304748535,8.86163330078125
resnet50,patch_shuffle,5528,5528,3,,11.183095932006836,8.025627136230469
resnet50,patch_shuffle,1401,1401,3,,12.698456764221191,8.491132736206055
resnet50,patch_shuffle,4821,4821,3,,11.738483428955078,8.647370338439941
resnet50,patch_shuffle,6952,6952,3,,11.970725059509277,8.008792877197266
resnet50,patch_shuffle,372,372,3,,12.285676956176758,8.1530179977417
resnet50,patch_shuffle,4908,4908,3,,12.119479179382324,8.896150588989258
resnet50,patch_shuffle,2754,2754,3,,12.376502990722656,8.522047996520996
resnet50,patch_shuffle,632,632,3,,12.58768367767334,9.08523941040039
resnet50,patch_shuffle,4023,4023,3,,12.35706901550293,7.200121879577637
resnet50,patch_shuffle,176,176,3,,12.518961906433105,9.047033309936523
resnet50,patch_shuffle,3851,3851,3,,11.219472885131836,8.519111633300781
resnet50,patch_shuffle,391,391,3,,13.232545852661133,6.3593831062316895
resnet50,patch_shuffle,4463,4463,3,,12.646556854248047,8.894655227661133
resnet50,patch_shuffle,3375,3375,3,,12.171488761901855,7.142355918884277
resnet50,patch_shuffle,1370,1370,3,,11.710426330566406,8.096487998962402
resnet50,patch_shuffle,2539,2539,3,,12.041191101074219,9.04031753540039
resnet50,patch_shuffle,979,979,3,,11.66614818572998,8.240758895874023
resnet50,patch_shuffle,4590,4590,3,,12.8258695602417,8.895195960998535
resnet50,patch_shuffle,3067,3067,2,,2.524540424346924,11.131143569946289
resnet50,patch_shuffle,3362,3362,2,,2.3743414878845215,11.84017276763916
resnet50,patch_shuffle,6244,6244,2,,2.6084227561950684,10.329018592834473
resnet50,patch_shuffle,6271,6271,2,,2.3409295082092285,11.781381607055664
resnet50,patch_shuffle,317,317,2,,3.1236541271209717,11.195717811584473
resnet50,patch_shuffle,1202,1202,2,,3.1585073471069336,11.503670692443848
resnet50,patch_shuffle,4921,4921,2,,3.4012374877929688,10.712453842163086
resnet50,patch_shuffle,6264,6264,2,,3.1767263412475586,10.657750129699707
resnet50,patch_shuffle,6426,6426,2,,3.092045545578003,11.571499824523926
resnet50,patch_shuffle,470,470,2,,2.3466997146606445,11.82639217376709
resnet50,patch_shuffle,1839,1839,2,,3.5120177268981934,11.476885795593262
resnet50,patch_shuffle,5237,5237,2,,3.060394763946533,11.177773475646973
resnet50,patch_shuffle,409,409,2,,2.5502564907073975,11.63684368133545
resnet50,patch_shuffle,6616,6616,2,,3.3092331886291504,11.455414772033691
resnet50,patch_shuffle,7084,7084,2,,3.4817378520965576,10.782552719116211
resnet50,patch_shuffle,6028,6028,2,,3.6106584072113037,11.372169494628906
resnet50,patch_shuffle,6692,6692,2,,2.7888946533203125,10.71090030670166
resnet50,patch_shuffle,2392,2392,2,,2.6978065967559814,10.843025207519531
resnet50,patch_shuffle,483,483,2,,3.0799202919006348,11.103976249694824
resnet50,patch_shuffle,4735,4735,2,,2.526203155517578,10.461146354675293
resnet50,patch_shuffle,691,691,4,,12.681114196777344,4.078678607940674
resnet50,patch_shuffle,6288,6288,4,,12.371227264404297,3.93887996673584
resnet50,patch_shuffle,3287,3287,4,,12.450460433959961,5.4279866218566895
resnet50,patch_shuffle,3512,3512,4,,13.01584529876709,5.1195969581604
resnet50,patch_shuffle,3458,3458,4,,12.843866348266602,4.477489948272705
resnet50,patch_shuffle,7864,7864,4,,12.73194408416748,5.408188819885254
resnet50,patch_shuffle,7475,7475,4,,11.833658218383789,5.357946872711182
resnet50,patch_shuffle,171,171,4,,12.755684852600098,4.974555015563965
resnet50,patch_shuffle,5135,5135,4,,12.011746406555176,4.080532550811768
resnet50,patch_shuffle,7940,7940,4,,12.771878242492676,5.357879161834717
resnet50,patch_shuffle,5062,5062,4,,11.544402122497559,5.3688836097717285
resnet50,patch_shuffle,5623,5623,4,,12.660364151000977,5.756932258605957
resnet50,patch_shuffle,3365,3365,4,,12.290925025939941,5.717255115509033
resnet50,patch_shuffle,3763,3763,4,,12.64972972869873,4.929360389709473
resnet50,patch_shuffle,7610,7610,4,,12.479154586791992,4.039659023284912
resnet50,patch_shuffle,3179,3179,4,,12.166349411010742,5.872707366943359
resnet50,patch_shuffle,5077,5077,4,,12.66490364074707,5.308421611785889
resnet50,patch_shuffle,1111,1111,4,,12.439815521240234,5.330780029296875
resnet50,patch_shuffle,5213,5213,4,,12.737774848937988,5.139678001403809
resnet50,patch_shuffle,6097,6097,4,,12.603621482849121,5.360628604888916
resnet50,patch_shuffle,5525,5525,8,,-0.6012324094772339,2.9003872871398926
resnet50,patch_shuffle,7875,7875,8,,-1.15470290184021,2.950456142425537
resnet50,patch_shuffle,706,706,8,,-0.656510055065155,2.8979554176330566
resnet50,patch_shuffle,3412,3412,8,,-1.8977224826812744,2.540299654006958
resnet50,patch_shuffle,667,667,8,,-1.9986088275909424,2.6238155364990234
resnet50,patch_shuffle,7818,7818,8,,-1.7494800090789795,3.093674898147583
resnet50,patch_shuffle,2109,2109,8,,-0.5091944932937622,3.020491361618042
resnet50,patch_shuffle,6434,6434,8,,-1.6154601573944092,3.16845703125
resnet50,patch_shuffle,4662,4662,8,,-1.3609516620635986,3.0998055934906006
resnet50,patch_shuffle,1640,1640,8,,-0.45235008001327515,3.0919508934020996
resnet50,patch_shuffle,5451,5451,8,,-1.6781580448150635,2.8246283531188965
resnet50,patch_shuffle,4990,4990,8,,-1.6012195348739624,2.5362889766693115
resnet50,patch_shuffle,5694,5694,8,,-0.7112554907798767,2.660149574279785
resnet50,patch_shuffle,1783,1783,8,,-1.0342634916305542,2.8259530067443848
resnet50,patch_shuffle,2340,2340,8,,-2.0187928676605225,2.8646154403686523
resnet50,patch_shuffle,2745,2745,8,,-1.9158122539520264,2.9525463581085205
resnet50,patch_shuffle,2844,2844,8,,-0.9563583731651306,2.503608226776123
resnet50,patch_shuffle,4242,4242,8,,-2.176734209060669,2.978994607925415
resnet50,patch_shuffle,3157,3157,8,,-1.9555480480194092,2.8496696949005127
resnet50,patch_shuffle,1833,1833,8,,-2.245462417602539,3.0633883476257324
resnet50,patch_shuffle,319,319,5,,10.308218002319336,7.231164932250977
resnet50,patch_shuffle,2391,2391,5,,13.04912281036377,6.034169673919678
resnet50,patch_shuffle,5381,5381,5,,10.724678993225098,6.24459981918335
resnet50,patch_shuffle,3863,3863,5,,11.030011177062988,5.780311107635498
resnet50,patch_shuffle,6358,6358,5,,11.80953598022461,6.785649299621582
resnet50,patch_shuffle,97,97,5,,9.880130767822266,9.11827564239502
resnet50,patch_shuffle,6224,6224,5,,11.14823055267334,6.29808235168457
resnet50,patch_shuffle,2268,2268,5,,10.064203262329102,9.070699691772461
resnet50,patch_shuffle,7706,7706,5,,10.609440803527832,6.513606548309326
resnet50,patch_shuffle,2950,2950,5,,10.964075088500977,7.350186347961426
resnet50,patch_shuffle,4290,4290,5,,13.218606948852539,6.020634651184082
resnet50,patch_shuffle,7130,7130,5,,11.157927513122559,5.855580806732178
resnet50,patch_shuffle,5924,5924,5,,11.18530559539795,6.324921607971191
resnet50,patch_shuffle,6922,6922,5,,11.43061637878418,6.622269630432129
resnet50,patch_shuffle,2766,2766,5,,9.78480052947998,9.10407543182373
resnet50,patch_shuffle,645,645,5,,11.410639762878418,6.39774227142334
resnet50,patch_shuffle,6989,6989,5,,11.409933090209961,6.1353535652160645
resnet50,patch_shuffle,6716,6716,5,,10.523347854614258,6.701859474182129
resnet50,patch_shuffle,7413,7413,5,,9.874841690063477,9.1900053024292
resnet50,patch_shuffle,4547,4547,5,,10.346314430236816,7.263720512390137
resnet50,patch_shuffle,7995,7995,9,,2.462068557739258,10.239059448242188
resnet50,patch_shuffle,1515,1515,9,,2.5986239910125732,10.062386512756348
resnet50,patch_shuffle,7752,7752,9,,2.8679940700531006,9.745683670043945
resnet50,patch_shuffle,2655,2655,9,,2.4965953826904297,9.948827743530273
resnet50,patch_shuffle,2114,2114,9,,2.9865052700042725,9.7023286819458
resnet50,patch_shuffle,2062,2062,9,,1.7787559032440186,9.386897087097168
resnet50,patch_shuffle,7380,7380,9,,2.5721371173858643,10.417356491088867
resnet50,patch_shuffle,5284,5284,9,,2.789510488510132,9.53037166595459
resnet50,patch_shuffle,191,191,9,,2.481013774871826,10.160447120666504
resnet50,patch_shuffle,4723,4723,9,,2.4221208095550537,9.427990913391113
resnet50,patch_shuffle,1430,1430,9,,2.848905324935913,9.471212387084961
resnet50,patch_shuffle,3893,3893,9,,2.790257453918457,9.938741683959961
resnet50,patch_shuffle,5851,5851,9,,1.6241670846939087,9.072641372680664
resnet50,patch_shuffle,7938,7938,9,,2.612539768218994,10.14625072479248
resnet50,patch_shuffle,4094,4094,9,,1.4432967901229858,9.226428031921387
resnet50,patch_shuffle,419,419,9,,2.063525676727295,9.959623336791992
resnet50,patch_shuffle,2011,2011,9,,1.8865419626235962,9.903299331665039
resnet50,patch_shuffle,1411,1411,9,,1.5009181499481201,9.127161979675293
resnet50,patch_shuffle,5981,5981,9,,1.8634424209594727,9.92389965057373
resnet50,patch_shuffle,5452,5452,9,,1.7343008518218994,9.706416130065918
resnet50,patch_shuffle,1667,1667,6,,10.09880256652832,5.308609962463379
resnet50,patch_shuffle,7555,7555,6,,10.32900333404541,6.0247368812561035
resnet50,patch_shuffle,3292,3292,6,,9.665963172912598,6.111135482788086
resnet50,patch_shuffle,4093,4093,6,,9.272068977355957,6.515842914581299
resnet50,patch_shuffle,7108,7108,6,,10.608641624450684,5.5830559730529785
resnet50,patch_shuffle,7600,7600,6,,10.508134841918945,5.209386348724365
resnet50,patch_shuffle,7781,7781,6,,11.13836669921875,5.39109468460083
resnet50,patch_shuffle,7338,7338,6,,10.239558219909668,5.123669624328613
resnet50,patch_shuffle,5580,5580,6,,10.568535804748535,5.94974422454834
resnet50,patch_shuffle,3494,3494,6,,10.705066680908203,5.391830921173096
resnet50,patch_shuffle,920,920,6,,11.173563003540039,4.684506416320801
resnet50,patch_shuffle,6713,6713,6,,9.919297218322754,5.9929585456848145
resnet50,patch_shuffle,3418,3418,6,,10.477999687194824,4.618118762969971
resnet50,patch_shuffle,3777,3777,6,,10.92149829864502,5.075329303741455
resnet50,patch_shuffle,3962,3962,6,,11.22375774383545,5.549259185791016
resnet50,patch_shuffle,2958,2958,6,,10.34933090209961,4.70441198348999
resnet50,patch_shuffle,873,873,6,,11.711864471435547,4.064393520355225
resnet50,patch_shuffle,4254,4254,6,,11.385549545288086,5.430614471435547
resnet50,patch_shuffle,5858,5858,6,,11.858396530151367,5.123907089233398
resnet50,patch_shuffle,3515,3515,6,,11.410150527954102,5.067806243896484
resnet50,patch_shuffle,95,95,1,,6.692045211791992,4.731255531311035
resnet50,patch_shuffle,3937,3937,1,,7.012785911560059,4.426242828369141
resnet50,patch_shuffle,6169,6169,1,,5.864775657653809,6.0477495193481445
resnet50,patch_shuffle,5560,5560,1,,9.958354949951172,6.718753337860107
resnet50,patch_shuffle,1115,1115,1,,6.528618812561035,5.391096591949463
resnet50,patch_shuffle,6938,6938,1,,6.626151084899902,4.781656265258789
resnet50,patch_shuffle,1109,1109,1,,5.753031253814697,5.7422285079956055
resnet50,patch_shuffle,4640,4640,1,,6.8788886070251465,5.448632717132568
resnet50,patch_shuffle,825,825,1,,5.763165473937988,5.269227504730225
resnet50,patch_shuffle,6594,6594,1,,5.684824466705322,5.788361549377441
resnet50,patch_shuffle,261,261,1,,5.836960792541504,5.241568088531494
resnet50,patch_shuffle,116,116,1,,5.944177150726318,6.0101447105407715
resnet50,patch_shuffle,2687,2687,1,,6.825407981872559,4.968477725982666
resnet50,patch_shuffle,5256,5256,1,,6.963401794433594,4.490401268005371
resnet50,patch_shuffle,1568,1568,1,,11.781597137451172,8.871720314025879
resnet50,patch_shuffle,5220,5220,1,,6.315985202789307,6.987944602966309
resnet50,patch_shuffle,6954,6954,1,,7.100236892700195,5.916999340057373
resnet50,patch_shuffle,2116,2116,1,,12.461631774902344,9.211615562438965
resnet50,patch_shuffle,3491,3491,1,,6.688559532165527,5.2996063232421875
resnet50,patch_shuffle,5092,5092,1,,6.279095649719238,4.944987773895264
resnet50,patch_shuffle,4172,4172,7,,15.577702522277832,5.112252235412598
resnet50,patch_shuffle,1711,1711,7,,16.36434555053711,5.561887264251709
resnet50,patch_shuffle,4403,4403,7,,15.141929626464844,5.6225810050964355
resnet50,patch_shuffle,1048,1048,7,,14.705596923828125,5.641725540161133
resnet50,patch_shuffle,5450,5450,7,,16.265419006347656,6.523775577545166
resnet50,patch_shuffle,1579,1579,7,,16.365489959716797,5.567260265350342
resnet50,patch_shuffle,1771,1771,7,,14.602230072021484,6.019434928894043
resnet50,patch_shuffle,29,29,7,,15.613164901733398,5.919366836547852
resnet50,patch_shuffle,6772,6772,7,,12.962661743164062,5.518882751464844
resnet50,patch_shuffle,2746,2746,7,,15.685920715332031,5.668307781219482
resnet50,patch_shuffle,1220,1220,7,,15.656314849853516,5.041509628295898
resnet50,patch_shuffle,269,269,7,,15.219901084899902,6.184539794921875
resnet50,patch_shuffle,5719,5719,7,,16.351051330566406,6.577780723571777
resnet50,patch_shuffle,1956,1956,7,,12.443900108337402,6.1080427169799805
resnet50,patch_shuffle,2854,2854,7,,15.569275856018066,5.138082027435303
resnet50,patch_shuffle,4236,4236,7,,16.0428524017334,6.318530082702637
resnet50,patch_shuffle,3404,3404,7,,15.301323890686035,6.094964504241943
resnet50,patch_shuffle,2668,2668,7,,15.411094665527344,5.217884540557861
resnet50,patch_shuffle,1440,1440,7,,14.9668607711792,5.650568008422852
resnet50,patch_shuffle,4308,4308,7,,15.519563674926758,6.459264755249023
