epoch,classification_loss,mmd_loss,mmd_median_squared_distance,mmd_off_diagonal_zero_count,domain_loss,domain_accuracy,grl_strength,gradient_norm,gradient_norm_after_clipping,gradient_clipped_fraction,photo_accuracy,photo_macro_f1,art_painting_accuracy,art_painting_macro_f1,cartoon_accuracy,cartoon_macro_f1,mean_source_accuracy,mean_source_macro_f1
1,0.4684091264263113,0.0,0.0,0.0,0.0,0.0,0.0,11.444335723620524,11.296309906150558,0.03829787234042553,0.9491017964071856,0.9408885088034341,0.8585365853658536,0.8557340134764917,0.8827292110874201,0.892778347574021,0.8967891976201532,0.8964669566179823
2,0.219952261844214,0.0,0.0,0.0,0.0,0.0,0.0,8.812539847681487,8.741875052920594,0.029787234042553193,0.9610778443113772,0.9537360981180872,0.9121951219512195,0.9122602359338371,0.9253731343283582,0.9314273226878326,0.9328820335303183,0.9324745522465857
3,0.1537623070309216,0.0,0.0,0.0,0.0,0.0,0.0,7.513752849560897,7.479469569182012,0.01276595744680851,0.937125748502994,0.9266371730133429,0.8609756097560975,0.8552064347530836,0.8848614072494669,0.8782689512579436,0.8943209218361862,0.8867041863414565
4,0.11141446492872498,0.0,0.0,0.0,0.0,0.0,0.0,6.338605270277318,6.286230881211244,0.00851063829787234,0.9730538922155688,0.9681339341150288,0.9097560975609756,0.9119171075935996,0.9402985074626866,0.947827661029101,0.9410361657464104,0.9426262342459099
5,0.09719537653393072,0.0,0.0,0.0,0.0,0.0,0.0,6.398825134285676,6.3360142535044455,0.02553191489361702,0.9730538922155688,0.9693642646927964,0.9097560975609756,0.9117536211150845,0.9381663113006397,0.9384960225421423,0.9403254336923946,0.9398713027833411
6,0.07847832280280505,0.0,0.0,0.0,0.0,0.0,0.0,5.848654859598175,5.807658030333818,0.00851063829787234,0.9580838323353293,0.9501392607100604,0.8707317073170732,0.8697271651372553,0.9488272921108742,0.9515527393672149,0.9258809439210922,0.9238063884048436
7,0.06384838334107623,0.0,0.0,0.0,0.0,0.0,0.0,5.039442397038488,5.028061547853173,0.00425531914893617,0.9670658682634731,0.9604074954397207,0.9121951219512195,0.9097425913920393,0.9402985074626866,0.9404801266982401,0.9398531658924597,0.9368767378433334
8,0.06482808559841477,0.0,0.0,0.0,0.0,0.0,0.0,4.837154238227541,4.747717698693723,0.02553191489361702,0.9580838323353293,0.9526162451457012,0.8536585365853658,0.8517803655053485,0.929637526652452,0.9225472336345807,0.9137932985243823,0.9089812814285435
9,0.05983619278722859,0.0,0.0,0.0,0.0,0.0,0.0,4.6036472017421275,4.5896117581562885,0.00851063829787234,0.9640718562874252,0.96092343479161,0.8975609756097561,0.892162853754755,0.9488272921108742,0.9493131254725721,0.9368200413360185,0.9341331380063124
