run_id,index,truth,prediction
cdan,1630,1,1
cdan,885,0,0
cdan,1957,1,1
cdan,85,0,0
cdan,253,0,0
cdan,1612,1,1
cdan,939,0,0
cdan,1895,1,1
cdan,572,0,0
cdan,229,0,0
cdan,651,0,0
cdan,93,0,0
cdan,1144,1,1
cdan,765,0,0
cdan,1878,1,1
cdan,1978,1,1
cdan,1239,1,1
cdan,1026,1,1
cdan,211,0,0
cdan,15,0,0
cdan,1599,1,1
cdan,1752,1,1
cdan,416,0,0
cdan,1754,1,1
cdan,598,0,0
cdan,1951,1,1
cdan,986,0,0
cdan,1039,1,1
cdan,1091,1,1
cdan,1095,1,1
cdan,1716,1,1
cdan,1732,1,1
cdan,1479,1,1
cdan,1223,1,1
cdan,803,0,0
cdan,273,0,0
cdan,1205,1,1
cdan,290,0,0
cdan,579,0,0
cdan,1620,1,1
cdan,1111,1,1
cdan,850,0,0
cdan,1780,1,1
cdan,637,0,0
cdan,445,0,0
cdan,1800,1,1
cdan,1589,1,1
cdan,1325,1,1
cdan,1641,1,1
cdan,368,0,0
cdan,1168,1,1
cdan,1955,1,1
cdan,912,0,0
cdan,707,0,0
cdan,1436,1,1
cdan,1927,1,1
cdan,1050,1,1
cdan,1362,1,1
cdan,1749,1,1
cdan,1679,1,1
cdan,1217,1,1
cdan,1406,1,1
cdan,898,0,0
cdan,1469,1,1
cdan,1934,1,1
cdan,742,0,0
cdan,1583,1,1
cdan,769,0,0
cdan,148,0,0
cdan,426,0,0
cdan,474,0,0
cdan,371,0,0
cdan,1760,1,1
cdan,649,0,0
cdan,1120,1,1
cdan,942,0,0
cdan,935,0,0
cdan,907,0,0
cdan,194,0,0
cdan,1114,1,1
cdan,574,0,0
cdan,261,0,0
cdan,259,0,0
cdan,1071,1,1
cdan,867,0,0
cdan,1639,1,1
cdan,1588,1,1
cdan,757,0,0
cdan,303,0,0
cdan,78,0,0
cdan,1413,1,1
cdan,704,0,0
cdan,1142,1,1
cdan,613,0,0
cdan,274,0,0
cdan,1937,1,1
cdan,480,0,0
cdan,591,0,0
cdan,99,0,0
cdan,187,0,0
cdan,1310,1,1
cdan,197,0,0
cdan,1271,1,1
cdan,342,0,0
cdan,1619,1,1
cdan,1036,1,1
cdan,1574,1,1
cdan,1426,1,1
cdan,561,0,0
cdan,1083,1,1
cdan,1507,1,1
cdan,983,0,0
cdan,944,0,0
cdan,756,0,0
cdan,686,0,0
cdan,611,0,0
cdan,813,0,0
cdan,499,0,0
cdan,974,0,0
cdan,1465,1,1
cdan,1033,1,1
cdan,1871,1,1
cdan,1872,1,1
cdan,1374,1,1
cdan,1062,1,1
cdan,1802,1,1
cdan,22,0,0
cdan,179,0,0
cdan,1671,1,1
cdan,165,0,0
cdan,443,0,0
cdan,1412,1,1
cdan,915,0,0
cdan,481,0,0
cdan,1373,1,1
cdan,1347,1,1
cdan,1823,1,1
cdan,127,0,0
cdan,1881,1,1
cdan,1353,1,1
cdan,268,0,0
cdan,906,0,0
cdan,685,0,0
cdan,71,0,0
cdan,922,0,0
cdan,1542,1,1
cdan,567,0,0
cdan,125,0,0
cdan,606,0,0
cdan,249,0,0
cdan,1307,1,1
cdan,1766,1,1
cdan,1072,1,1
cdan,430,0,0
cdan,1343,1,1
cdan,1190,1,1
cdan,1982,1,1
cdan,1267,1,1
cdan,619,0,0
cdan,1434,1,1
cdan,1864,1,1
cdan,311,0,0
cdan,1279,1,1
cdan,418,0,0
cdan,287,0,0
cdan,832,0,0
cdan,1388,1,1
cdan,956,0,0
cdan,748,0,0
cdan,855,0,0
cdan,1079,1,1
cdan,1548,1,1
cdan,1306,1,1
cdan,872,0,0
cdan,1513,1,1
cdan,1034,1,1
cdan,20,0,0
cdan,294,0,0
cdan,3,0,0
cdan,735,0,0
cdan,102,0,0
cdan,1712,1,1
cdan,202,0,0
cdan,275,0,0
cdan,625,0,0
cdan,1770,1,1
cdan,271,0,0
cdan,295,0,0
cdan,788,0,0
cdan,661,0,0
cdan,989,0,0
cdan,1518,1,1
cdan,1790,1,1
cdan,478,0,0
cdan,230,0,0
cdan,1220,1,1
cdan,1337,1,1
cdan,484,0,0
cdan,161,0,0
cdan,193,0,0
cdan,1847,1,1
cdan,1124,1,1
cdan,1470,1,1
cdan,92,0,0
cdan,1378,1,1
cdan,739,0,0
cdan,518,0,0
cdan,377,0,0
cdan,1212,1,1
cdan,1202,1,1
cdan,1285,1,1
cdan,1478,1,1
cdan,708,0,0
cdan,16,0,0
cdan,46,0,0
cdan,153,0,0
cdan,284,0,0
cdan,1695,1,1
cdan,1247,1,1
cdan,802,0,0
cdan,1001,0,0
cdan,500,0,0
cdan,928,0,0
cdan,1733,1,1
cdan,749,0,0
cdan,1065,1,1
cdan,669,0,0
cdan,1289,1,1
cdan,1089,1,1
cdan,1540,1,1
cdan,1638,1,1
cdan,1038,1,1
cdan,519,0,0
cdan,1894,1,1
cdan,316,0,0
cdan,1678,1,1
cdan,8,0,0
cdan,1940,1,1
cdan,664,0,0
cdan,1857,1,1
cdan,1316,1,1
cdan,859,0,0
cdan,1207,1,1
cdan,1904,1,1
cdan,28,0,0
cdan,1274,1,1
cdan,1340,1,1
cdan,1491,1,1
cdan,164,0,0
cdan,833,0,0
cdan,384,0,0
cdan,1566,1,1
cdan,1562,1,1
cdan,1622,1,1
cdan,947,0,0
cdan,689,0,0
cdan,941,0,0
cdan,1665,1,1
cdan,1558,1,1
cdan,208,0,0
cdan,378,0,0
cdan,1334,1,1
cdan,618,0,0
cdan,134,0,0
cdan,1106,1,1
cdan,1924,1,1
cdan,2,0,0
cdan,218,0,0
cdan,1782,1,1
cdan,1182,1,1
cdan,1424,1,1
cdan,1505,1,1
cdan,1482,1,1
cdan,842,0,0
cdan,1529,1,1
cdan,580,0,0
cdan,1416,1,1
cdan,1921,1,1
cdan,1737,1,1
cdan,760,0,0
cdan,1147,1,1
cdan,1496,1,1
cdan,87,0,0
cdan,105,0,0
cdan,1977,1,1
cdan,1572,1,1
cdan,1318,1,1
cdan,629,0,0
cdan,1813,1,1
cdan,1028,1,1
cdan,521,0,0
cdan,1074,1,1
cdan,1367,1,1
cdan,1100,1,1
cdan,1918,1,1
cdan,124,0,0
cdan,54,0,0
cdan,1135,1,1
cdan,376,0,0
cdan,447,0,0
cdan,1841,1,1
cdan,362,0,0
cdan,419,0,0
cdan,1393,1,1
cdan,1358,1,1
cdan,1673,1,1
cdan,1003,1,1
cdan,648,0,0
cdan,929,0,0
cdan,1959,1,1
cdan,155,0,0
cdan,1475,1,1
cdan,997,0,0
cdan,117,0,0
cdan,815,0,0
cdan,396,0,0
cdan,871,0,0
cdan,1903,1,1
cdan,507,0,0
cdan,1635,1,1
cdan,795,0,0
cdan,626,0,0
cdan,981,0,0
cdan,1637,1,1
cdan,120,0,1
cdan,1907,1,1
cdan,1281,1,1
cdan,1489,1,1
cdan,1304,1,1
cdan,1525,1,1
cdan,76,0,0
cdan,1986,1,1
cdan,1192,1,1
cdan,1336,1,1
cdan,320,0,0
cdan,821,0,0
cdan,147,0,0
cdan,1290,1,1
cdan,40,0,0
cdan,1705,1,1
cdan,1272,1,1
cdan,1504,1,1
cdan,816,0,0
cdan,1084,1,1
cdan,1660,1,1
cdan,1261,1,1
cdan,1280,1,1
cdan,525,0,0
cdan,587,0,0
cdan,171,0,0
cdan,1119,1,1
cdan,107,0,0
cdan,1808,1,1
cdan,1793,1,1
cdan,594,0,0
cdan,1236,1,1
cdan,951,0,0
cdan,1649,1,1
cdan,1013,1,1
cdan,1746,1,1
cdan,578,0,0
cdan,1398,1,1
cdan,401,0,0
cdan,1213,1,1
cdan,166,0,0
cdan,1999,1,1
cdan,1741,1,1
cdan,1935,1,1
cdan,543,0,0
cdan,370,0,0
cdan,205,0,0
cdan,1457,1,1
cdan,1011,1,1
cdan,697,0,0
cdan,687,0,0
cdan,1843,1,1
cdan,1923,1,1
cdan,293,0,0
cdan,400,0,0
cdan,774,0,0
cdan,840,0,0
cdan,113,0,0
cdan,425,0,0
cdan,1322,1,1
cdan,1563,1,1
cdan,672,0,0
cdan,437,0,0
cdan,1233,1,1
cdan,909,0,0
cdan,1132,1,1
cdan,1133,1,1
cdan,221,0,0
cdan,665,0,0
cdan,1058,1,1
cdan,1476,1,1
cdan,728,0,0
cdan,984,0,0
cdan,610,0,0
cdan,836,0,0
cdan,464,0,0
cdan,403,0,0
cdan,453,0,0
cdan,1621,1,1
cdan,1088,1,1
cdan,622,0,0
cdan,487,0,0
cdan,1180,1,1
cdan,501,0,0
cdan,538,0,0
cdan,189,0,0
cdan,847,0,0
cdan,1191,1,1
cdan,537,0,0
cdan,1227,1,1
cdan,1806,1,1
cdan,1952,1,1
cdan,784,0,0
cdan,1472,1,1
cdan,1761,1,1
cdan,34,0,0
cdan,1051,1,1
cdan,1486,1,1
cdan,654,0,0
cdan,890,0,0
cdan,882,0,0
cdan,932,0,0
cdan,1561,1,1
cdan,864,0,0
cdan,558,0,0
cdan,852,0,0
cdan,1464,1,1
cdan,206,0,0
cdan,74,0,0
cdan,1828,1,1
cdan,1445,1,1
cdan,81,0,0
cdan,157,0,0
cdan,1321,1,1
cdan,1371,1,1
cdan,33,0,0
cdan,1514,1,1
cdan,828,0,0
cdan,62,0,0
cdan,1497,1,1
cdan,1104,1,1
cdan,151,0,0
cdan,1351,1,1
cdan,995,0,0
cdan,344,0,0
cdan,712,0,0
cdan,1608,1,1
cdan,282,0,0
cdan,1725,1,1
cdan,1880,1,1
cdan,1674,1,1
cdan,1185,1,1
cdan,372,0,0
cdan,994,0,0
cdan,1861,1,1
cdan,780,0,0
cdan,1801,1,1
cdan,1241,1,1
cdan,754,0,0
cdan,503,0,0
cdan,1420,1,1
cdan,180,0,0
cdan,137,0,0
cdan,255,0,0
cdan,1427,1,1
cdan,1554,1,1
cdan,213,0,0
cdan,1526,1,1
cdan,1395,1,1
cdan,1890,1,1
cdan,1560,1,1
cdan,10,0,0
cdan,1193,1,1
cdan,1450,1,1
cdan,1006,1,1
cdan,1956,1,1
cdan,1983,1,1
cdan,800,0,0
cdan,811,0,0
cdan,23,0,0
cdan,571,0,0
cdan,1963,1,1
cdan,1273,1,1
cdan,476,0,0
cdan,1346,1,1
cdan,1080,1,1
cdan,1429,1,1
cdan,1979,1,1
cdan,937,0,0
cdan,1179,1,1
cdan,1632,1,1
cdan,207,0,0
cdan,1093,1,1
cdan,1677,1,1
cdan,798,0,0
cdan,1143,1,1
cdan,1669,1,1
cdan,930,0,0
cdan,1539,1,1
cdan,505,0,0
cdan,550,0,0
cdan,1228,1,1
cdan,568,0,0
cdan,1842,1,1
cdan,1826,1,1
cdan,1640,1,1
cdan,379,0,0
cdan,643,0,0
cdan,904,0,0
cdan,681,0,0
cdan,1208,1,1
cdan,144,0,0
cdan,1250,1,1
cdan,576,0,0
cdan,879,0,0
cdan,60,0,0
cdan,1803,1,1
cdan,1945,1,1
cdan,1389,1,1
cdan,1827,1,1
cdan,357,0,0
cdan,1854,1,1
cdan,121,0,0
cdan,398,0,0
cdan,1836,1,1
cdan,786,0,0
cdan,1060,1,1
cdan,1974,1,1
cdan,79,0,0
cdan,1073,1,1
cdan,1447,1,1
cdan,69,0,0
cdan,565,0,0
cdan,1700,1,1
cdan,427,0,0
cdan,1605,1,1
cdan,86,0,0
cdan,65,0,0
cdan,227,0,0
cdan,958,0,0
cdan,1485,1,1
cdan,1601,1,1
cdan,475,0,0
cdan,270,0,0
cdan,27,0,0
cdan,1313,1,1
cdan,696,0,0
cdan,473,0,0
cdan,1490,1,1
cdan,668,0,0
cdan,1492,1,1
cdan,916,0,0
cdan,1899,1,1
cdan,305,0,0
cdan,646,0,0
cdan,1063,1,1
cdan,1866,1,1
cdan,846,0,0
cdan,806,0,0
cdan,1755,1,1
cdan,993,0,0
cdan,1824,1,1
cdan,1015,1,1
cdan,1425,1,1
cdan,1066,1,1
cdan,517,0,0
cdan,1117,1,1
cdan,1591,1,1
cdan,1953,1,1
cdan,590,0,0
cdan,1448,1,1
cdan,1382,1,1
cdan,1524,1,1
cdan,45,0,0
cdan,655,0,0
cdan,949,0,0
cdan,1609,1,1
cdan,1265,1,1
cdan,131,0,0
cdan,1098,1,1
cdan,895,0,0
cdan,663,0,0
cdan,563,0,0
cdan,509,0,0
cdan,302,0,0
cdan,214,0,0
cdan,318,0,0
cdan,1232,1,1
cdan,1527,1,1
cdan,330,0,0
cdan,1384,1,1
cdan,1359,1,1
cdan,1131,1,1
cdan,404,0,0
cdan,269,0,0
cdan,1300,1,1
cdan,1993,1,1
cdan,776,0,0
dan_0p1,1630,1,1
dan_0p1,885,0,1
dan_0p1,1957,1,1
dan_0p1,85,0,0
dan_0p1,253,0,0
dan_0p1,1612,1,1
dan_0p1,939,0,1
dan_0p1,1895,1,1
dan_0p1,572,0,1
dan_0p1,229,0,0
dan_0p1,651,0,0
dan_0p1,93,0,0
dan_0p1,1144,1,0
dan_0p1,765,0,0
dan_0p1,1878,1,1
dan_0p1,1978,1,1
dan_0p1,1239,1,1
dan_0p1,1026,1,1
dan_0p1,211,0,0
dan_0p1,15,0,1
dan_0p1,1599,1,1
dan_0p1,1752,1,1
dan_0p1,416,0,0
dan_0p1,1754,1,1
dan_0p1,598,0,1
dan_0p1,1951,1,1
dan_0p1,986,0,0
dan_0p1,1039,1,1
dan_0p1,1091,1,1
dan_0p1,1095,1,1
dan_0p1,1716,1,1
dan_0p1,1732,1,1
dan_0p1,1479,1,1
dan_0p1,1223,1,1
dan_0p1,803,0,0
dan_0p1,273,0,0
dan_0p1,1205,1,0
dan_0p1,290,0,0
dan_0p1,579,0,0
dan_0p1,1620,1,1
dan_0p1,1111,1,1
dan_0p1,850,0,0
dan_0p1,1780,1,0
dan_0p1,637,0,1
dan_0p1,445,0,0
dan_0p1,1800,1,1
dan_0p1,1589,1,1
dan_0p1,1325,1,1
dan_0p1,1641,1,1
dan_0p1,368,0,0
dan_0p1,1168,1,1
dan_0p1,1955,1,1
dan_0p1,912,0,0
dan_0p1,707,0,0
dan_0p1,1436,1,1
dan_0p1,1927,1,1
dan_0p1,1050,1,1
dan_0p1,1362,1,1
dan_0p1,1749,1,0
dan_0p1,1679,1,1
dan_0p1,1217,1,0
dan_0p1,1406,1,1
dan_0p1,898,0,0
dan_0p1,1469,1,1
dan_0p1,1934,1,1
dan_0p1,742,0,0
dan_0p1,1583,1,1
dan_0p1,769,0,1
dan_0p1,148,0,0
dan_0p1,426,0,0
dan_0p1,474,0,0
dan_0p1,371,0,1
dan_0p1,1760,1,1
dan_0p1,649,0,0
dan_0p1,1120,1,1
dan_0p1,942,0,0
dan_0p1,935,0,0
dan_0p1,907,0,0
dan_0p1,194,0,0
dan_0p1,1114,1,0
dan_0p1,574,0,0
dan_0p1,261,0,1
dan_0p1,259,0,0
dan_0p1,1071,1,1
dan_0p1,867,0,0
dan_0p1,1639,1,1
dan_0p1,1588,1,0
dan_0p1,757,0,1
dan_0p1,303,0,1
dan_0p1,78,0,0
dan_0p1,1413,1,0
dan_0p1,704,0,1
dan_0p1,1142,1,1
dan_0p1,613,0,0
dan_0p1,274,0,0
dan_0p1,1937,1,1
dan_0p1,480,0,1
dan_0p1,591,0,0
dan_0p1,99,0,1
dan_0p1,187,0,0
dan_0p1,1310,1,1
dan_0p1,197,0,0
dan_0p1,1271,1,1
dan_0p1,342,0,0
dan_0p1,1619,1,1
dan_0p1,1036,1,1
dan_0p1,1574,1,1
dan_0p1,1426,1,1
dan_0p1,561,0,0
dan_0p1,1083,1,1
dan_0p1,1507,1,1
dan_0p1,983,0,0
dan_0p1,944,0,0
dan_0p1,756,0,0
dan_0p1,686,0,0
dan_0p1,611,0,1
dan_0p1,813,0,0
dan_0p1,499,0,1
dan_0p1,974,0,1
dan_0p1,1465,1,1
dan_0p1,1033,1,1
dan_0p1,1871,1,1
dan_0p1,1872,1,1
dan_0p1,1374,1,1
dan_0p1,1062,1,1
dan_0p1,1802,1,1
dan_0p1,22,0,0
dan_0p1,179,0,0
dan_0p1,1671,1,1
dan_0p1,165,0,0
dan_0p1,443,0,0
dan_0p1,1412,1,1
dan_0p1,915,0,0
dan_0p1,481,0,0
dan_0p1,1373,1,1
dan_0p1,1347,1,0
dan_0p1,1823,1,1
dan_0p1,127,0,0
dan_0p1,1881,1,1
dan_0p1,1353,1,1
dan_0p1,268,0,0
dan_0p1,906,0,0
dan_0p1,685,0,0
dan_0p1,71,0,0
dan_0p1,922,0,0
dan_0p1,1542,1,1
dan_0p1,567,0,0
dan_0p1,125,0,0
dan_0p1,606,0,1
dan_0p1,249,0,0
dan_0p1,1307,1,1
dan_0p1,1766,1,1
dan_0p1,1072,1,1
dan_0p1,430,0,0
dan_0p1,1343,1,1
dan_0p1,1190,1,1
dan_0p1,1982,1,1
dan_0p1,1267,1,1
dan_0p1,619,0,0
dan_0p1,1434,1,1
dan_0p1,1864,1,1
dan_0p1,311,0,0
dan_0p1,1279,1,1
dan_0p1,418,0,0
dan_0p1,287,0,0
dan_0p1,832,0,0
dan_0p1,1388,1,1
dan_0p1,956,0,0
dan_0p1,748,0,0
dan_0p1,855,0,0
dan_0p1,1079,1,1
dan_0p1,1548,1,1
dan_0p1,1306,1,1
dan_0p1,872,0,0
dan_0p1,1513,1,1
dan_0p1,1034,1,1
dan_0p1,20,0,0
dan_0p1,294,0,0
dan_0p1,3,0,0
dan_0p1,735,0,0
dan_0p1,102,0,0
dan_0p1,1712,1,1
dan_0p1,202,0,0
dan_0p1,275,0,0
dan_0p1,625,0,0
dan_0p1,1770,1,1
dan_0p1,271,0,0
dan_0p1,295,0,0
dan_0p1,788,0,0
dan_0p1,661,0,0
dan_0p1,989,0,0
dan_0p1,1518,1,1
dan_0p1,1790,1,0
dan_0p1,478,0,0
dan_0p1,230,0,1
dan_0p1,1220,1,1
dan_0p1,1337,1,1
dan_0p1,484,0,0
dan_0p1,161,0,0
dan_0p1,193,0,1
dan_0p1,1847,1,1
dan_0p1,1124,1,1
dan_0p1,1470,1,1
dan_0p1,92,0,1
dan_0p1,1378,1,1
dan_0p1,739,0,0
dan_0p1,518,0,1
dan_0p1,377,0,0
dan_0p1,1212,1,0
dan_0p1,1202,1,1
dan_0p1,1285,1,1
dan_0p1,1478,1,1
dan_0p1,708,0,1
dan_0p1,16,0,1
dan_0p1,46,0,0
dan_0p1,153,0,0
dan_0p1,284,0,0
dan_0p1,1695,1,1
dan_0p1,1247,1,1
dan_0p1,802,0,0
dan_0p1,1001,0,0
dan_0p1,500,0,0
dan_0p1,928,0,0
dan_0p1,1733,1,1
dan_0p1,749,0,0
dan_0p1,1065,1,1
dan_0p1,669,0,0
dan_0p1,1289,1,1
dan_0p1,1089,1,1
dan_0p1,1540,1,0
dan_0p1,1638,1,1
dan_0p1,1038,1,0
dan_0p1,519,0,1
dan_0p1,1894,1,0
dan_0p1,316,0,1
dan_0p1,1678,1,1
dan_0p1,8,0,0
dan_0p1,1940,1,1
dan_0p1,664,0,0
dan_0p1,1857,1,1
dan_0p1,1316,1,0
dan_0p1,859,0,0
dan_0p1,1207,1,1
dan_0p1,1904,1,1
dan_0p1,28,0,0
dan_0p1,1274,1,1
dan_0p1,1340,1,1
dan_0p1,1491,1,1
dan_0p1,164,0,0
dan_0p1,833,0,0
dan_0p1,384,0,0
dan_0p1,1566,1,1
dan_0p1,1562,1,1
dan_0p1,1622,1,1
dan_0p1,947,0,0
dan_0p1,689,0,0
dan_0p1,941,0,1
dan_0p1,1665,1,1
dan_0p1,1558,1,1
dan_0p1,208,0,0
dan_0p1,378,0,0
dan_0p1,1334,1,1
dan_0p1,618,0,0
dan_0p1,134,0,0
dan_0p1,1106,1,1
dan_0p1,1924,1,0
dan_0p1,2,0,0
dan_0p1,218,0,0
dan_0p1,1782,1,1
dan_0p1,1182,1,0
dan_0p1,1424,1,1
dan_0p1,1505,1,1
dan_0p1,1482,1,1
dan_0p1,842,0,0
dan_0p1,1529,1,1
dan_0p1,580,0,1
dan_0p1,1416,1,1
dan_0p1,1921,1,1
dan_0p1,1737,1,1
dan_0p1,760,0,0
dan_0p1,1147,1,1
dan_0p1,1496,1,1
dan_0p1,87,0,0
dan_0p1,105,0,1
dan_0p1,1977,1,0
dan_0p1,1572,1,0
dan_0p1,1318,1,1
dan_0p1,629,0,0
dan_0p1,1813,1,1
dan_0p1,1028,1,1
dan_0p1,521,0,0
dan_0p1,1074,1,1
dan_0p1,1367,1,1
dan_0p1,1100,1,1
dan_0p1,1918,1,0
dan_0p1,124,0,0
dan_0p1,54,0,0
dan_0p1,1135,1,0
dan_0p1,376,0,1
dan_0p1,447,0,0
dan_0p1,1841,1,1
dan_0p1,362,0,1
dan_0p1,419,0,0
dan_0p1,1393,1,1
dan_0p1,1358,1,1
dan_0p1,1673,1,1
dan_0p1,1003,1,1
dan_0p1,648,0,0
dan_0p1,929,0,1
dan_0p1,1959,1,1
dan_0p1,155,0,0
dan_0p1,1475,1,1
dan_0p1,997,0,0
dan_0p1,117,0,0
dan_0p1,815,0,1
dan_0p1,396,0,1
dan_0p1,871,0,0
dan_0p1,1903,1,1
dan_0p1,507,0,0
dan_0p1,1635,1,1
dan_0p1,795,0,0
dan_0p1,626,0,0
dan_0p1,981,0,1
dan_0p1,1637,1,1
dan_0p1,120,0,1
dan_0p1,1907,1,1
dan_0p1,1281,1,1
dan_0p1,1489,1,1
dan_0p1,1304,1,1
dan_0p1,1525,1,1
dan_0p1,76,0,1
dan_0p1,1986,1,1
dan_0p1,1192,1,1
dan_0p1,1336,1,1
dan_0p1,320,0,0
dan_0p1,821,0,0
dan_0p1,147,0,0
dan_0p1,1290,1,0
dan_0p1,40,0,0
dan_0p1,1705,1,0
dan_0p1,1272,1,1
dan_0p1,1504,1,1
dan_0p1,816,0,0
dan_0p1,1084,1,1
dan_0p1,1660,1,1
dan_0p1,1261,1,1
dan_0p1,1280,1,1
dan_0p1,525,0,0
dan_0p1,587,0,0
dan_0p1,171,0,0
dan_0p1,1119,1,1
dan_0p1,107,0,0
dan_0p1,1808,1,1
dan_0p1,1793,1,1
dan_0p1,594,0,0
dan_0p1,1236,1,1
dan_0p1,951,0,0
dan_0p1,1649,1,1
dan_0p1,1013,1,1
dan_0p1,1746,1,0
dan_0p1,578,0,0
dan_0p1,1398,1,0
dan_0p1,401,0,0
dan_0p1,1213,1,0
dan_0p1,166,0,0
dan_0p1,1999,1,1
dan_0p1,1741,1,1
dan_0p1,1935,1,1
dan_0p1,543,0,1
dan_0p1,370,0,0
dan_0p1,205,0,0
dan_0p1,1457,1,1
dan_0p1,1011,1,0
dan_0p1,697,0,0
dan_0p1,687,0,0
dan_0p1,1843,1,1
dan_0p1,1923,1,1
dan_0p1,293,0,0
dan_0p1,400,0,0
dan_0p1,774,0,0
dan_0p1,840,0,0
dan_0p1,113,0,0
dan_0p1,425,0,0
dan_0p1,1322,1,1
dan_0p1,1563,1,1
dan_0p1,672,0,1
dan_0p1,437,0,0
dan_0p1,1233,1,1
dan_0p1,909,0,0
dan_0p1,1132,1,1
dan_0p1,1133,1,1
dan_0p1,221,0,0
dan_0p1,665,0,0
dan_0p1,1058,1,1
dan_0p1,1476,1,1
dan_0p1,728,0,1
dan_0p1,984,0,0
dan_0p1,610,0,0
dan_0p1,836,0,0
dan_0p1,464,0,0
dan_0p1,403,0,0
dan_0p1,453,0,0
dan_0p1,1621,1,1
dan_0p1,1088,1,1
dan_0p1,622,0,0
dan_0p1,487,0,0
dan_0p1,1180,1,1
dan_0p1,501,0,0
dan_0p1,538,0,0
dan_0p1,189,0,0
dan_0p1,847,0,0
dan_0p1,1191,1,1
dan_0p1,537,0,0
dan_0p1,1227,1,0
dan_0p1,1806,1,1
dan_0p1,1952,1,1
dan_0p1,784,0,0
dan_0p1,1472,1,1
dan_0p1,1761,1,1
dan_0p1,34,0,1
dan_0p1,1051,1,1
dan_0p1,1486,1,0
dan_0p1,654,0,0
dan_0p1,890,0,0
dan_0p1,882,0,1
dan_0p1,932,0,0
dan_0p1,1561,1,1
dan_0p1,864,0,0
dan_0p1,558,0,0
dan_0p1,852,0,0
dan_0p1,1464,1,1
dan_0p1,206,0,1
dan_0p1,74,0,0
dan_0p1,1828,1,1
dan_0p1,1445,1,1
dan_0p1,81,0,0
dan_0p1,157,0,0
dan_0p1,1321,1,1
dan_0p1,1371,1,1
dan_0p1,33,0,0
dan_0p1,1514,1,1
dan_0p1,828,0,0
dan_0p1,62,0,0
dan_0p1,1497,1,1
dan_0p1,1104,1,1
dan_0p1,151,0,1
dan_0p1,1351,1,0
dan_0p1,995,0,1
dan_0p1,344,0,0
dan_0p1,712,0,1
dan_0p1,1608,1,0
dan_0p1,282,0,0
dan_0p1,1725,1,1
dan_0p1,1880,1,1
dan_0p1,1674,1,0
dan_0p1,1185,1,1
dan_0p1,372,0,0
dan_0p1,994,0,0
dan_0p1,1861,1,1
dan_0p1,780,0,0
dan_0p1,1801,1,1
dan_0p1,1241,1,1
dan_0p1,754,0,0
dan_0p1,503,0,0
dan_0p1,1420,1,0
dan_0p1,180,0,0
dan_0p1,137,0,0
dan_0p1,255,0,1
dan_0p1,1427,1,1
dan_0p1,1554,1,1
dan_0p1,213,0,1
dan_0p1,1526,1,1
dan_0p1,1395,1,1
dan_0p1,1890,1,1
dan_0p1,1560,1,1
dan_0p1,10,0,0
dan_0p1,1193,1,1
dan_0p1,1450,1,1
dan_0p1,1006,1,1
dan_0p1,1956,1,0
dan_0p1,1983,1,1
dan_0p1,800,0,0
dan_0p1,811,0,0
dan_0p1,23,0,0
dan_0p1,571,0,0
dan_0p1,1963,1,0
dan_0p1,1273,1,1
dan_0p1,476,0,0
dan_0p1,1346,1,1
dan_0p1,1080,1,1
dan_0p1,1429,1,1
dan_0p1,1979,1,1
dan_0p1,937,0,0
dan_0p1,1179,1,1
dan_0p1,1632,1,0
dan_0p1,207,0,0
dan_0p1,1093,1,0
dan_0p1,1677,1,1
dan_0p1,798,0,0
dan_0p1,1143,1,1
dan_0p1,1669,1,1
dan_0p1,930,0,0
dan_0p1,1539,1,1
dan_0p1,505,0,0
dan_0p1,550,0,0
dan_0p1,1228,1,1
dan_0p1,568,0,0
dan_0p1,1842,1,1
dan_0p1,1826,1,1
dan_0p1,1640,1,1
dan_0p1,379,0,1
dan_0p1,643,0,0
dan_0p1,904,0,0
dan_0p1,681,0,0
dan_0p1,1208,1,1
dan_0p1,144,0,0
dan_0p1,1250,1,1
dan_0p1,576,0,0
dan_0p1,879,0,0
dan_0p1,60,0,0
dan_0p1,1803,1,1
dan_0p1,1945,1,1
dan_0p1,1389,1,1
dan_0p1,1827,1,1
dan_0p1,357,0,0
dan_0p1,1854,1,1
dan_0p1,121,0,0
dan_0p1,398,0,1
dan_0p1,1836,1,1
dan_0p1,786,0,0
dan_0p1,1060,1,1
dan_0p1,1974,1,1
dan_0p1,79,0,0
dan_0p1,1073,1,1
dan_0p1,1447,1,0
dan_0p1,69,0,0
dan_0p1,565,0,0
dan_0p1,1700,1,1
dan_0p1,427,0,0
dan_0p1,1605,1,1
dan_0p1,86,0,0
dan_0p1,65,0,1
dan_0p1,227,0,0
dan_0p1,958,0,0
dan_0p1,1485,1,1
dan_0p1,1601,1,1
dan_0p1,475,0,1
dan_0p1,270,0,0
dan_0p1,27,0,0
dan_0p1,1313,1,0
dan_0p1,696,0,1
dan_0p1,473,0,0
dan_0p1,1490,1,1
dan_0p1,668,0,0
dan_0p1,1492,1,1
dan_0p1,916,0,1
dan_0p1,1899,1,1
dan_0p1,305,0,0
dan_0p1,646,0,0
dan_0p1,1063,1,1
dan_0p1,1866,1,1
dan_0p1,846,0,0
dan_0p1,806,0,0
dan_0p1,1755,1,0
dan_0p1,993,0,0
dan_0p1,1824,1,1
dan_0p1,1015,1,1
dan_0p1,1425,1,1
dan_0p1,1066,1,1
dan_0p1,517,0,1
dan_0p1,1117,1,0
dan_0p1,1591,1,0
dan_0p1,1953,1,0
dan_0p1,590,0,1
dan_0p1,1448,1,1
dan_0p1,1382,1,1
dan_0p1,1524,1,1
dan_0p1,45,0,0
dan_0p1,655,0,1
dan_0p1,949,0,0
dan_0p1,1609,1,0
dan_0p1,1265,1,1
dan_0p1,131,0,0
dan_0p1,1098,1,0
dan_0p1,895,0,1
dan_0p1,663,0,0
dan_0p1,563,0,0
dan_0p1,509,0,0
dan_0p1,302,0,0
dan_0p1,214,0,0
dan_0p1,318,0,0
dan_0p1,1232,1,1
dan_0p1,1527,1,1
dan_0p1,330,0,0
dan_0p1,1384,1,1
dan_0p1,1359,1,1
dan_0p1,1131,1,1
dan_0p1,404,0,0
dan_0p1,269,0,0
dan_0p1,1300,1,1
dan_0p1,1993,1,1
dan_0p1,776,0,0
dan_1,1630,1,1
dan_1,885,0,1
dan_1,1957,1,1
dan_1,85,0,0
dan_1,253,0,1
dan_1,1612,1,1
dan_1,939,0,0
dan_1,1895,1,1
dan_1,572,0,0
dan_1,229,0,0
dan_1,651,0,0
dan_1,93,0,0
dan_1,1144,1,0
dan_1,765,0,0
dan_1,1878,1,1
dan_1,1978,1,0
dan_1,1239,1,1
dan_1,1026,1,0
dan_1,211,0,0
dan_1,15,0,0
dan_1,1599,1,1
dan_1,1752,1,1
dan_1,416,0,0
dan_1,1754,1,1
dan_1,598,0,0
dan_1,1951,1,1
dan_1,986,0,0
dan_1,1039,1,1
dan_1,1091,1,1
dan_1,1095,1,0
dan_1,1716,1,1
dan_1,1732,1,0
dan_1,1479,1,1
dan_1,1223,1,1
dan_1,803,0,0
dan_1,273,0,0
dan_1,1205,1,0
dan_1,290,0,0
dan_1,579,0,0
dan_1,1620,1,1
dan_1,1111,1,1
dan_1,850,0,0
dan_1,1780,1,1
dan_1,637,0,1
dan_1,445,0,0
dan_1,1800,1,1
dan_1,1589,1,0
dan_1,1325,1,1
dan_1,1641,1,0
dan_1,368,0,0
dan_1,1168,1,1
dan_1,1955,1,1
dan_1,912,0,0
dan_1,707,0,0
dan_1,1436,1,0
dan_1,1927,1,1
dan_1,1050,1,1
dan_1,1362,1,1
dan_1,1749,1,1
dan_1,1679,1,1
dan_1,1217,1,0
dan_1,1406,1,1
dan_1,898,0,0
dan_1,1469,1,1
dan_1,1934,1,1
dan_1,742,0,0
dan_1,1583,1,1
dan_1,769,0,1
dan_1,148,0,1
dan_1,426,0,0
dan_1,474,0,0
dan_1,371,0,0
dan_1,1760,1,1
dan_1,649,0,0
dan_1,1120,1,1
dan_1,942,0,1
dan_1,935,0,0
dan_1,907,0,0
dan_1,194,0,1
dan_1,1114,1,1
dan_1,574,0,0
dan_1,261,0,0
dan_1,259,0,0
dan_1,1071,1,0
dan_1,867,0,0
dan_1,1639,1,1
dan_1,1588,1,1
dan_1,757,0,0
dan_1,303,0,0
dan_1,78,0,0
dan_1,1413,1,1
dan_1,704,0,0
dan_1,1142,1,0
dan_1,613,0,1
dan_1,274,0,0
dan_1,1937,1,1
dan_1,480,0,1
dan_1,591,0,0
dan_1,99,0,0
dan_1,187,0,0
dan_1,1310,1,1
dan_1,197,0,0
dan_1,1271,1,1
dan_1,342,0,0
dan_1,1619,1,1
dan_1,1036,1,1
dan_1,1574,1,1
dan_1,1426,1,1
dan_1,561,0,0
dan_1,1083,1,1
dan_1,1507,1,0
dan_1,983,0,1
dan_1,944,0,0
dan_1,756,0,1
dan_1,686,0,0
dan_1,611,0,0
dan_1,813,0,0
dan_1,499,0,0
dan_1,974,0,0
dan_1,1465,1,1
dan_1,1033,1,1
dan_1,1871,1,1
dan_1,1872,1,0
dan_1,1374,1,0
dan_1,1062,1,0
dan_1,1802,1,0
dan_1,22,0,0
dan_1,179,0,0
dan_1,1671,1,1
dan_1,165,0,0
dan_1,443,0,0
dan_1,1412,1,1
dan_1,915,0,0
dan_1,481,0,0
dan_1,1373,1,0
dan_1,1347,1,1
dan_1,1823,1,1
dan_1,127,0,0
dan_1,1881,1,1
dan_1,1353,1,1
dan_1,268,0,1
dan_1,906,0,0
dan_1,685,0,0
dan_1,71,0,0
dan_1,922,0,0
dan_1,1542,1,1
dan_1,567,0,0
dan_1,125,0,1
dan_1,606,0,0
dan_1,249,0,0
dan_1,1307,1,0
dan_1,1766,1,0
dan_1,1072,1,1
dan_1,430,0,0
dan_1,1343,1,1
dan_1,1190,1,1
dan_1,1982,1,0
dan_1,1267,1,1
dan_1,619,0,1
dan_1,1434,1,1
dan_1,1864,1,1
dan_1,311,0,0
dan_1,1279,1,1
dan_1,418,0,0
dan_1,287,0,0
dan_1,832,0,0
dan_1,1388,1,1
dan_1,956,0,0
dan_1,748,0,0
dan_1,855,0,0
dan_1,1079,1,1
dan_1,1548,1,1
dan_1,1306,1,0
dan_1,872,0,0
dan_1,1513,1,1
dan_1,1034,1,1
dan_1,20,0,0
dan_1,294,0,0
dan_1,3,0,0
dan_1,735,0,0
dan_1,102,0,0
dan_1,1712,1,0
dan_1,202,0,0
dan_1,275,0,0
dan_1,625,0,0
dan_1,1770,1,1
dan_1,271,0,0
dan_1,295,0,0
dan_1,788,0,0
dan_1,661,0,1
dan_1,989,0,0
dan_1,1518,1,0
dan_1,1790,1,1
dan_1,478,0,0
dan_1,230,0,0
dan_1,1220,1,0
dan_1,1337,1,1
dan_1,484,0,0
dan_1,161,0,0
dan_1,193,0,0
dan_1,1847,1,1
dan_1,1124,1,1
dan_1,1470,1,0
dan_1,92,0,0
dan_1,1378,1,1
dan_1,739,0,1
dan_1,518,0,0
dan_1,377,0,0
dan_1,1212,1,1
dan_1,1202,1,1
dan_1,1285,1,1
dan_1,1478,1,1
dan_1,708,0,0
dan_1,16,0,0
dan_1,46,0,0
dan_1,153,0,0
dan_1,284,0,0
dan_1,1695,1,1
dan_1,1247,1,1
dan_1,802,0,0
dan_1,1001,0,0
dan_1,500,0,0
dan_1,928,0,0
dan_1,1733,1,1
dan_1,749,0,0
dan_1,1065,1,1
dan_1,669,0,1
dan_1,1289,1,1
dan_1,1089,1,1
dan_1,1540,1,0
dan_1,1638,1,1
dan_1,1038,1,1
dan_1,519,0,0
dan_1,1894,1,1
dan_1,316,0,1
dan_1,1678,1,0
dan_1,8,0,0
dan_1,1940,1,1
dan_1,664,0,0
dan_1,1857,1,1
dan_1,1316,1,1
dan_1,859,0,0
dan_1,1207,1,1
dan_1,1904,1,0
dan_1,28,0,0
dan_1,1274,1,1
dan_1,1340,1,0
dan_1,1491,1,1
dan_1,164,0,0
dan_1,833,0,0
dan_1,384,0,0
dan_1,1566,1,1
dan_1,1562,1,1
dan_1,1622,1,1
dan_1,947,0,0
dan_1,689,0,0
dan_1,941,0,0
dan_1,1665,1,1
dan_1,1558,1,1
dan_1,208,0,0
dan_1,378,0,0
dan_1,1334,1,1
dan_1,618,0,0
dan_1,134,0,1
dan_1,1106,1,1
dan_1,1924,1,0
dan_1,2,0,0
dan_1,218,0,0
dan_1,1782,1,1
dan_1,1182,1,1
dan_1,1424,1,0
dan_1,1505,1,1
dan_1,1482,1,1
dan_1,842,0,0
dan_1,1529,1,1
dan_1,580,0,0
dan_1,1416,1,1
dan_1,1921,1,1
dan_1,1737,1,1
dan_1,760,0,1
dan_1,1147,1,1
dan_1,1496,1,1
dan_1,87,0,0
dan_1,105,0,0
dan_1,1977,1,1
dan_1,1572,1,1
dan_1,1318,1,0
dan_1,629,0,0
dan_1,1813,1,1
dan_1,1028,1,1
dan_1,521,0,0
dan_1,1074,1,1
dan_1,1367,1,1
dan_1,1100,1,1
dan_1,1918,1,1
dan_1,124,0,0
dan_1,54,0,0
dan_1,1135,1,1
dan_1,376,0,1
dan_1,447,0,0
dan_1,1841,1,1
dan_1,362,0,1
dan_1,419,0,0
dan_1,1393,1,1
dan_1,1358,1,1
dan_1,1673,1,1
dan_1,1003,1,1
dan_1,648,0,0
dan_1,929,0,0
dan_1,1959,1,1
dan_1,155,0,0
dan_1,1475,1,1
dan_1,997,0,1
dan_1,117,0,0
dan_1,815,0,0
dan_1,396,0,1
dan_1,871,0,0
dan_1,1903,1,1
dan_1,507,0,0
dan_1,1635,1,1
dan_1,795,0,0
dan_1,626,0,0
dan_1,981,0,0
dan_1,1637,1,1
dan_1,120,0,0
dan_1,1907,1,1
dan_1,1281,1,0
dan_1,1489,1,0
dan_1,1304,1,1
dan_1,1525,1,0
dan_1,76,0,0
dan_1,1986,1,1
dan_1,1192,1,1
dan_1,1336,1,0
dan_1,320,0,0
dan_1,821,0,0
dan_1,147,0,0
dan_1,1290,1,0
dan_1,40,0,0
dan_1,1705,1,1
dan_1,1272,1,1
dan_1,1504,1,1
dan_1,816,0,0
dan_1,1084,1,1
dan_1,1660,1,1
dan_1,1261,1,0
dan_1,1280,1,1
dan_1,525,0,0
dan_1,587,0,1
dan_1,171,0,0
dan_1,1119,1,1
dan_1,107,0,0
dan_1,1808,1,1
dan_1,1793,1,1
dan_1,594,0,0
dan_1,1236,1,1
dan_1,951,0,0
dan_1,1649,1,1
dan_1,1013,1,1
dan_1,1746,1,1
dan_1,578,0,0
dan_1,1398,1,1
dan_1,401,0,1
dan_1,1213,1,1
dan_1,166,0,1
dan_1,1999,1,1
dan_1,1741,1,1
dan_1,1935,1,1
dan_1,543,0,0
dan_1,370,0,0
dan_1,205,0,0
dan_1,1457,1,1
dan_1,1011,1,1
dan_1,697,0,0
dan_1,687,0,0
dan_1,1843,1,1
dan_1,1923,1,1
dan_1,293,0,0
dan_1,400,0,0
dan_1,774,0,0
dan_1,840,0,0
dan_1,113,0,1
dan_1,425,0,0
dan_1,1322,1,1
dan_1,1563,1,0
dan_1,672,0,0
dan_1,437,0,0
dan_1,1233,1,1
dan_1,909,0,1
dan_1,1132,1,1
dan_1,1133,1,0
dan_1,221,0,0
dan_1,665,0,0
dan_1,1058,1,1
dan_1,1476,1,0
dan_1,728,0,0
dan_1,984,0,0
dan_1,610,0,0
dan_1,836,0,0
dan_1,464,0,1
dan_1,403,0,0
dan_1,453,0,1
dan_1,1621,1,1
dan_1,1088,1,0
dan_1,622,0,0
dan_1,487,0,0
dan_1,1180,1,1
dan_1,501,0,0
dan_1,538,0,1
dan_1,189,0,0
dan_1,847,0,0
dan_1,1191,1,1
dan_1,537,0,0
dan_1,1227,1,1
dan_1,1806,1,1
dan_1,1952,1,1
dan_1,784,0,0
dan_1,1472,1,1
dan_1,1761,1,1
dan_1,34,0,0
dan_1,1051,1,0
dan_1,1486,1,0
dan_1,654,0,1
dan_1,890,0,0
dan_1,882,0,0
dan_1,932,0,0
dan_1,1561,1,0
dan_1,864,0,0
dan_1,558,0,0
dan_1,852,0,1
dan_1,1464,1,0
dan_1,206,0,0
dan_1,74,0,0
dan_1,1828,1,1
dan_1,1445,1,1
dan_1,81,0,0
dan_1,157,0,0
dan_1,1321,1,1
dan_1,1371,1,1
dan_1,33,0,0
dan_1,1514,1,1
dan_1,828,0,0
dan_1,62,0,0
dan_1,1497,1,0
dan_1,1104,1,1
dan_1,151,0,0
dan_1,1351,1,0
dan_1,995,0,0
dan_1,344,0,0
dan_1,712,0,0
dan_1,1608,1,0
dan_1,282,0,0
dan_1,1725,1,0
dan_1,1880,1,1
dan_1,1674,1,0
dan_1,1185,1,1
dan_1,372,0,0
dan_1,994,0,0
dan_1,1861,1,1
dan_1,780,0,0
dan_1,1801,1,1
dan_1,1241,1,1
dan_1,754,0,1
dan_1,503,0,0
dan_1,1420,1,1
dan_1,180,0,0
dan_1,137,0,0
dan_1,255,0,0
dan_1,1427,1,1
dan_1,1554,1,1
dan_1,213,0,0
dan_1,1526,1,1
dan_1,1395,1,0
dan_1,1890,1,0
dan_1,1560,1,1
dan_1,10,0,0
dan_1,1193,1,1
dan_1,1450,1,1
dan_1,1006,1,1
dan_1,1956,1,1
dan_1,1983,1,1
dan_1,800,0,0
dan_1,811,0,1
dan_1,23,0,0
dan_1,571,0,0
dan_1,1963,1,1
dan_1,1273,1,0
dan_1,476,0,0
dan_1,1346,1,1
dan_1,1080,1,1
dan_1,1429,1,0
dan_1,1979,1,1
dan_1,937,0,0
dan_1,1179,1,0
dan_1,1632,1,0
dan_1,207,0,0
dan_1,1093,1,1
dan_1,1677,1,1
dan_1,798,0,0
dan_1,1143,1,1
dan_1,1669,1,1
dan_1,930,0,0
dan_1,1539,1,1
dan_1,505,0,0
dan_1,550,0,1
dan_1,1228,1,1
dan_1,568,0,0
dan_1,1842,1,1
dan_1,1826,1,0
dan_1,1640,1,1
dan_1,379,0,0
dan_1,643,0,0
dan_1,904,0,0
dan_1,681,0,0
dan_1,1208,1,1
dan_1,144,0,1
dan_1,1250,1,1
dan_1,576,0,0
dan_1,879,0,1
dan_1,60,0,0
dan_1,1803,1,1
dan_1,1945,1,1
dan_1,1389,1,1
dan_1,1827,1,1
dan_1,357,0,1
dan_1,1854,1,1
dan_1,121,0,1
dan_1,398,0,0
dan_1,1836,1,1
dan_1,786,0,0
dan_1,1060,1,1
dan_1,1974,1,0
dan_1,79,0,0
dan_1,1073,1,1
dan_1,1447,1,0
dan_1,69,0,0
dan_1,565,0,0
dan_1,1700,1,1
dan_1,427,0,0
dan_1,1605,1,1
dan_1,86,0,1
dan_1,65,0,0
dan_1,227,0,0
dan_1,958,0,0
dan_1,1485,1,1
dan_1,1601,1,1
dan_1,475,0,0
dan_1,270,0,0
dan_1,27,0,0
dan_1,1313,1,0
dan_1,696,0,0
dan_1,473,0,0
dan_1,1490,1,1
dan_1,668,0,0
dan_1,1492,1,1
dan_1,916,0,0
dan_1,1899,1,1
dan_1,305,0,0
dan_1,646,0,0
dan_1,1063,1,0
dan_1,1866,1,1
dan_1,846,0,0
dan_1,806,0,0
dan_1,1755,1,1
dan_1,993,0,0
dan_1,1824,1,1
dan_1,1015,1,1
dan_1,1425,1,0
dan_1,1066,1,1
dan_1,517,0,0
dan_1,1117,1,0
dan_1,1591,1,1
dan_1,1953,1,1
dan_1,590,0,0
dan_1,1448,1,1
dan_1,1382,1,1
dan_1,1524,1,1
dan_1,45,0,0
dan_1,655,0,1
dan_1,949,0,0
dan_1,1609,1,1
dan_1,1265,1,1
dan_1,131,0,0
dan_1,1098,1,0
dan_1,895,0,0
dan_1,663,0,0
dan_1,563,0,0
dan_1,509,0,0
dan_1,302,0,1
dan_1,214,0,0
dan_1,318,0,0
dan_1,1232,1,0
dan_1,1527,1,1
dan_1,330,0,1
dan_1,1384,1,1
dan_1,1359,1,1
dan_1,1131,1,1
dan_1,404,0,1
dan_1,269,0,0
dan_1,1300,1,0
dan_1,1993,1,1
dan_1,776,0,0
dan_10,1630,1,1
dan_10,885,0,0
dan_10,1957,1,0
dan_10,85,0,1
dan_10,253,0,0
dan_10,1612,1,0
dan_10,939,0,0
dan_10,1895,1,1
dan_10,572,0,0
dan_10,229,0,1
dan_10,651,0,1
dan_10,93,0,0
dan_10,1144,1,0
dan_10,765,0,1
dan_10,1878,1,1
dan_10,1978,1,0
dan_10,1239,1,1
dan_10,1026,1,1
dan_10,211,0,0
dan_10,15,0,0
dan_10,1599,1,0
dan_10,1752,1,0
dan_10,416,0,1
dan_10,1754,1,1
dan_10,598,0,1
dan_10,1951,1,1
dan_10,986,0,0
dan_10,1039,1,1
dan_10,1091,1,1
dan_10,1095,1,0
dan_10,1716,1,1
dan_10,1732,1,1
dan_10,1479,1,0
dan_10,1223,1,0
dan_10,803,0,1
dan_10,273,0,1
dan_10,1205,1,1
dan_10,290,0,0
dan_10,579,0,1
dan_10,1620,1,0
dan_10,1111,1,1
dan_10,850,0,0
dan_10,1780,1,0
dan_10,637,0,1
dan_10,445,0,1
dan_10,1800,1,0
dan_10,1589,1,1
dan_10,1325,1,1
dan_10,1641,1,0
dan_10,368,0,1
dan_10,1168,1,1
dan_10,1955,1,0
dan_10,912,0,1
dan_10,707,0,0
dan_10,1436,1,0
dan_10,1927,1,0
dan_10,1050,1,1
dan_10,1362,1,1
dan_10,1749,1,1
dan_10,1679,1,1
dan_10,1217,1,0
dan_10,1406,1,0
dan_10,898,0,0
dan_10,1469,1,1
dan_10,1934,1,1
dan_10,742,0,1
dan_10,1583,1,1
dan_10,769,0,0
dan_10,148,0,0
dan_10,426,0,0
dan_10,474,0,1
dan_10,371,0,1
dan_10,1760,1,1
dan_10,649,0,0
dan_10,1120,1,0
dan_10,942,0,0
dan_10,935,0,0
dan_10,907,0,1
dan_10,194,0,1
dan_10,1114,1,0
dan_10,574,0,1
dan_10,261,0,1
dan_10,259,0,1
dan_10,1071,1,0
dan_10,867,0,0
dan_10,1639,1,0
dan_10,1588,1,1
dan_10,757,0,1
dan_10,303,0,1
dan_10,78,0,0
dan_10,1413,1,0
dan_10,704,0,0
dan_10,1142,1,1
dan_10,613,0,1
dan_10,274,0,1
dan_10,1937,1,0
dan_10,480,0,0
dan_10,591,0,1
dan_10,99,0,0
dan_10,187,0,1
dan_10,1310,1,0
dan_10,197,0,0
dan_10,1271,1,1
dan_10,342,0,1
dan_10,1619,1,1
dan_10,1036,1,1
dan_10,1574,1,0
dan_10,1426,1,1
dan_10,561,0,0
dan_10,1083,1,1
dan_10,1507,1,1
dan_10,983,0,0
dan_10,944,0,1
dan_10,756,0,0
dan_10,686,0,0
dan_10,611,0,1
dan_10,813,0,1
dan_10,499,0,1
dan_10,974,0,0
dan_10,1465,1,1
dan_10,1033,1,1
dan_10,1871,1,1
dan_10,1872,1,1
dan_10,1374,1,0
dan_10,1062,1,1
dan_10,1802,1,0
dan_10,22,0,0
dan_10,179,0,0
dan_10,1671,1,0
dan_10,165,0,0
dan_10,443,0,1
dan_10,1412,1,1
dan_10,915,0,0
dan_10,481,0,1
dan_10,1373,1,1
dan_10,1347,1,0
dan_10,1823,1,0
dan_10,127,0,1
dan_10,1881,1,0
dan_10,1353,1,0
dan_10,268,0,1
dan_10,906,0,0
dan_10,685,0,0
dan_10,71,0,0
dan_10,922,0,1
dan_10,1542,1,0
dan_10,567,0,0
dan_10,125,0,0
dan_10,606,0,1
dan_10,249,0,1
dan_10,1307,1,0
dan_10,1766,1,0
dan_10,1072,1,0
dan_10,430,0,1
dan_10,1343,1,0
dan_10,1190,1,0
dan_10,1982,1,0
dan_10,1267,1,0
dan_10,619,0,1
dan_10,1434,1,1
dan_10,1864,1,1
dan_10,311,0,0
dan_10,1279,1,0
dan_10,418,0,0
dan_10,287,0,0
dan_10,832,0,1
dan_10,1388,1,1
dan_10,956,0,1
dan_10,748,0,0
dan_10,855,0,0
dan_10,1079,1,0
dan_10,1548,1,1
dan_10,1306,1,0
dan_10,872,0,0
dan_10,1513,1,1
dan_10,1034,1,1
dan_10,20,0,1
dan_10,294,0,0
dan_10,3,0,1
dan_10,735,0,1
dan_10,102,0,0
dan_10,1712,1,0
dan_10,202,0,0
dan_10,275,0,1
dan_10,625,0,1
dan_10,1770,1,1
dan_10,271,0,1
dan_10,295,0,1
dan_10,788,0,0
dan_10,661,0,1
dan_10,989,0,0
dan_10,1518,1,1
dan_10,1790,1,1
dan_10,478,0,0
dan_10,230,0,0
dan_10,1220,1,1
dan_10,1337,1,0
dan_10,484,0,1
dan_10,161,0,0
dan_10,193,0,0
dan_10,1847,1,1
dan_10,1124,1,0
dan_10,1470,1,1
dan_10,92,0,1
dan_10,1378,1,0
dan_10,739,0,0
dan_10,518,0,1
dan_10,377,0,1
dan_10,1212,1,1
dan_10,1202,1,1
dan_10,1285,1,0
dan_10,1478,1,0
dan_10,708,0,1
dan_10,16,0,0
dan_10,46,0,0
dan_10,153,0,1
dan_10,284,0,1
dan_10,1695,1,1
dan_10,1247,1,1
dan_10,802,0,0
dan_10,1001,0,1
dan_10,500,0,1
dan_10,928,0,1
dan_10,1733,1,0
dan_10,749,0,0
dan_10,1065,1,1
dan_10,669,0,0
dan_10,1289,1,0
dan_10,1089,1,1
dan_10,1540,1,1
dan_10,1638,1,1
dan_10,1038,1,1
dan_10,519,0,1
dan_10,1894,1,0
dan_10,316,0,1
dan_10,1678,1,1
dan_10,8,0,0
dan_10,1940,1,0
dan_10,664,0,0
dan_10,1857,1,0
dan_10,1316,1,0
dan_10,859,0,0
dan_10,1207,1,1
dan_10,1904,1,1
dan_10,28,0,0
dan_10,1274,1,0
dan_10,1340,1,1
dan_10,1491,1,1
dan_10,164,0,1
dan_10,833,0,0
dan_10,384,0,1
dan_10,1566,1,1
dan_10,1562,1,0
dan_10,1622,1,0
dan_10,947,0,0
dan_10,689,0,0
dan_10,941,0,0
dan_10,1665,1,0
dan_10,1558,1,1
dan_10,208,0,0
dan_10,378,0,1
dan_10,1334,1,1
dan_10,618,0,1
dan_10,134,0,0
dan_10,1106,1,1
dan_10,1924,1,0
dan_10,2,0,1
dan_10,218,0,0
dan_10,1782,1,1
dan_10,1182,1,1
dan_10,1424,1,0
dan_10,1505,1,0
dan_10,1482,1,1
dan_10,842,0,0
dan_10,1529,1,1
dan_10,580,0,1
dan_10,1416,1,1
dan_10,1921,1,0
dan_10,1737,1,0
dan_10,760,0,0
dan_10,1147,1,0
dan_10,1496,1,0
dan_10,87,0,1
dan_10,105,0,1
dan_10,1977,1,0
dan_10,1572,1,0
dan_10,1318,1,1
dan_10,629,0,1
dan_10,1813,1,1
dan_10,1028,1,0
dan_10,521,0,1
dan_10,1074,1,1
dan_10,1367,1,0
dan_10,1100,1,1
dan_10,1918,1,0
dan_10,124,0,1
dan_10,54,0,0
dan_10,1135,1,1
dan_10,376,0,1
dan_10,447,0,1
dan_10,1841,1,1
dan_10,362,0,1
dan_10,419,0,0
dan_10,1393,1,1
dan_10,1358,1,1
dan_10,1673,1,0
dan_10,1003,1,1
dan_10,648,0,1
dan_10,929,0,1
dan_10,1959,1,1
dan_10,155,0,0
dan_10,1475,1,0
dan_10,997,0,0
dan_10,117,0,1
dan_10,815,0,1
dan_10,396,0,1
dan_10,871,0,1
dan_10,1903,1,0
dan_10,507,0,0
dan_10,1635,1,1
dan_10,795,0,1
dan_10,626,0,1
dan_10,981,0,0
dan_10,1637,1,1
dan_10,120,0,1
dan_10,1907,1,1
dan_10,1281,1,1
dan_10,1489,1,0
dan_10,1304,1,0
dan_10,1525,1,0
dan_10,76,0,1
dan_10,1986,1,1
dan_10,1192,1,1
dan_10,1336,1,0
dan_10,320,0,1
dan_10,821,0,0
dan_10,147,0,1
dan_10,1290,1,1
dan_10,40,0,0
dan_10,1705,1,0
dan_10,1272,1,1
dan_10,1504,1,0
dan_10,816,0,0
dan_10,1084,1,1
dan_10,1660,1,0
dan_10,1261,1,1
dan_10,1280,1,1
dan_10,525,0,0
dan_10,587,0,0
dan_10,171,0,1
dan_10,1119,1,1
dan_10,107,0,1
dan_10,1808,1,1
dan_10,1793,1,0
dan_10,594,0,0
dan_10,1236,1,0
dan_10,951,0,1
dan_10,1649,1,1
dan_10,1013,1,1
dan_10,1746,1,1
dan_10,578,0,1
dan_10,1398,1,1
dan_10,401,0,1
dan_10,1213,1,1
dan_10,166,0,0
dan_10,1999,1,1
dan_10,1741,1,0
dan_10,1935,1,1
dan_10,543,0,1
dan_10,370,0,1
dan_10,205,0,0
dan_10,1457,1,1
dan_10,1011,1,0
dan_10,697,0,0
dan_10,687,0,0
dan_10,1843,1,0
dan_10,1923,1,1
dan_10,293,0,0
dan_10,400,0,1
dan_10,774,0,0
dan_10,840,0,0
dan_10,113,0,0
dan_10,425,0,1
dan_10,1322,1,1
dan_10,1563,1,1
dan_10,672,0,0
dan_10,437,0,0
dan_10,1233,1,1
dan_10,909,0,1
dan_10,1132,1,0
dan_10,1133,1,1
dan_10,221,0,1
dan_10,665,0,0
dan_10,1058,1,0
dan_10,1476,1,0
dan_10,728,0,0
dan_10,984,0,0
dan_10,610,0,1
dan_10,836,0,0
dan_10,464,0,1
dan_10,403,0,1
dan_10,453,0,1
dan_10,1621,1,1
dan_10,1088,1,1
dan_10,622,0,0
dan_10,487,0,0
dan_10,1180,1,0
dan_10,501,0,0
dan_10,538,0,1
dan_10,189,0,0
dan_10,847,0,0
dan_10,1191,1,0
dan_10,537,0,0
dan_10,1227,1,0
dan_10,1806,1,1
dan_10,1952,1,0
dan_10,784,0,0
dan_10,1472,1,0
dan_10,1761,1,1
dan_10,34,0,1
dan_10,1051,1,0
dan_10,1486,1,1
dan_10,654,0,1
dan_10,890,0,1
dan_10,882,0,0
dan_10,932,0,0
dan_10,1561,1,0
dan_10,864,0,1
dan_10,558,0,1
dan_10,852,0,1
dan_10,1464,1,1
dan_10,206,0,1
dan_10,74,0,1
dan_10,1828,1,1
dan_10,1445,1,0
dan_10,81,0,0
dan_10,157,0,1
dan_10,1321,1,0
dan_10,1371,1,1
dan_10,33,0,0
dan_10,1514,1,0
dan_10,828,0,1
dan_10,62,0,0
dan_10,1497,1,1
dan_10,1104,1,1
dan_10,151,0,0
dan_10,1351,1,0
dan_10,995,0,0
dan_10,344,0,0
dan_10,712,0,0
dan_10,1608,1,0
dan_10,282,0,1
dan_10,1725,1,1
dan_10,1880,1,1
dan_10,1674,1,1
dan_10,1185,1,1
dan_10,372,0,0
dan_10,994,0,1
dan_10,1861,1,1
dan_10,780,0,0
dan_10,1801,1,1
dan_10,1241,1,1
dan_10,754,0,0
dan_10,503,0,0
dan_10,1420,1,0
dan_10,180,0,0
dan_10,137,0,0
dan_10,255,0,1
dan_10,1427,1,0
dan_10,1554,1,1
dan_10,213,0,0
dan_10,1526,1,0
dan_10,1395,1,1
dan_10,1890,1,1
dan_10,1560,1,0
dan_10,10,0,0
dan_10,1193,1,1
dan_10,1450,1,0
dan_10,1006,1,0
dan_10,1956,1,0
dan_10,1983,1,0
dan_10,800,0,1
dan_10,811,0,0
dan_10,23,0,1
dan_10,571,0,1
dan_10,1963,1,1
dan_10,1273,1,1
dan_10,476,0,0
dan_10,1346,1,0
dan_10,1080,1,0
dan_10,1429,1,1
dan_10,1979,1,1
dan_10,937,0,1
dan_10,1179,1,0
dan_10,1632,1,1
dan_10,207,0,0
dan_10,1093,1,1
dan_10,1677,1,1
dan_10,798,0,0
dan_10,1143,1,1
dan_10,1669,1,1
dan_10,930,0,0
dan_10,1539,1,0
dan_10,505,0,1
dan_10,550,0,1
dan_10,1228,1,0
dan_10,568,0,1
dan_10,1842,1,1
dan_10,1826,1,1
dan_10,1640,1,1
dan_10,379,0,1
dan_10,643,0,0
dan_10,904,0,0
dan_10,681,0,0
dan_10,1208,1,0
dan_10,144,0,1
dan_10,1250,1,1
dan_10,576,0,0
dan_10,879,0,0
dan_10,60,0,1
dan_10,1803,1,1
dan_10,1945,1,1
dan_10,1389,1,1
dan_10,1827,1,0
dan_10,357,0,1
dan_10,1854,1,1
dan_10,121,0,0
dan_10,398,0,1
dan_10,1836,1,0
dan_10,786,0,0
dan_10,1060,1,1
dan_10,1974,1,1
dan_10,79,0,0
dan_10,1073,1,0
dan_10,1447,1,0
dan_10,69,0,0
dan_10,565,0,0
dan_10,1700,1,0
dan_10,427,0,0
dan_10,1605,1,1
dan_10,86,0,1
dan_10,65,0,1
dan_10,227,0,1
dan_10,958,0,0
dan_10,1485,1,1
dan_10,1601,1,0
dan_10,475,0,1
dan_10,270,0,0
dan_10,27,0,1
dan_10,1313,1,0
dan_10,696,0,1
dan_10,473,0,1
dan_10,1490,1,1
dan_10,668,0,0
dan_10,1492,1,1
dan_10,916,0,0
dan_10,1899,1,1
dan_10,305,0,1
dan_10,646,0,1
dan_10,1063,1,1
dan_10,1866,1,1
dan_10,846,0,0
dan_10,806,0,1
dan_10,1755,1,1
dan_10,993,0,0
dan_10,1824,1,0
dan_10,1015,1,1
dan_10,1425,1,0
dan_10,1066,1,1
dan_10,517,0,0
dan_10,1117,1,1
dan_10,1591,1,0
dan_10,1953,1,1
dan_10,590,0,1
dan_10,1448,1,0
dan_10,1382,1,1
dan_10,1524,1,0
dan_10,45,0,0
dan_10,655,0,1
dan_10,949,0,1
dan_10,1609,1,0
dan_10,1265,1,0
dan_10,131,0,1
dan_10,1098,1,1
dan_10,895,0,0
dan_10,663,0,1
dan_10,563,0,1
dan_10,509,0,1
dan_10,302,0,1
dan_10,214,0,1
dan_10,318,0,1
dan_10,1232,1,1
dan_10,1527,1,1
dan_10,330,0,0
dan_10,1384,1,1
dan_10,1359,1,0
dan_10,1131,1,0
dan_10,404,0,1
dan_10,269,0,0
dan_10,1300,1,1
dan_10,1993,1,1
dan_10,776,0,0
dann,1630,1,1
dann,885,0,0
dann,1957,1,1
dann,85,0,0
dann,253,0,0
dann,1612,1,1
dann,939,0,0
dann,1895,1,1
dann,572,0,0
dann,229,0,0
dann,651,0,0
dann,93,0,0
dann,1144,1,1
dann,765,0,0
dann,1878,1,1
dann,1978,1,1
dann,1239,1,1
dann,1026,1,1
dann,211,0,0
dann,15,0,0
dann,1599,1,1
dann,1752,1,1
dann,416,0,0
dann,1754,1,1
dann,598,0,0
dann,1951,1,1
dann,986,0,0
dann,1039,1,1
dann,1091,1,1
dann,1095,1,1
dann,1716,1,1
dann,1732,1,1
dann,1479,1,1
dann,1223,1,1
dann,803,0,0
dann,273,0,0
dann,1205,1,1
dann,290,0,0
dann,579,0,0
dann,1620,1,1
dann,1111,1,1
dann,850,0,0
dann,1780,1,1
dann,637,0,0
dann,445,0,0
dann,1800,1,1
dann,1589,1,1
dann,1325,1,1
dann,1641,1,1
dann,368,0,0
dann,1168,1,1
dann,1955,1,1
dann,912,0,0
dann,707,0,0
dann,1436,1,1
dann,1927,1,1
dann,1050,1,1
dann,1362,1,1
dann,1749,1,1
dann,1679,1,1
dann,1217,1,1
dann,1406,1,1
dann,898,0,0
dann,1469,1,1
dann,1934,1,1
dann,742,0,0
dann,1583,1,1
dann,769,0,0
dann,148,0,0
dann,426,0,0
dann,474,0,0
dann,371,0,0
dann,1760,1,1
dann,649,0,0
dann,1120,1,1
dann,942,0,0
dann,935,0,0
dann,907,0,0
dann,194,0,0
dann,1114,1,1
dann,574,0,0
dann,261,0,0
dann,259,0,0
dann,1071,1,1
dann,867,0,0
dann,1639,1,1
dann,1588,1,1
dann,757,0,0
dann,303,0,0
dann,78,0,0
dann,1413,1,1
dann,704,0,0
dann,1142,1,1
dann,613,0,0
dann,274,0,0
dann,1937,1,1
dann,480,0,0
dann,591,0,0
dann,99,0,0
dann,187,0,0
dann,1310,1,1
dann,197,0,0
dann,1271,1,1
dann,342,0,0
dann,1619,1,1
dann,1036,1,1
dann,1574,1,1
dann,1426,1,1
dann,561,0,0
dann,1083,1,1
dann,1507,1,1
dann,983,0,0
dann,944,0,0
dann,756,0,0
dann,686,0,1
dann,611,0,0
dann,813,0,0
dann,499,0,0
dann,974,0,0
dann,1465,1,1
dann,1033,1,1
dann,1871,1,1
dann,1872,1,1
dann,1374,1,1
dann,1062,1,1
dann,1802,1,1
dann,22,0,0
dann,179,0,0
dann,1671,1,1
dann,165,0,0
dann,443,0,0
dann,1412,1,1
dann,915,0,0
dann,481,0,0
dann,1373,1,1
dann,1347,1,1
dann,1823,1,1
dann,127,0,0
dann,1881,1,1
dann,1353,1,1
dann,268,0,0
dann,906,0,0
dann,685,0,0
dann,71,0,0
dann,922,0,0
dann,1542,1,1
dann,567,0,0
dann,125,0,0
dann,606,0,0
dann,249,0,0
dann,1307,1,1
dann,1766,1,1
dann,1072,1,1
dann,430,0,0
dann,1343,1,1
dann,1190,1,1
dann,1982,1,1
dann,1267,1,1
dann,619,0,0
dann,1434,1,1
dann,1864,1,1
dann,311,0,0
dann,1279,1,1
dann,418,0,0
dann,287,0,0
dann,832,0,0
dann,1388,1,1
dann,956,0,0
dann,748,0,0
dann,855,0,0
dann,1079,1,1
dann,1548,1,1
dann,1306,1,1
dann,872,0,0
dann,1513,1,1
dann,1034,1,1
dann,20,0,0
dann,294,0,0
dann,3,0,0
dann,735,0,0
dann,102,0,0
dann,1712,1,1
dann,202,0,0
dann,275,0,0
dann,625,0,0
dann,1770,1,1
dann,271,0,0
dann,295,0,0
dann,788,0,0
dann,661,0,0
dann,989,0,0
dann,1518,1,1
dann,1790,1,1
dann,478,0,0
dann,230,0,0
dann,1220,1,1
dann,1337,1,1
dann,484,0,0
dann,161,0,0
dann,193,0,0
dann,1847,1,1
dann,1124,1,1
dann,1470,1,1
dann,92,0,0
dann,1378,1,1
dann,739,0,0
dann,518,0,0
dann,377,0,0
dann,1212,1,1
dann,1202,1,1
dann,1285,1,1
dann,1478,1,1
dann,708,0,0
dann,16,0,0
dann,46,0,0
dann,153,0,0
dann,284,0,0
dann,1695,1,1
dann,1247,1,1
dann,802,0,0
dann,1001,0,0
dann,500,0,0
dann,928,0,0
dann,1733,1,1
dann,749,0,0
dann,1065,1,1
dann,669,0,0
dann,1289,1,1
dann,1089,1,1
dann,1540,1,1
dann,1638,1,1
dann,1038,1,1
dann,519,0,0
dann,1894,1,1
dann,316,0,0
dann,1678,1,1
dann,8,0,0
dann,1940,1,1
dann,664,0,0
dann,1857,1,1
dann,1316,1,1
dann,859,0,0
dann,1207,1,1
dann,1904,1,1
dann,28,0,0
dann,1274,1,1
dann,1340,1,1
dann,1491,1,1
dann,164,0,0
dann,833,0,0
dann,384,0,0
dann,1566,1,1
dann,1562,1,1
dann,1622,1,1
dann,947,0,0
dann,689,0,0
dann,941,0,0
dann,1665,1,1
dann,1558,1,1
dann,208,0,0
dann,378,0,0
dann,1334,1,1
dann,618,0,0
dann,134,0,0
dann,1106,1,1
dann,1924,1,1
dann,2,0,0
dann,218,0,0
dann,1782,1,1
dann,1182,1,1
dann,1424,1,1
dann,1505,1,1
dann,1482,1,1
dann,842,0,0
dann,1529,1,1
dann,580,0,0
dann,1416,1,1
dann,1921,1,1
dann,1737,1,1
dann,760,0,0
dann,1147,1,1
dann,1496,1,1
dann,87,0,0
dann,105,0,0
dann,1977,1,1
dann,1572,1,1
dann,1318,1,1
dann,629,0,0
dann,1813,1,1
dann,1028,1,1
dann,521,0,0
dann,1074,1,1
dann,1367,1,1
dann,1100,1,1
dann,1918,1,1
dann,124,0,0
dann,54,0,0
dann,1135,1,1
dann,376,0,0
dann,447,0,0
dann,1841,1,1
dann,362,0,0
dann,419,0,0
dann,1393,1,1
dann,1358,1,1
dann,1673,1,1
dann,1003,1,1
dann,648,0,0
dann,929,0,0
dann,1959,1,1
dann,155,0,0
dann,1475,1,1
dann,997,0,0
dann,117,0,0
dann,815,0,1
dann,396,0,0
dann,871,0,0
dann,1903,1,1
dann,507,0,0
dann,1635,1,1
dann,795,0,0
dann,626,0,0
dann,981,0,0
dann,1637,1,1
dann,120,0,0
dann,1907,1,1
dann,1281,1,1
dann,1489,1,1
dann,1304,1,1
dann,1525,1,1
dann,76,0,0
dann,1986,1,1
dann,1192,1,1
dann,1336,1,1
dann,320,0,0
dann,821,0,0
dann,147,0,0
dann,1290,1,1
dann,40,0,0
dann,1705,1,1
dann,1272,1,1
dann,1504,1,1
dann,816,0,0
dann,1084,1,1
dann,1660,1,1
dann,1261,1,1
dann,1280,1,1
dann,525,0,0
dann,587,0,0
dann,171,0,0
dann,1119,1,1
dann,107,0,0
dann,1808,1,1
dann,1793,1,1
dann,594,0,0
dann,1236,1,1
dann,951,0,0
dann,1649,1,1
dann,1013,1,1
dann,1746,1,1
dann,578,0,0
dann,1398,1,1
dann,401,0,0
dann,1213,1,1
dann,166,0,0
dann,1999,1,1
dann,1741,1,1
dann,1935,1,1
dann,543,0,0
dann,370,0,0
dann,205,0,0
dann,1457,1,1
dann,1011,1,1
dann,697,0,0
dann,687,0,0
dann,1843,1,1
dann,1923,1,1
dann,293,0,0
dann,400,0,0
dann,774,0,0
dann,840,0,0
dann,113,0,0
dann,425,0,0
dann,1322,1,1
dann,1563,1,1
dann,672,0,0
dann,437,0,0
dann,1233,1,1
dann,909,0,0
dann,1132,1,1
dann,1133,1,1
dann,221,0,0
dann,665,0,0
dann,1058,1,1
dann,1476,1,1
dann,728,0,0
dann,984,0,0
dann,610,0,0
dann,836,0,0
dann,464,0,0
dann,403,0,0
dann,453,0,0
dann,1621,1,1
dann,1088,1,1
dann,622,0,0
dann,487,0,0
dann,1180,1,1
dann,501,0,0
dann,538,0,0
dann,189,0,0
dann,847,0,0
dann,1191,1,1
dann,537,0,0
dann,1227,1,1
dann,1806,1,1
dann,1952,1,1
dann,784,0,0
dann,1472,1,1
dann,1761,1,1
dann,34,0,0
dann,1051,1,1
dann,1486,1,1
dann,654,0,0
dann,890,0,0
dann,882,0,0
dann,932,0,0
dann,1561,1,1
dann,864,0,0
dann,558,0,0
dann,852,0,0
dann,1464,1,1
dann,206,0,0
dann,74,0,0
dann,1828,1,1
dann,1445,1,1
dann,81,0,0
dann,157,0,0
dann,1321,1,1
dann,1371,1,1
dann,33,0,0
dann,1514,1,1
dann,828,0,0
dann,62,0,0
dann,1497,1,1
dann,1104,1,1
dann,151,0,0
dann,1351,1,1
dann,995,0,1
dann,344,0,0
dann,712,0,0
dann,1608,1,1
dann,282,0,0
dann,1725,1,1
dann,1880,1,1
dann,1674,1,1
dann,1185,1,1
dann,372,0,0
dann,994,0,0
dann,1861,1,1
dann,780,0,0
dann,1801,1,1
dann,1241,1,1
dann,754,0,0
dann,503,0,0
dann,1420,1,1
dann,180,0,0
dann,137,0,0
dann,255,0,0
dann,1427,1,1
dann,1554,1,1
dann,213,0,0
dann,1526,1,1
dann,1395,1,1
dann,1890,1,1
dann,1560,1,1
dann,10,0,0
dann,1193,1,1
dann,1450,1,1
dann,1006,1,1
dann,1956,1,1
dann,1983,1,1
dann,800,0,0
dann,811,0,0
dann,23,0,0
dann,571,0,0
dann,1963,1,1
dann,1273,1,1
dann,476,0,0
dann,1346,1,1
dann,1080,1,1
dann,1429,1,1
dann,1979,1,1
dann,937,0,0
dann,1179,1,1
dann,1632,1,1
dann,207,0,0
dann,1093,1,1
dann,1677,1,1
dann,798,0,0
dann,1143,1,1
dann,1669,1,1
dann,930,0,0
dann,1539,1,1
dann,505,0,0
dann,550,0,0
dann,1228,1,1
dann,568,0,0
dann,1842,1,1
dann,1826,1,1
dann,1640,1,1
dann,379,0,0
dann,643,0,0
dann,904,0,0
dann,681,0,0
dann,1208,1,1
dann,144,0,0
dann,1250,1,1
dann,576,0,0
dann,879,0,0
dann,60,0,0
dann,1803,1,1
dann,1945,1,1
dann,1389,1,1
dann,1827,1,1
dann,357,0,0
dann,1854,1,1
dann,121,0,0
dann,398,0,0
dann,1836,1,1
dann,786,0,0
dann,1060,1,1
dann,1974,1,1
dann,79,0,0
dann,1073,1,1
dann,1447,1,1
dann,69,0,0
dann,565,0,0
dann,1700,1,1
dann,427,0,0
dann,1605,1,1
dann,86,0,0
dann,65,0,0
dann,227,0,0
dann,958,0,0
dann,1485,1,1
dann,1601,1,1
dann,475,0,0
dann,270,0,0
dann,27,0,0
dann,1313,1,1
dann,696,0,0
dann,473,0,0
dann,1490,1,1
dann,668,0,0
dann,1492,1,1
dann,916,0,0
dann,1899,1,1
dann,305,0,0
dann,646,0,0
dann,1063,1,1
dann,1866,1,1
dann,846,0,0
dann,806,0,0
dann,1755,1,1
dann,993,0,0
dann,1824,1,1
dann,1015,1,1
dann,1425,1,1
dann,1066,1,1
dann,517,0,0
dann,1117,1,1
dann,1591,1,1
dann,1953,1,1
dann,590,0,0
dann,1448,1,1
dann,1382,1,1
dann,1524,1,1
dann,45,0,0
dann,655,0,0
dann,949,0,0
dann,1609,1,1
dann,1265,1,1
dann,131,0,0
dann,1098,1,1
dann,895,0,0
dann,663,0,0
dann,563,0,0
dann,509,0,0
dann,302,0,0
dann,214,0,0
dann,318,0,0
dann,1232,1,1
dann,1527,1,1
dann,330,0,0
dann,1384,1,1
dann,1359,1,1
dann,1131,1,1
dann,404,0,0
dann,269,0,0
dann,1300,1,1
dann,1993,1,1
dann,776,0,0
source_only,1630,1,1
source_only,885,0,0
source_only,1957,1,1
source_only,85,0,0
source_only,253,0,0
source_only,1612,1,1
source_only,939,0,0
source_only,1895,1,1
source_only,572,0,0
source_only,229,0,0
source_only,651,0,0
source_only,93,0,0
source_only,1144,1,1
source_only,765,0,0
source_only,1878,1,1
source_only,1978,1,1
source_only,1239,1,1
source_only,1026,1,1
source_only,211,0,0
source_only,15,0,0
source_only,1599,1,1
source_only,1752,1,1
source_only,416,0,0
source_only,1754,1,1
source_only,598,0,0
source_only,1951,1,1
source_only,986,0,0
source_only,1039,1,1
source_only,1091,1,1
source_only,1095,1,1
source_only,1716,1,1
source_only,1732,1,1
source_only,1479,1,1
source_only,1223,1,1
source_only,803,0,0
source_only,273,0,0
source_only,1205,1,1
source_only,290,0,0
source_only,579,0,0
source_only,1620,1,1
source_only,1111,1,1
source_only,850,0,0
source_only,1780,1,1
source_only,637,0,0
source_only,445,0,0
source_only,1800,1,1
source_only,1589,1,1
source_only,1325,1,1
source_only,1641,1,1
source_only,368,0,0
source_only,1168,1,1
source_only,1955,1,1
source_only,912,0,0
source_only,707,0,0
source_only,1436,1,1
source_only,1927,1,1
source_only,1050,1,1
source_only,1362,1,1
source_only,1749,1,1
source_only,1679,1,1
source_only,1217,1,1
source_only,1406,1,1
source_only,898,0,0
source_only,1469,1,1
source_only,1934,1,1
source_only,742,0,0
source_only,1583,1,1
source_only,769,0,0
source_only,148,0,0
source_only,426,0,0
source_only,474,0,0
source_only,371,0,0
source_only,1760,1,1
source_only,649,0,0
source_only,1120,1,1
source_only,942,0,0
source_only,935,0,0
source_only,907,0,0
source_only,194,0,0
source_only,1114,1,1
source_only,574,0,0
source_only,261,0,0
source_only,259,0,0
source_only,1071,1,1
source_only,867,0,0
source_only,1639,1,1
source_only,1588,1,1
source_only,757,0,0
source_only,303,0,0
source_only,78,0,0
source_only,1413,1,1
source_only,704,0,0
source_only,1142,1,1
source_only,613,0,0
source_only,274,0,0
source_only,1937,1,1
source_only,480,0,0
source_only,591,0,0
source_only,99,0,0
source_only,187,0,0
source_only,1310,1,1
source_only,197,0,0
source_only,1271,1,1
source_only,342,0,0
source_only,1619,1,1
source_only,1036,1,1
source_only,1574,1,1
source_only,1426,1,1
source_only,561,0,0
source_only,1083,1,1
source_only,1507,1,1
source_only,983,0,0
source_only,944,0,0
source_only,756,0,0
source_only,686,0,0
source_only,611,0,0
source_only,813,0,0
source_only,499,0,0
source_only,974,0,0
source_only,1465,1,1
source_only,1033,1,1
source_only,1871,1,1
source_only,1872,1,1
source_only,1374,1,1
source_only,1062,1,1
source_only,1802,1,1
source_only,22,0,0
source_only,179,0,0
source_only,1671,1,1
source_only,165,0,0
source_only,443,0,0
source_only,1412,1,1
source_only,915,0,0
source_only,481,0,0
source_only,1373,1,1
source_only,1347,1,1
source_only,1823,1,1
source_only,127,0,0
source_only,1881,1,1
source_only,1353,1,1
source_only,268,0,0
source_only,906,0,0
source_only,685,0,0
source_only,71,0,0
source_only,922,0,0
source_only,1542,1,1
source_only,567,0,0
source_only,125,0,0
source_only,606,0,0
source_only,249,0,0
source_only,1307,1,1
source_only,1766,1,1
source_only,1072,1,1
source_only,430,0,0
source_only,1343,1,1
source_only,1190,1,1
source_only,1982,1,1
source_only,1267,1,1
source_only,619,0,0
source_only,1434,1,1
source_only,1864,1,1
source_only,311,0,0
source_only,1279,1,1
source_only,418,0,0
source_only,287,0,0
source_only,832,0,0
source_only,1388,1,1
source_only,956,0,0
source_only,748,0,0
source_only,855,0,0
source_only,1079,1,1
source_only,1548,1,1
source_only,1306,1,1
source_only,872,0,0
source_only,1513,1,1
source_only,1034,1,1
source_only,20,0,0
source_only,294,0,0
source_only,3,0,0
source_only,735,0,0
source_only,102,0,0
source_only,1712,1,1
source_only,202,0,0
source_only,275,0,0
source_only,625,0,0
source_only,1770,1,1
source_only,271,0,0
source_only,295,0,0
source_only,788,0,0
source_only,661,0,0
source_only,989,0,0
source_only,1518,1,1
source_only,1790,1,1
source_only,478,0,0
source_only,230,0,0
source_only,1220,1,1
source_only,1337,1,1
source_only,484,0,0
source_only,161,0,0
source_only,193,0,0
source_only,1847,1,1
source_only,1124,1,1
source_only,1470,1,1
source_only,92,0,0
source_only,1378,1,1
source_only,739,0,0
source_only,518,0,0
source_only,377,0,0
source_only,1212,1,1
source_only,1202,1,1
source_only,1285,1,1
source_only,1478,1,1
source_only,708,0,0
source_only,16,0,0
source_only,46,0,0
source_only,153,0,0
source_only,284,0,0
source_only,1695,1,1
source_only,1247,1,1
source_only,802,0,0
source_only,1001,0,0
source_only,500,0,0
source_only,928,0,0
source_only,1733,1,1
source_only,749,0,0
source_only,1065,1,1
source_only,669,0,0
source_only,1289,1,1
source_only,1089,1,1
source_only,1540,1,1
source_only,1638,1,1
source_only,1038,1,1
source_only,519,0,0
source_only,1894,1,1
source_only,316,0,0
source_only,1678,1,1
source_only,8,0,0
source_only,1940,1,1
source_only,664,0,0
source_only,1857,1,1
source_only,1316,1,1
source_only,859,0,0
source_only,1207,1,1
source_only,1904,1,1
source_only,28,0,0
source_only,1274,1,1
source_only,1340,1,1
source_only,1491,1,1
source_only,164,0,0
source_only,833,0,0
source_only,384,0,0
source_only,1566,1,1
source_only,1562,1,1
source_only,1622,1,1
source_only,947,0,0
source_only,689,0,0
source_only,941,0,0
source_only,1665,1,1
source_only,1558,1,1
source_only,208,0,0
source_only,378,0,0
source_only,1334,1,1
source_only,618,0,0
source_only,134,0,0
source_only,1106,1,1
source_only,1924,1,1
source_only,2,0,0
source_only,218,0,0
source_only,1782,1,1
source_only,1182,1,1
source_only,1424,1,1
source_only,1505,1,1
source_only,1482,1,1
source_only,842,0,0
source_only,1529,1,1
source_only,580,0,0
source_only,1416,1,1
source_only,1921,1,1
source_only,1737,1,1
source_only,760,0,0
source_only,1147,1,1
source_only,1496,1,1
source_only,87,0,0
source_only,105,0,0
source_only,1977,1,1
source_only,1572,1,1
source_only,1318,1,1
source_only,629,0,0
source_only,1813,1,1
source_only,1028,1,1
source_only,521,0,0
source_only,1074,1,1
source_only,1367,1,1
source_only,1100,1,1
source_only,1918,1,1
source_only,124,0,0
source_only,54,0,0
source_only,1135,1,1
source_only,376,0,0
source_only,447,0,0
source_only,1841,1,1
source_only,362,0,0
source_only,419,0,0
source_only,1393,1,1
source_only,1358,1,1
source_only,1673,1,1
source_only,1003,1,1
source_only,648,0,0
source_only,929,0,0
source_only,1959,1,1
source_only,155,0,0
source_only,1475,1,1
source_only,997,0,0
source_only,117,0,0
source_only,815,0,0
source_only,396,0,0
source_only,871,0,0
source_only,1903,1,1
source_only,507,0,0
source_only,1635,1,1
source_only,795,0,0
source_only,626,0,0
source_only,981,0,0
source_only,1637,1,1
source_only,120,0,0
source_only,1907,1,1
source_only,1281,1,1
source_only,1489,1,1
source_only,1304,1,1
source_only,1525,1,1
source_only,76,0,0
source_only,1986,1,1
source_only,1192,1,1
source_only,1336,1,1
source_only,320,0,0
source_only,821,0,0
source_only,147,0,0
source_only,1290,1,1
source_only,40,0,0
source_only,1705,1,1
source_only,1272,1,1
source_only,1504,1,1
source_only,816,0,0
source_only,1084,1,1
source_only,1660,1,1
source_only,1261,1,1
source_only,1280,1,1
source_only,525,0,0
source_only,587,0,0
source_only,171,0,0
source_only,1119,1,1
source_only,107,0,0
source_only,1808,1,1
source_only,1793,1,1
source_only,594,0,0
source_only,1236,1,1
source_only,951,0,0
source_only,1649,1,1
source_only,1013,1,1
source_only,1746,1,1
source_only,578,0,0
source_only,1398,1,1
source_only,401,0,0
source_only,1213,1,1
source_only,166,0,0
source_only,1999,1,1
source_only,1741,1,1
source_only,1935,1,1
source_only,543,0,0
source_only,370,0,0
source_only,205,0,0
source_only,1457,1,1
source_only,1011,1,1
source_only,697,0,0
source_only,687,0,0
source_only,1843,1,1
source_only,1923,1,1
source_only,293,0,0
source_only,400,0,0
source_only,774,0,0
source_only,840,0,0
source_only,113,0,0
source_only,425,0,0
source_only,1322,1,1
source_only,1563,1,1
source_only,672,0,0
source_only,437,0,0
source_only,1233,1,1
source_only,909,0,1
source_only,1132,1,1
source_only,1133,1,1
source_only,221,0,0
source_only,665,0,0
source_only,1058,1,1
source_only,1476,1,1
source_only,728,0,0
source_only,984,0,0
source_only,610,0,0
source_only,836,0,0
source_only,464,0,0
source_only,403,0,0
source_only,453,0,0
source_only,1621,1,1
source_only,1088,1,1
source_only,622,0,0
source_only,487,0,0
source_only,1180,1,1
source_only,501,0,0
source_only,538,0,0
source_only,189,0,0
source_only,847,0,0
source_only,1191,1,1
source_only,537,0,0
source_only,1227,1,1
source_only,1806,1,1
source_only,1952,1,1
source_only,784,0,0
source_only,1472,1,1
source_only,1761,1,1
source_only,34,0,0
source_only,1051,1,1
source_only,1486,1,1
source_only,654,0,0
source_only,890,0,0
source_only,882,0,0
source_only,932,0,0
source_only,1561,1,1
source_only,864,0,0
source_only,558,0,0
source_only,852,0,0
source_only,1464,1,1
source_only,206,0,0
source_only,74,0,0
source_only,1828,1,1
source_only,1445,1,1
source_only,81,0,0
source_only,157,0,0
source_only,1321,1,1
source_only,1371,1,1
source_only,33,0,0
source_only,1514,1,1
source_only,828,0,0
source_only,62,0,0
source_only,1497,1,0
source_only,1104,1,1
source_only,151,0,0
source_only,1351,1,1
source_only,995,0,0
source_only,344,0,0
source_only,712,0,0
source_only,1608,1,1
source_only,282,0,0
source_only,1725,1,1
source_only,1880,1,1
source_only,1674,1,1
source_only,1185,1,1
source_only,372,0,0
source_only,994,0,0
source_only,1861,1,1
source_only,780,0,0
source_only,1801,1,1
source_only,1241,1,1
source_only,754,0,0
source_only,503,0,0
source_only,1420,1,1
source_only,180,0,0
source_only,137,0,0
source_only,255,0,0
source_only,1427,1,1
source_only,1554,1,1
source_only,213,0,0
source_only,1526,1,1
source_only,1395,1,1
source_only,1890,1,1
source_only,1560,1,1
source_only,10,0,0
source_only,1193,1,1
source_only,1450,1,1
source_only,1006,1,1
source_only,1956,1,1
source_only,1983,1,1
source_only,800,0,0
source_only,811,0,0
source_only,23,0,0
source_only,571,0,0
source_only,1963,1,1
source_only,1273,1,1
source_only,476,0,0
source_only,1346,1,1
source_only,1080,1,1
source_only,1429,1,1
source_only,1979,1,1
source_only,937,0,0
source_only,1179,1,1
source_only,1632,1,1
source_only,207,0,0
source_only,1093,1,1
source_only,1677,1,1
source_only,798,0,0
source_only,1143,1,1
source_only,1669,1,1
source_only,930,0,0
source_only,1539,1,1
source_only,505,0,0
source_only,550,0,0
source_only,1228,1,1
source_only,568,0,0
source_only,1842,1,1
source_only,1826,1,1
source_only,1640,1,1
source_only,379,0,0
source_only,643,0,0
source_only,904,0,0
source_only,681,0,0
source_only,1208,1,1
source_only,144,0,0
source_only,1250,1,1
source_only,576,0,0
source_only,879,0,0
source_only,60,0,0
source_only,1803,1,1
source_only,1945,1,1
source_only,1389,1,1
source_only,1827,1,1
source_only,357,0,0
source_only,1854,1,1
source_only,121,0,0
source_only,398,0,0
source_only,1836,1,1
source_only,786,0,0
source_only,1060,1,1
source_only,1974,1,1
source_only,79,0,0
source_only,1073,1,1
source_only,1447,1,1
source_only,69,0,0
source_only,565,0,0
source_only,1700,1,1
source_only,427,0,0
source_only,1605,1,1
source_only,86,0,0
source_only,65,0,0
source_only,227,0,0
source_only,958,0,0
source_only,1485,1,1
source_only,1601,1,1
source_only,475,0,0
source_only,270,0,0
source_only,27,0,0
source_only,1313,1,1
source_only,696,0,0
source_only,473,0,0
source_only,1490,1,1
source_only,668,0,0
source_only,1492,1,1
source_only,916,0,0
source_only,1899,1,1
source_only,305,0,0
source_only,646,0,0
source_only,1063,1,1
source_only,1866,1,1
source_only,846,0,0
source_only,806,0,0
source_only,1755,1,1
source_only,993,0,0
source_only,1824,1,1
source_only,1015,1,1
source_only,1425,1,1
source_only,1066,1,1
source_only,517,0,0
source_only,1117,1,1
source_only,1591,1,1
source_only,1953,1,1
source_only,590,0,0
source_only,1448,1,1
source_only,1382,1,1
source_only,1524,1,1
source_only,45,0,0
source_only,655,0,0
source_only,949,0,0
source_only,1609,1,1
source_only,1265,1,1
source_only,131,0,0
source_only,1098,1,1
source_only,895,0,0
source_only,663,0,0
source_only,563,0,0
source_only,509,0,0
source_only,302,0,0
source_only,214,0,0
source_only,318,0,0
source_only,1232,1,1
source_only,1527,1,1
source_only,330,0,0
source_only,1384,1,1
source_only,1359,1,1
source_only,1131,1,1
source_only,404,0,0
source_only,269,0,0
source_only,1300,1,1
source_only,1993,1,1
source_only,776,0,0
