predictor,official_index,true_class_id,true_class_name,displacement_pixels,direction,transformed_rgb_sha256,clean_predicted_class_id,transformed_predicted_class_id,transformed_correct,matches_clean_prediction,transformed_maximum_confidence
vit_b_16_linear_head,3,0,airplane,16,down,fefb9395e97e0fa08dbad7744a5c4dd1b8923c71fe8a06b34e281adb105150f8,0,0,True,True,0.8669125437736511
vit_b_16_linear_head,29,7,monkey,16,down,c1dbb9b2d0ff113fabaa274727d242699ea3235e6d0e6a10b29f028f84795f0d,7,7,True,True,0.9886109232902527
vit_b_16_linear_head,35,2,car,16,down,fcf11c39afc5474393ad605d29f49e6de5d2ae10dc29045f034672bce164c794,2,2,True,True,0.9817121028900146
vit_b_16_linear_head,42,0,airplane,16,down,8a599ee67715c58fe53c3ca8a32d6b1c617a511d72d33a55f7b6c4c819114e4e,0,0,True,True,0.9937896132469177
vit_b_16_linear_head,49,2,car,16,down,95bae98b1f10af152cead55a61709c76978ff5de6a1bd00013baf622133cc8b2,2,2,True,True,0.9680895209312439
vit_b_16_linear_head,81,0,airplane,16,down,563860b7b10cef219ad51a90d45f44a7b625912e95115034f67ce44f797c7477,0,0,True,True,0.9533987045288086
vit_b_16_linear_head,95,1,bird,16,down,66d548d41393522a914145b6eb9a94294b9044afc5882b86faa3d5e562182dd3,1,1,True,True,0.995079517364502
vit_b_16_linear_head,97,5,dog,16,down,c5ee566d3ce3457f8cce8399d20328bfbd737799cac1a8d15bcf77a5d998a4e2,5,5,True,True,0.8628513216972351
vit_b_16_linear_head,116,1,bird,16,down,c976b10a759d5f73dbfe3db4124f6c18cb5415dd2fbb0eef5574a6f70d3788f5,1,1,True,True,0.9979273080825806
vit_b_16_linear_head,131,9,truck,16,down,398b2c760c87cd2697dbe104db3d81190e004b956fcbb6aa4b2d20e77c9d99cf,9,9,True,True,0.9715026617050171
vit_b_16_linear_head,151,8,ship,16,down,d64152645016c67d6e336d72dfbd6ac6f5ec93a1ee86a890c7a24cf34b18a62f,8,8,True,True,0.9810796976089478
vit_b_16_linear_head,171,4,deer,16,down,6bec72cf4d80c3e92b85d88704dc112fc228adebc80e207a48ff67c1bb36eb18,4,4,True,True,0.9839699864387512
vit_b_16_linear_head,176,3,cat,16,down,2f5b9823efae5ccde9c9f5d0ce74d676773aab4685c7589bd19e7f17e2007a26,3,3,True,True,0.9362483024597168
vit_b_16_linear_head,191,9,truck,16,down,bee77c00898b5339bba48133cc0617cc6277c663677391bf44bde5ac99a416c0,9,9,True,True,0.8687915205955505
vit_b_16_linear_head,194,8,ship,16,down,0baa0de726b2fbd5e67a770137d82220e0a5ea1c408bb5dd17bed65a3c9e7b45,8,8,True,True,0.9953423738479614
vit_b_16_linear_head,198,1,bird,16,down,ac6a479d5e2f5b522cd5f36bf8b1e55b05f17eeba486fb8289df03d01b4bd745,1,1,True,True,0.9812532067298889
vit_b_16_linear_head,239,9,truck,16,down,6e2d27bd3e7e62b0ebcd162465ba235b174ed8d228816d69aaf0dc823a0641c7,9,9,True,True,0.987363874912262
vit_b_16_linear_head,261,1,bird,16,down,82bb81efebf1ce0a194d34aa8304ec50e6152cac4ba0d131078d2114716605dd,5,5,False,True,0.22300851345062256
vit_b_16_linear_head,269,7,monkey,16,down,fb1e12e66eb3452fd6ec581549166b5519e50a0560de5666dcb4ce89215d03fe,7,7,True,True,0.98130863904953
vit_b_16_linear_head,276,9,truck,16,down,f6322fd98abbcc06beb3382dc5adbedd2e228d805ac8ce008924f4d18b3e5c08,9,9,True,True,0.9638727903366089
vit_b_16_linear_head,303,9,truck,16,down,0082d0422e86e8cfd51f8de193764ce6295054d3f4336dc938eee86b13155c63,9,9,True,True,0.9838436245918274
vit_b_16_linear_head,304,1,bird,16,down,21cc53008b47b246f48e555258b3348716307d8d6c6b6af0394be60e963d5484,1,1,True,True,0.5970825552940369
vit_b_16_linear_head,317,2,car,16,down,68e82bae2b6d81cb514e07e034996ed8494525c300a19fe3807be392024fce0e,2,2,True,True,0.974876344203949
vit_b_16_linear_head,319,5,dog,16,down,0473788c1f62aeda64a0d32f4b00465cb90e099d754290fbca457d92f97f7d98,5,5,True,True,0.8828763365745544
vit_b_16_linear_head,323,7,monkey,16,down,564fa74c70ea4bd419c6eaa57455abae933491dd106e0a38701d18355ef3cfe1,7,7,True,True,0.9945265650749207
vit_b_16_linear_head,365,3,cat,16,down,9bbaea4a3174cdf671fba7ee51de506a432ef27f739b9de33cf51e28795183e1,3,3,True,True,0.964670717716217
vit_b_16_linear_head,370,7,monkey,16,down,00fa5530e2b9b9b0b3f4fd1a9a749a79d66f2dfa4c0bcd893524258ff0292c15,7,7,True,True,0.986499547958374
vit_b_16_linear_head,372,3,cat,16,down,0d212e662187da4b3b961c3f8ae2e53122f4709a9ee3524ed33da5eb26495f64,3,3,True,True,0.9914630055427551
vit_b_16_linear_head,378,5,dog,16,down,05df5ed24652c41dfc1f5bdac0a974efe6b3f6a4b92548acadf0418df4a7c80c,5,5,True,True,0.8968180418014526
vit_b_16_linear_head,391,3,cat,16,down,5fe48d056af00681af7077424bd9ed4fe0dc66c33e829bdc64af90c487d12f51,3,3,True,True,0.9974665641784668
vit_b_16_linear_head,409,2,car,16,down,f144a81077e59031afcb0b419f4e53968341c0642b0bfdf0ce7541a71f215a50,2,2,True,True,0.9938632249832153
vit_b_16_linear_head,419,9,truck,16,down,e488aa992b8bb82c7d6378724c051a836eeee303d34898f85b7ece7c579d99c4,9,9,True,True,0.9533559083938599
vit_b_16_linear_head,449,6,horse,16,down,12bc160287066e2fe17f5ba71f6f8f37f56eab3c2b1be4779b5ec6ce54b50594,6,6,True,True,0.9935705661773682
vit_b_16_linear_head,470,2,car,16,down,7b4b906a44afb8cd5ce1499290252108d6e9d5b2641cacc7554f63946917ab10,2,2,True,True,0.9825795888900757
vit_b_16_linear_head,483,2,car,16,down,a16932ff23ba5d304f0aa34406b80c340a28dcd671e76dbfc6e515a2e67ab847,2,2,True,True,0.9093081951141357
vit_b_16_linear_head,484,0,airplane,16,down,b63b364c84e7f24e950ea687e5393158fcd80917f2a542cd36a09f8b81662239,0,0,True,True,0.9229074716567993
vit_b_16_linear_head,506,4,deer,16,down,1391937c1ac0269b07436efb3dd3632f8ec5f73ee24ee47b7f90821b4b5409ef,4,4,True,True,0.9358693957328796
vit_b_16_linear_head,545,6,horse,16,down,48aae434bc76bf46d54716e7a4350a95f94ac561ff9a57ee6573c0c4b8f51473,6,6,True,True,0.9590368270874023
vit_b_16_linear_head,562,0,airplane,16,down,6c951c408555830f2da285bf7fe30d68704eab8f5b6490182dacfff7f53aaf23,0,0,True,True,0.9840744733810425
vit_b_16_linear_head,568,5,dog,16,down,28e4e7ff3969d58d9e1b8404a10594ca8b51f3efa584e37006be2297f1c14ab7,5,5,True,True,0.8981754183769226
vit_b_16_linear_head,603,9,truck,16,down,b6acb4f29e9fc208df493b35fb3582af6f1c5127a6c58ee1001d0e991a317204,9,9,True,True,0.9896636605262756
vit_b_16_linear_head,632,3,cat,16,down,2a56a39cc69a98f8d30fc82caee7bb44d62331ce80f40ebd38f73dcaab1fba8c,3,3,True,True,0.996004045009613
vit_b_16_linear_head,645,5,dog,16,down,f7f35724c8531d1af54390233ed69bbba54771d2b0fc4eafd6e6698a92471132,5,5,True,True,0.9870520830154419
vit_b_16_linear_head,667,8,ship,16,down,d38db1994d444be7cd1a02b5050c5d50b94bfc0d40edc17108a4752d78789c23,8,8,True,True,0.983041524887085
vit_b_16_linear_head,672,3,cat,16,down,1f8ca08f1fa014da97c4ae0737fc3cda94e774f0e7c95e14623d18793a912614,3,3,True,True,0.9989405274391174
vit_b_16_linear_head,677,3,cat,16,down,737b90c848f17e41dad0efacec7eeb921365b880c1efff4985c7e4ab3e986df8,3,3,True,True,0.9820098280906677
vit_b_16_linear_head,685,5,dog,16,down,e8f89cd09f60f96853908b5a82728d3646c43c1d1eae6c40528e80eaaff6bd5a,5,5,True,True,0.9723108410835266
vit_b_16_linear_head,691,4,deer,16,down,f972fd14d5ab31a4159c7787022f9d266fe20e84c0c60dec5b62b778595cfc95,4,4,True,True,0.9989060163497925
vit_b_16_linear_head,706,8,ship,16,down,8c719c52506fe0d5962a578d4438d1620893488c600f0cc7a56dd325223a61c4,8,8,True,True,0.99128657579422
vit_b_16_linear_head,714,2,car,16,down,ec5f302d33fc81c84519d79510403667480a950af7c4d41c8f41270f1ae07654,2,2,True,True,0.40374717116355896
vit_b_16_linear_head,716,8,ship,16,down,0e7fcf87add49690e3be22bc3c02e32f71090b2f343335254e49082b6dd79bb9,8,8,True,True,0.9387335777282715
vit_b_16_linear_head,738,3,cat,16,down,541c4fc44da9b1f7f143f17b3a2e1a45fe1a26e908c1c9f241a3f7dce620e35d,3,3,True,True,0.7690460085868835
vit_b_16_linear_head,739,8,ship,16,down,a0a9ef5ed280ec86b49cd7c58ea93251a6c1dab25e6d6b997e349d3fc3fd9d30,8,8,True,True,0.9810664653778076
vit_b_16_linear_head,766,4,deer,16,down,39dfb4e1a693f3ad12e4e414a70302fc412779a4886d146697ae76136253bb6e,6,6,False,True,0.8147897124290466
vit_b_16_linear_head,791,3,cat,16,down,5545a306cf803db21a215a40358d7f641c181ee23cdf4ca3b6e48b506da12ff2,3,3,True,True,0.9813582301139832
vit_b_16_linear_head,805,9,truck,16,down,04dccdef31959653afa663d72cfae1ffe4db15e70d93d0162e34a164c3990227,9,9,True,True,0.9528931379318237
vit_b_16_linear_head,825,1,bird,16,down,41bed7feed7b861df46c84b0e77e4d6374fae4868d7028c72b41a70137cd2886,1,1,True,True,0.9202512502670288
vit_b_16_linear_head,852,9,truck,16,down,0cae7b4e6824e0a755eda73a130298930fa769a05da52fc3cda8abab3e501fa9,9,9,True,True,0.990879237651825
vit_b_16_linear_head,855,4,deer,16,down,c94f7d3dac9a246b2ee74d53abbd46c83640e61832487df6fb87d612e1b7b0c4,4,4,True,True,0.9897622466087341
vit_b_16_linear_head,873,6,horse,16,down,c3fc16fd97b273be811fa5c8aabcf5fdcf12f646efb80958d1926f83883d3eb5,6,6,True,True,0.9966320395469666
vit_b_16_linear_head,890,6,horse,16,down,ab3392d64427ed4a48e8544b47adcf4c5a65491457d9ba1c6bfb5c1a95b65066,6,6,True,True,0.9773645997047424
vit_b_16_linear_head,920,6,horse,16,down,0fb5ed911a4ba1abf85f4e5a5031d177a770ddcfdff0b0f68855df1727f967ed,6,6,True,True,0.973997175693512
vit_b_16_linear_head,929,6,horse,16,down,a06cf073bdfa2713099cf5d34587777188d9767934dd891599a027fc15661c73,6,6,True,True,0.8726284503936768
vit_b_16_linear_head,962,8,ship,16,down,898922a6c41ccab5654760905a439518b0f4b7675f19ff63c8415c93888e2ba8,8,8,True,True,0.9971721768379211
vit_b_16_linear_head,964,6,horse,16,down,830e7963b05624bef09079be76f45e124d3a21a7f80cae2eeac4981dfcac9f6f,6,6,True,True,0.8921856880187988
vit_b_16_linear_head,977,6,horse,16,down,a52573e54f74b03cba00724fbc538d0ec0fd3bcd851a9bedd909a8bebe8c25f2,6,6,True,True,0.9944004416465759
vit_b_16_linear_head,979,3,cat,16,down,c0715f858a3f44f9cc1d0c6eb1d9bf37037512dafbcde5a1efb68abcb3baa4e9,3,3,True,True,0.8724634647369385
vit_b_16_linear_head,981,2,car,16,down,8c7939b9dc40ee6be216f51532e70488e2dbedb41ae84ace25273820a7bb1594,2,2,True,True,0.9901206493377686
vit_b_16_linear_head,1022,9,truck,16,down,5a9e653c096ad606ca7213bf4390f671cc182a422cc032add4e14aef4fb3dd90,9,9,True,True,0.49197912216186523
vit_b_16_linear_head,1032,7,monkey,16,down,df11f052e1766d7475d2c3f025bddf677c60bba4ca7938d17851d4ef96a985f2,7,7,True,True,0.9518100023269653
vit_b_16_linear_head,1048,7,monkey,16,down,8b8789f1738280929beedac584d4009007c12834a354c4b8c72d399b8823ccea,7,7,True,True,0.9499569535255432
vit_b_16_linear_head,1090,1,bird,16,down,c7b880bd94c048a59ab7a1ebfc9d0115bafebed4ade5439febf90487128b11a0,1,1,True,True,0.9321398735046387
vit_b_16_linear_head,1095,5,dog,16,down,ae6763094076d42481cb70c3d1fcf493f9751ed99c49e503bfc1632a13b0f566,5,5,True,True,0.9377620816230774
vit_b_16_linear_head,1109,1,bird,16,down,5ea029b8c06301d68f75047d918edbe20cf1b28ae61fd0667d8758e7db3f601c,1,1,True,True,0.5099123120307922
vit_b_16_linear_head,1111,4,deer,16,down,99ecadb68baff3037299bf218d906a31e9a285921decfd4698d158e323d1212f,4,4,True,True,0.9107750654220581
vit_b_16_linear_head,1115,1,bird,16,down,40d697f7be148ecdd28b1058f5578f14a4c215271fc2a44be1bf5ea43da793a8,1,1,True,True,0.7094913721084595
vit_b_16_linear_head,1124,4,deer,16,down,0375284121c0063492411e956d1ab33bdd0bee029d465425d0accd8d78c53cdd,4,4,True,True,0.9893683791160583
vit_b_16_linear_head,1129,8,ship,16,down,19da0145f29fd93df0ac5ba4ff4f43b202c2ecb39aa7b70df4cf7cbf4eea40b9,8,8,True,True,0.9889087080955505
vit_b_16_linear_head,1175,0,airplane,16,down,6fefa41f371fc00403fdbb964f1524fab6886dd57a45cf8fb58c4a5e533f91e9,0,0,True,True,0.9963634610176086
vit_b_16_linear_head,1202,2,car,16,down,d16c7b0d912b002d26887389ee827e76ecda256277cd4693dcdb389a9d98e52c,2,2,True,True,0.9587851762771606
vit_b_16_linear_head,1204,3,cat,16,down,a1bc85862350edb58b5ee183430edb2c80e130736568821e906169308f2a2af7,3,3,True,True,0.9973949193954468
vit_b_16_linear_head,1211,4,deer,16,down,b5363d8f1cbf6a8f436c2d92732ce83b941f922ab99fbacb1f5b009f1c11c469,4,4,True,True,0.9846692681312561
vit_b_16_linear_head,1220,7,monkey,16,down,cabab89b8b53faa33d351fa1aa5f75068cb3416317ab8cd5e5de7fa5c34a6568,7,7,True,True,0.9883544445037842
vit_b_16_linear_head,1230,1,bird,16,down,09f8ba90cbc51d9448665f2d6269d77787c2df40237b4fd5c955af73af1f1c9d,1,1,True,True,0.2889193892478943
vit_b_16_linear_head,1247,8,ship,16,down,2fa1b0023ae6efb0856b87ff2ccb29069f0abc7eb726bd5659321cc812c6cf78,8,8,True,True,0.9487534165382385
vit_b_16_linear_head,1263,3,cat,16,down,bb9e6519b61ccbb8583e2d368e6f867912cccc8b68dbce3234375051436a7d37,3,3,True,True,0.9364728331565857
vit_b_16_linear_head,1266,4,deer,16,down,30c3eaae3eb1205100cee4642c06569aea4ba9d239e9c4a34d20cad67bec7d0f,4,4,True,True,0.9766170382499695
vit_b_16_linear_head,1287,7,monkey,16,down,7fad4b5a3792ceb03d0b6f1404861082e72d33d98bd9e55e6d7d3d06f818b5fc,7,7,True,True,0.9805543422698975
vit_b_16_linear_head,1296,7,monkey,16,down,03a7122afaa5c39911606a6029c3e44a04a78dda448a86f47c641777678677e7,7,7,True,True,0.9914308190345764
vit_b_16_linear_head,1370,3,cat,16,down,85fe216680e03b0e99a531cc92048db45477ded007ae54e7cc0fec15ddc5bc82,3,3,True,True,0.9942737221717834
vit_b_16_linear_head,1389,0,airplane,16,down,449b2381da0a4f7247323bee67f124c57840b3516a0918a00a7052d0f97172f9,0,0,True,True,0.9957349300384521
vit_b_16_linear_head,1401,3,cat,16,down,28dd293d5174065ead2492a73abec3d0cb6c9557e8c43d99a96b2d34c42ee42f,3,3,True,True,0.9883843660354614
vit_b_16_linear_head,1403,2,car,16,down,7b63b5824b5b4f9cff8fa28b72bcbf290a82df7fbf9fd85dc96e769405e8c96d,2,2,True,True,0.9928455948829651
vit_b_16_linear_head,1411,9,truck,16,down,0f35ae972d2df24ace630894ab0b7d0addd677d6b25b8b921e040ccd748f6aac,9,9,True,True,0.978210985660553
vit_b_16_linear_head,1429,4,deer,16,down,670c288d78e6d6f901b4ebab623b1b3b3810a2b335999db966c4c204e3a34951,4,4,True,True,0.9803070425987244
vit_b_16_linear_head,1430,9,truck,16,down,75b72d1c38737fbe556278297793bb3f0ab99afa4d948e2665416e206ba0f403,9,9,True,True,0.9631810784339905
vit_b_16_linear_head,1431,3,cat,16,down,8d87ef40dd186773298a850f9c97016d47252111cc0903e969c1567a5cc0f62b,3,3,True,True,0.9040620923042297
vit_b_16_linear_head,1436,1,bird,16,down,bffcd37b9da2b8389150b1f0713228eb84c44033aa4914d74e7f14d4428fae1d,1,1,True,True,0.9819682240486145
vit_b_16_linear_head,1440,7,monkey,16,down,4a4a61cfb9a1d33a78661a44a69a26232d0d0ff3153a1f708ee33e891c2d77a5,7,7,True,True,0.9921476244926453
vit_b_16_linear_head,1468,9,truck,16,down,e7e7a6035b55e2cade85857cfb0e40e72be0ecc49ba0537b380ef516e1ebb527,9,9,True,True,0.9206005334854126
vit_b_16_linear_head,1473,7,monkey,16,down,41ce49b780a31e5dc8e87f077dfbb44c31a564ce01068ca548baecc88683b747,7,7,True,True,0.9618330597877502
vit_b_16_linear_head,1515,9,truck,16,down,24c0f772bd327f7a20160b312dc116857b1a90eb1197526490f4275aded1b927,9,9,True,True,0.9859996438026428
vit_b_16_linear_head,1520,2,car,16,down,9082f6426bef723d4b0e36788c3de0f53680fdb24e505e873e80c19be794515c,2,2,True,True,0.9826610684394836
vit_b_16_linear_head,1531,3,cat,16,down,5e464f60f2a4d454edc2633a11771e0e45f3735c93e57a3d956773ecfcaef9a6,3,3,True,True,0.9814901947975159
vit_b_16_linear_head,1534,6,horse,16,down,2be6ddaf2d1bea0e7f9bb685a4fffeb8bce70ba12debc7680fb8dc6d42a26454,6,6,True,True,0.9846183657646179
vit_b_16_linear_head,1552,5,dog,16,down,7e3adf1f56a56acc6aec02169f30c061d1388e658f97058895d334f56aa72bd8,5,5,True,True,0.9799578785896301
vit_b_16_linear_head,1553,0,airplane,16,down,edc530e7749f936a6c9a55204481624ec646f4d365e21aa076e51d4c0cfd8a36,0,0,True,True,0.9707115888595581
vit_b_16_linear_head,1563,3,cat,16,down,d20a3a4d6b7e52daa449b44976f806b87190dc26045c448925a20f0511760617,3,3,True,True,0.8983837366104126
vit_b_16_linear_head,1568,1,bird,16,down,a8766df7b26df1d6cbc7989655db3500d68f83cec7b5ec5310a75517a4defcf9,1,1,True,True,0.9194768667221069
vit_b_16_linear_head,1579,7,monkey,16,down,322ff31c34d3e043d19304497561eb93de99b73f9767d07cbb0472839dfce4f9,7,7,True,True,0.9357370138168335
vit_b_16_linear_head,1586,2,car,16,down,616fc849d110e7d4096a526cb2fc8ea92fa47e954e329a572e6d43f2b6f370dc,2,2,True,True,0.9961418509483337
vit_b_16_linear_head,1596,0,airplane,16,down,0b459bb679b750499675b1cd20c09679447578ddc74673024bed1cebedd972a2,0,0,True,True,0.837236225605011
vit_b_16_linear_head,1626,5,dog,16,down,2e27d013158f0ce9cfdeba6ab9ce288d909859c7f9d1c6374fd5f0a0d1415dd7,5,5,True,True,0.851776659488678
vit_b_16_linear_head,1640,8,ship,16,down,04a55d434baaf6ad6a8359ead3205bb4a4a891151a9fd2a0dc4f250a0d4fd8b2,8,8,True,True,0.8894460797309875
vit_b_16_linear_head,1644,5,dog,16,down,7555636c35c8a2f6ccaf5da0e8c0dea6738c98314d388dd64f123fa5791d27b1,5,5,True,True,0.8602348566055298
vit_b_16_linear_head,1648,0,airplane,16,down,e2ff856158ec4390475926e2686f104f88558347ff8b04f95a1f757a1b9e7d12,0,0,True,True,0.9734525680541992
vit_b_16_linear_head,1654,9,truck,16,down,de3459bffd07b835f949ff2d269841327a29bdd1771704ba83224cdb5699e6fd,9,9,True,True,0.950486421585083
vit_b_16_linear_head,1667,6,horse,16,down,548911e58fbd8e5bffc089fdea5567bcf83e3423380e933e4a0bdbda5c27e6a5,6,6,True,True,0.9779602885246277
vit_b_16_linear_head,1703,7,monkey,16,down,96cbff0786377d2e2e7e96bb40725f834fb240e7eaf96aa09541b38d2c6fb733,7,7,True,True,0.9892172813415527
vit_b_16_linear_head,1711,7,monkey,16,down,2de1bd8b886f92698430ec9f8c47dcd60e15fc0d614badb971befe78dbbd1412,7,7,True,True,0.8599877953529358
vit_b_16_linear_head,1771,7,monkey,16,down,1dcfcbf6a0e8cd52dde2d3cdeede5e4d222d0500010d08e91aa872f4af43cee9,7,7,True,True,0.8273614645004272
vit_b_16_linear_head,1783,8,ship,16,down,28dadcb561ebb1a5e164c702d5efea93d3f20f0d18b91fc90132a622d7e0f937,8,8,True,True,0.9898485541343689
vit_b_16_linear_head,1814,2,car,16,down,e31d596b0025c77a3ad24416d207b02c82be2890ea36201f6e43a92914370a82,2,2,True,True,0.9136231541633606
vit_b_16_linear_head,1833,8,ship,16,down,d9fc51711348ed1b863ce422079a7d167b6ff2f54366fc24713bdb749d1840e1,8,8,True,True,0.9606319665908813
vit_b_16_linear_head,1836,9,truck,16,down,50e4886437404b4aaa29ed55cdf2366da844dc76dcc4282ef5aaf58197fe28f3,9,9,True,True,0.824060320854187
vit_b_16_linear_head,1839,2,car,16,down,2d6ca27bedd407140f54f5ce8239fbbf2a460edfb97ad7ef889c8d57daa13217,2,2,True,True,0.9706891179084778
vit_b_16_linear_head,1852,1,bird,16,down,5ee1feef2c9a455c9582004d8c3e110290b51313efb2a19f3d96a945adbc1f0a,1,1,True,True,0.9985617995262146
vit_b_16_linear_head,1871,1,bird,16,down,d08ffc1a09344d00f753ec045bcc908336e8465bc8287e70769b6e122c0eed5c,1,1,True,True,0.3862937390804291
vit_b_16_linear_head,1877,5,dog,16,down,ec0d13551a2ac7d6c5e21b9d66fa5c1aa3b5bee4ee5f9961e7b3d20b5791b460,5,5,True,True,0.8314555287361145
vit_b_16_linear_head,1884,7,monkey,16,down,14265ea754a87e66cd18d9dbfdbdd5b2ed606c53d9fc3aa8dc461ae657667a25,7,7,True,True,0.9475841522216797
vit_b_16_linear_head,1927,7,monkey,16,down,e94de234b52ab90572c6407928f5c9c1238632f83ca6c0527fda663dd28c194c,7,7,True,True,0.9934984445571899
vit_b_16_linear_head,1954,8,ship,16,down,0b555d44954ea2a909edc69e96c4e75cdebed352c521b61446e95a82244e1924,8,8,True,True,0.9373822808265686
vit_b_16_linear_head,1956,7,monkey,16,down,ad8d4912cbde3f293320ffa3f1253778e947db602135653645ab2113eaf25f64,7,7,True,True,0.9202778935432434
vit_b_16_linear_head,1960,4,deer,16,down,caca045f8e8b80a0b5512cecb3bc730be771eb40ec890ca694740e48fb911d85,5,4,True,False,0.519192099571228
vit_b_16_linear_head,1977,0,airplane,16,down,7bc222d0a813bdab028fa8c34b2a480c8a9bf9dd06bd90ba1fee5617f7bec560,0,0,True,True,0.970937967300415
vit_b_16_linear_head,1986,1,bird,16,down,46e4917789fc6fbdb67c638132bc1950193d154c6df78e1d881de65c02a785d2,1,1,True,True,0.8380527496337891
vit_b_16_linear_head,1993,1,bird,16,down,7e4c8ed0692bacc242deaabecc45e45f0d1652824d638d21391c95d7d7add51a,1,1,True,True,0.9994115829467773
vit_b_16_linear_head,2003,6,horse,16,down,d67aea86cb386ab2d49a6de403461865884904f36b35b272122acda1f58b0149,6,6,True,True,0.9808525443077087
vit_b_16_linear_head,2011,9,truck,16,down,089ec0d9eb3ec665cda4f20413983a11c37c53310035f6444a1f0f3737e525d7,9,9,True,True,0.9377223253250122
vit_b_16_linear_head,2024,0,airplane,16,down,cb0b32193ad03c2f4bb503b22728fad4b0f9193473afc70179ec91b8b8e7dd5b,0,0,True,True,0.9456016421318054
vit_b_16_linear_head,2028,3,cat,16,down,ee5c03063c5a1be2b1d4d54e9457055024e5449af153b410ec33bd1fad842b39,3,3,True,True,0.9887065887451172
vit_b_16_linear_head,2062,9,truck,16,down,b5ff8156291a31b09a7c2b98253a388e82b55d2e35ed9f6a5f168b51bb036505,9,9,True,True,0.9890972375869751
vit_b_16_linear_head,2070,1,bird,16,down,9a819d8ca9fa6469f3a4a1f498d3f8e26f1edcb707fc99074a037e0d2684dfb8,1,1,True,True,0.9665733575820923
vit_b_16_linear_head,2082,2,car,16,down,0bee967b6f8637a24fccbae8aa1b066c1279f0e4672098f4455fe642a3a94a1f,2,2,True,True,0.9385238885879517
vit_b_16_linear_head,2095,1,bird,16,down,0834203ce1dab3f741580ee7ea503103db55708eafedc364ae98d8ab0df23e1a,1,1,True,True,0.8582850098609924
vit_b_16_linear_head,2109,8,ship,16,down,359c8a68138771df28db0b91782800a1ec343009fc4ef7b18a268587a8108517,8,8,True,True,0.9846622943878174
vit_b_16_linear_head,2114,9,truck,16,down,2e0c9a41fa0d7eee6c7d9da87d3c214471850ea93c33cabc543dc150e89d7bdc,9,9,True,True,0.8926931619644165
vit_b_16_linear_head,2116,1,bird,16,down,2c96f2f962a3207f89cf0910919b732bb215f449f30109ea9412c6f072fd3a6b,3,3,False,True,0.9662396907806396
vit_b_16_linear_head,2157,1,bird,16,down,0b99eee172b6850c1a8c095e82bff4446f61b9ecda72a00931a4c7b7338a7d41,1,1,True,True,0.9875748753547668
vit_b_16_linear_head,2167,9,truck,16,down,6ceccd5f54499c41b04eb4a64663317d8e9db29f6946bebdd18d94eeeea84e65,9,9,True,True,0.9851961135864258
vit_b_16_linear_head,2178,1,bird,16,down,5979987f3c59c8aab9cca32da529d2d574341b80198c502cc7e5bc6dc173a548,1,1,True,True,0.9983885288238525
vit_b_16_linear_head,2191,8,ship,16,down,5b5cc48678c0ef4f1f84fcd18790088a83f3ab0fde463b3de0b6ba3d422e712d,8,8,True,True,0.9485433101654053
vit_b_16_linear_head,2230,8,ship,16,down,01709d3ac040b88b034826edd04433066b57e1a661141c34ff95e1672ea4cee9,8,8,True,True,0.977672278881073
vit_b_16_linear_head,2242,0,airplane,16,down,b2003335adb6d7a27c6e822768f07db73d1fddbd5f87555c60c5885d5b2111f6,0,0,True,True,0.9773049354553223
vit_b_16_linear_head,2265,5,dog,16,down,6fe9e43ed2f4cdf3e2b0dea6bb75a4211e72704d80a6ba97c7784163e0c10f42,5,5,True,True,0.9747978448867798
vit_b_16_linear_head,2268,5,dog,16,down,f8ca5fc1b6d5f5b0d2824638eb9a59723ca2bbfa005e0ad555738959c6c8bfc2,5,5,True,True,0.9001278281211853
vit_b_16_linear_head,2291,3,cat,16,down,c4c5ac1c4aa4d5c924eb7973ecab6f19fc6662ec199878a64fa8a7bd2482bde1,3,3,True,True,0.5952659249305725
vit_b_16_linear_head,2334,5,dog,16,down,72cb609bff9df810453728d7b9a183293dbbfcc7dc4bae49455d79fbc360f821,5,5,True,True,0.8604530692100525
vit_b_16_linear_head,2340,8,ship,16,down,ca7a152bb6832c8e180ec845ab499fc87cc5785e7f066f8cbf84e85f85a5bf57,8,8,True,True,0.9972042441368103
vit_b_16_linear_head,2342,8,ship,16,down,38d99056716072afab0e71eecb8fcedecf8bc310306b150df459db88a3642121,8,8,True,True,0.9910348057746887
vit_b_16_linear_head,2351,9,truck,16,down,eeb188846576f31f9d6d5fd9bb3360e82a34772db6ca784a1dc74f122de3ad5c,9,9,True,True,0.9819820523262024
vit_b_16_linear_head,2391,5,dog,16,down,3e3c70a78bd42387c80761e4344782c34b055e2d13d239a02497d46eb1173b83,5,5,True,True,0.5385326147079468
vit_b_16_linear_head,2392,2,car,16,down,572ef08d94e77d54e037dcef30451c9a9baa2af81c21c90fd50c667354fe5a4a,2,2,True,True,0.9942924976348877
vit_b_16_linear_head,2399,4,deer,16,down,30b5f8030fdeeadbc78816f625c0f47bdb3ea52176528c0382ff945f6c98a960,4,4,True,True,0.9605394601821899
vit_b_16_linear_head,2414,9,truck,16,down,45602c73b66a7dcb898279743925af3ccf60ba6793c07d79b26cfc7bae5b710e,9,9,True,True,0.8617315888404846
vit_b_16_linear_head,2427,5,dog,16,down,062a88fe27d30181dc0c8ecf51db9d9bde6792e3cef35b1a8607854fa1660cb9,5,5,True,True,0.859494149684906
vit_b_16_linear_head,2458,5,dog,16,down,6fa05e8dc7b47030a91c8e7d47309a73ae0d605a6acff85e0550589d2d8f3027,5,5,True,True,0.9803164601325989
vit_b_16_linear_head,2501,7,monkey,16,down,0a8efdd28a34eeb794ef318516f3ee5af5ee879dd551f93fba1340a48b4d6696,7,7,True,True,0.9462857246398926
vit_b_16_linear_head,2502,2,car,16,down,daf1b77d9763c7baef7668ba08cf90a2eb1da92b72c6ac47aa9ccbe4dc991d18,2,2,True,True,0.9739171862602234
vit_b_16_linear_head,2536,3,cat,16,down,df34ac72138b7bf987b25e29d071e5b65e0dcce97e0e8776f4bf8efdd45a4824,3,3,True,True,0.9972725510597229
vit_b_16_linear_head,2539,3,cat,16,down,d3d15779d6344d9c6b08595ce97560f836df154ddafd237db8d32654f9903d24,3,3,True,True,0.9833754897117615
vit_b_16_linear_head,2610,6,horse,16,down,7622c58b7106755c39c649d799bbf760d4bcbc3b699169eefbfef780d68c3474,6,6,True,True,0.9840960502624512
vit_b_16_linear_head,2623,5,dog,16,down,f80638d70d95362d0744f98ea41dac7ce6595480d13b33cb5c619f0e93e96719,5,5,True,True,0.79024738073349
vit_b_16_linear_head,2655,9,truck,16,down,ac0ca4890c4b21acd0f623dcd7ccb13b4d039d23c93972ed27d2bba7aa6c0725,9,9,True,True,0.9568437337875366
vit_b_16_linear_head,2668,7,monkey,16,down,159b6fb5a42683cb424367a7f196070d3ab14b35e87c3ce4faaa8eb4cdf0f24c,7,7,True,True,0.980133056640625
vit_b_16_linear_head,2676,6,horse,16,down,eb651961a97000e2d0f922f866f0d35a5956085cbb4d734b2f1e460343ec8f75,6,6,True,True,0.33061057329177856
vit_b_16_linear_head,2687,1,bird,16,down,3688c4546c330fa3bb25f137e102ad9f6fbcce61cfe4c793e52ea220946aaf61,1,1,True,True,0.9990184307098389
vit_b_16_linear_head,2690,1,bird,16,down,5a54e81d8a2c6844866c08bec2659db1a9c4e846a15584bbf50336c748b17e66,1,1,True,True,0.9960667490959167
vit_b_16_linear_head,2704,4,deer,16,down,b0e7adb2257ad70981c2a759c89b30d24b97e9e1f87d2ee6ca377750e30036e3,4,4,True,True,0.9903500080108643
vit_b_16_linear_head,2745,8,ship,16,down,fdba755cf5146a297a44b25c111f08d132ec50b1edd4a87b86153cf71b86bb75,8,8,True,True,0.9924948215484619
vit_b_16_linear_head,2746,7,monkey,16,down,be9b78e71e928172da1ff735ceb531d547bef0b3a06ee18bfb68543f2961822d,7,7,True,True,0.9842327833175659
vit_b_16_linear_head,2750,0,airplane,16,down,9f85757494081e76fd233959eca757d7d2149d176854c3c795170a2fcda9894a,0,0,True,True,0.9111050367355347
vit_b_16_linear_head,2754,3,cat,16,down,9d614313902004ed887fcd9cb70680b121d4df0f9b26163a8c70a809d8761ae5,3,3,True,True,0.9926101565361023
vit_b_16_linear_head,2757,4,deer,16,down,1895a2487d806f47e439688d7af142be9c871d62439dc642446a437cce93c6c4,4,4,True,True,0.9823305606842041
vit_b_16_linear_head,2766,5,dog,16,down,74b082dde428c3978609ed0e7efc83fc8f4367e49a5fd1c076dfdff1138808df,5,5,True,True,0.8887053728103638
vit_b_16_linear_head,2807,5,dog,16,down,cc49f99221f4863fa09bf787c5f573d481b0270eec0d6b50883214c0b16f1475,5,5,True,True,0.5130887627601624
vit_b_16_linear_head,2844,8,ship,16,down,310355735dae77936ea0c0898a909c1fa61125cd4d421fa908c0035a193ed852,8,8,True,True,0.9879195690155029
vit_b_16_linear_head,2854,7,monkey,16,down,0fac5955fd40be771f0b5bec61361c0b6b37cdc04e5189e1174b21e55a476d4c,7,7,True,True,0.9746390581130981
vit_b_16_linear_head,2861,3,cat,16,down,f65480c37537ab929cf4dde95cd5d2e93b5a3f422b3034aad348178ab84cf0c2,3,3,True,True,0.9824748635292053
vit_b_16_linear_head,2888,0,airplane,16,down,c1da394e197748c476cef3574a03f808f5b4cfc04051e30c16df92129c51e50f,0,0,True,True,0.978646457195282
vit_b_16_linear_head,2898,4,deer,16,down,07d674be0762d11a5775752cbf470caeb7b406dfe13c1ae3459f4368bc1762ba,4,4,True,True,0.984731912612915
vit_b_16_linear_head,2950,5,dog,16,down,8a2a57e79209d79984a6cf290743016e8226fbaa860f4f2e48edfd4b0ddf3e22,5,5,True,True,0.9616841077804565
vit_b_16_linear_head,2958,6,horse,16,down,fa586e23800ab166aec9be1c370e26945afeb06311613c60516a8d02b51423b1,6,6,True,True,0.9743212461471558
vit_b_16_linear_head,3015,8,ship,16,down,a94fd0127bafbb82b20b02998bf9a87da4b0ac5603b5436390e79bd263e928a8,8,8,True,True,0.9956794381141663
vit_b_16_linear_head,3024,2,car,16,down,69e78bf7532c629a6255910fb1d3df441dc213353deeeacd436a0ca8cded3e66,2,2,True,True,0.9908322691917419
vit_b_16_linear_head,3025,0,airplane,16,down,36c4de74c2f8fbac24280acd12d2187102ca0b4713b29e767373ff1fa3729cde,0,0,True,True,0.994419515132904
vit_b_16_linear_head,3034,4,deer,16,down,1f5b0748d1c2c885a4a1e9fc72ee19560f1a04f85cd4f27435cfbc8a86f6e591,4,4,True,True,0.9882110357284546
vit_b_16_linear_head,3067,2,car,16,down,e1b7eee65812f323eafb2db3d8caafd76f1e0788869a61bc65d23a269e9687bd,2,2,True,True,0.9954869151115417
vit_b_16_linear_head,3078,4,deer,16,down,04594849fa7d88baec6dba9ec4a06964a248e9b217d0a68bebceb3852fd726be,4,4,True,True,0.9804062843322754
vit_b_16_linear_head,3079,1,bird,16,down,484a3468fb4f76659c74158c64d100362a9696935ed2e2a163846a0f749d9ea9,1,1,True,True,0.9644665718078613
vit_b_16_linear_head,3083,0,airplane,16,down,066c4288c557b568ae6100265de8c8f632a6057c11782ce15fcb7d86a787a472,0,0,True,True,0.9518306255340576
vit_b_16_linear_head,3122,4,deer,16,down,9cf913d555b92051706177d8bf323206959909e7cee60bb0f184958e6070c50d,4,4,True,True,0.9904154539108276
vit_b_16_linear_head,3153,7,monkey,16,down,d135d8cd0c4518eb30d836a056c3136628aa1e8584763e2c8fb7147be58f34fa,7,7,True,True,0.9640974402427673
vit_b_16_linear_head,3157,8,ship,16,down,2b1dfa765ff760c2a1bb47aa90eda8f7eec5b73d7985ce1a8129ee420c41580a,8,8,True,True,0.9928015470504761
vit_b_16_linear_head,3163,2,car,16,down,8275724088e3b571af505c1f63f56c7221d43192766bebf2de0a2af2780938db,2,2,True,True,0.99620121717453
vit_b_16_linear_head,3179,4,deer,16,down,0db63947368274b2e8172e7d863704d4361c41e43d1bd28599169cbf932f3390,4,4,True,True,0.9817191958427429
vit_b_16_linear_head,3191,6,horse,16,down,2d3ad14dbb9f0acd4ae1b759a88ec4002948b6589f9c1fe5ea72a8189aa0e969,6,6,True,True,0.9545490741729736
vit_b_16_linear_head,3276,3,cat,16,down,5c2b5a2988abbca8286f4d78a9a3290ec50506624c3d542d08891b06f33f5f81,3,3,True,True,0.8612314462661743
vit_b_16_linear_head,3287,4,deer,16,down,caa6240d3b85247dfe16cfcf821de8fd128d2bf4126598e4763cf06dd468a321,4,4,True,True,0.9867268800735474
vit_b_16_linear_head,3288,7,monkey,16,down,236a9d152aa9166ba8debcc6d7b3e8ba29ec2feef73a755385cf1a7dffc7be26,7,7,True,True,0.9732305407524109
vit_b_16_linear_head,3292,6,horse,16,down,dd06b7999895451ce443405f9d7d6713b6fad8577a2da422c9ea4914f51c3503,6,6,True,True,0.758753776550293
vit_b_16_linear_head,3318,9,truck,16,down,8589e46d1c725f6daa13582ede7462134ba7cfc8c71b5a69ffe8afea3caf1440,9,9,True,True,0.963489830493927
vit_b_16_linear_head,3347,0,airplane,16,down,a8eb399f72a276114423f093d1a7823f95714c4029e605216ed2d18ca56e8835,0,0,True,True,0.9980059266090393
vit_b_16_linear_head,3353,5,dog,16,down,682fb0bb528382c5835921754766cd8b28857252ceccd787454a615797e9b5ad,5,5,True,True,0.7444131374359131
vit_b_16_linear_head,3362,2,car,16,down,f7412112011f52b3a36ac478a92ed810dc3839c5992362901ed5030f0ee178dc,2,2,True,True,0.9954385161399841
vit_b_16_linear_head,3365,4,deer,16,down,a1d06b4d59c00a099b8e3d6e530efdc3abce076391f1606be05c550ac75c1c88,4,4,True,True,0.9629807472229004
vit_b_16_linear_head,3375,3,cat,16,down,79538a5970b0caca151847dd6ac40664d2f9d511f8edf97790441b936cd35848,3,3,True,True,0.8740535974502563
vit_b_16_linear_head,3383,3,cat,16,down,05980639ec568e4e00b46dff46d819dadf800d4ced6de921c93ef0e4a0be048e,3,3,True,True,0.9821184873580933
vit_b_16_linear_head,3404,7,monkey,16,down,81a7673a54780250f525c8041c61f2258282787352179ba68a6eb57b40f809ff,7,7,True,True,0.9523735642433167
vit_b_16_linear_head,3412,8,ship,16,down,efcaa1806560ccb2e543211b272a5826f5e87802c170da50527af7c49f1b1cb7,8,8,True,True,0.9907873272895813
vit_b_16_linear_head,3413,1,bird,16,down,1b42958fa3683b7ec2df8d8362887226f86973c1c9bed76b1da526a7816450ec,1,1,True,True,0.9992595314979553
vit_b_16_linear_head,3418,6,horse,16,down,a03f9d99999861a8ed5c78e39bb6dea507578d99f331264b3a5a46a07ca33b23,6,6,True,True,0.977859616279602
vit_b_16_linear_head,3437,0,airplane,16,down,0401be38583602412883dbe084c30f8bf2dd80ed8907feb738fd7ec50b73fc1e,0,0,True,True,0.8562689423561096
vit_b_16_linear_head,3446,7,monkey,16,down,8e927f33a0544ebd4e847d3f05480f3cbc43003ec2f7803703601258751be489,7,7,True,True,0.9852981567382812
vit_b_16_linear_head,3454,2,car,16,down,5fec45ec977108eac77e65807720e2e8e0c0e75464a692c5528be921bdabd7c0,2,2,True,True,0.9954164028167725
vit_b_16_linear_head,3455,0,airplane,16,down,db98879fd00f46587c7944d63bebc50265f171c569aed3315c17415ee95a3b4f,0,0,True,True,0.9682253003120422
vit_b_16_linear_head,3458,4,deer,16,down,4a7fe5340731bfd878fe4414c4519d981f7e29c31ef2bb5941678adedd39cf0a,4,4,True,True,0.9848472476005554
vit_b_16_linear_head,3467,7,monkey,16,down,8a40b8e5a2d3755e6a847624bcca6b9599b275f06ee7e7cec3e785204615ef78,7,7,True,True,0.9471697807312012
vit_b_16_linear_head,3491,1,bird,16,down,af27f664bd33f2806528d7ed3f7e43673854f005c652eca471e92caf2cf2cb1f,1,1,True,True,0.9971916079521179
vit_b_16_linear_head,3494,6,horse,16,down,157adfdc1c4a2fb1767fb85257531d131e08ace089620e33a3212fa7b7b85e43,6,6,True,True,0.9989042282104492
vit_b_16_linear_head,3512,4,deer,16,down,bbb0d22dbdabc158b36d9633048ec42c778e34ccfcd70bfaf4ca14d77eaaf2fc,4,4,True,True,0.9883019328117371
vit_b_16_linear_head,3515,6,horse,16,down,1de4ccc391b3513d1bca35e7d935616608c2d8af7468d0397e5e5a25da12c9e4,4,4,False,True,0.9332000613212585
vit_b_16_linear_head,3542,7,monkey,16,down,dd317a0c864a1924800745765a60207cacb7d061733c22265249c9a0958b78df,7,7,True,True,0.9750986695289612
vit_b_16_linear_head,3550,1,bird,16,down,9ff493561b3b7c5ccbe70530170047a06891b5ef47a69b8685f856111a718829,1,1,True,True,0.8211135268211365
vit_b_16_linear_head,3562,3,cat,16,down,0b3cc86138d33bf3b18761b222f476f1a19b19b220d90882315da7bfa79adace,3,3,True,True,0.9316322803497314
vit_b_16_linear_head,3755,2,car,16,down,e2d077a8b1bcf0124fc722ef00996688c9eb526fb0f282a3690963a3eec6a47d,2,2,True,True,0.9924949407577515
vit_b_16_linear_head,3763,4,deer,16,down,3c618ff79036edeab7ad9a4957af7fd05037618c5f2f81092a598d631e4c8bda,4,4,True,True,0.9767444729804993
vit_b_16_linear_head,3777,6,horse,16,down,71570e7a48b1bb31c49c3da912c205314c20f44a912de463fbcc23ae799b4b81,6,6,True,True,0.9898320436477661
vit_b_16_linear_head,3778,3,cat,16,down,5be31cb909f9c753214162df023abba0179ff331a8e06849cea440eb4ee79c93,3,3,True,True,0.7225537300109863
vit_b_16_linear_head,3779,6,horse,16,down,5d8acf1986472102d62fecd709e22dd402d55c9820c2257bb19b1e03ee4b00f6,6,6,True,True,0.9487155079841614
vit_b_16_linear_head,3844,6,horse,16,down,7713035179c39552658efcb33ffd4ba4b04f3f8d92c278e059119e586624d8ca,6,6,True,True,0.997251570224762
vit_b_16_linear_head,3851,3,cat,16,down,5311422b332867e3cd6daee26db114a6ffe74e9dc6151dee6b2057b7c1d417bf,3,3,True,True,0.8694000244140625
vit_b_16_linear_head,3852,5,dog,16,down,f28cd81fd605460b2f182e6d29e27d465888614d826dec31cf20fda6baebb26e,5,5,True,True,0.5847782492637634
vit_b_16_linear_head,3863,5,dog,16,down,a347868985e4b050b7240d29e8ba2785913ee778c45cdda491a59ddaca040f5c,5,5,True,True,0.9140059947967529
vit_b_16_linear_head,3867,7,monkey,16,down,5d9982130f35d0d3e377e19c7a8320735a4262b2f023523f4f7301f4dae67807,7,7,True,True,0.734530508518219
vit_b_16_linear_head,3876,0,airplane,16,down,d6795e7eeb931b75e378f1b322898d7ee086f87e5f4c8597ffc283b412aecc4f,0,0,True,True,0.9927963614463806
vit_b_16_linear_head,3889,5,dog,16,down,5c0cf4aa17424530f453722f4f2165f3d90274ce9c3539fbed2b3d72c347d530,5,5,True,True,0.5141408443450928
vit_b_16_linear_head,3891,4,deer,16,down,677a1391e79ee331c22defd7a997acc2d2db7eda750e5440639e4f2fec268c2a,4,4,True,True,0.9808351993560791
vit_b_16_linear_head,3893,9,truck,16,down,52c909b2094d22875da000cb631070702135ebe9810eb2e92ce0f2f80850e17a,9,9,True,True,0.937189519405365
vit_b_16_linear_head,3905,8,ship,16,down,6a9a4f862953d6144115707bde9c06b6ad5ab8e467c3a7e9ff5dc583dcd1c754,8,8,True,True,0.9823654294013977
vit_b_16_linear_head,3914,3,cat,16,down,e89b13dca7ef248ac330490f54b8b7e38cb4ae3726cefab1598d3d5ca8d468cd,3,3,True,True,0.998742401599884
vit_b_16_linear_head,3937,1,bird,16,down,e9a0cd9823d08057334e76c7fc213d82f1c730c4b92df3a387dda626316043f2,1,1,True,True,0.9463239312171936
vit_b_16_linear_head,3942,9,truck,16,down,708f23e6fe611fb95e33ca09841abc6474a28c2b7b4655b8c7fa9c09cecbe49b,9,9,True,True,0.9444323778152466
vit_b_16_linear_head,3948,8,ship,16,down,6db9484bd1453e9b440552bbdcbac4c6695a549f9d747d6d3c65e30fe470b6c2,8,8,True,True,0.9589093327522278
vit_b_16_linear_head,3962,6,horse,16,down,de3c6a93e6ecbf0f3268e97824c3d775f3cd0a123350adca7e390fba413f32f8,6,6,True,True,0.9923158884048462
vit_b_16_linear_head,3965,0,airplane,16,down,b88d80931f35b864493e51ff00359ffd6cc8ac6d4a925c31345f1749981bbaf5,0,0,True,True,0.9853898286819458
vit_b_16_linear_head,3994,4,deer,16,down,98f3f6e30fc3666fd6a0d0f1a26a8e1f1df2ad79e5eb2db13cf6e8e1ed84eb5d,4,4,True,True,0.9907417297363281
vit_b_16_linear_head,3996,9,truck,16,down,f8b59bc21bbb78b766b6da3e084f0c84411387fa7961f108089f64c1cb1901e3,9,9,True,True,0.9739555716514587
vit_b_16_linear_head,4011,6,horse,16,down,7c5b7b8ff0faf8b338be12e6436595582355d3bf385f512852c4772fff05b331,6,6,True,True,0.9869349002838135
vit_b_16_linear_head,4023,3,cat,16,down,9834ffed05a44b97c289ef83b4c0c8d0236ba4f824bfa5c04846e7c4871e021c,3,3,True,True,0.8023827075958252
vit_b_16_linear_head,4054,4,deer,16,down,9370471e1f53f9736bf6740d4dba280495c8f9303a0255de971d02cb3bcbda08,4,4,True,True,0.9046374559402466
vit_b_16_linear_head,4065,2,car,16,down,2740e192cfca8f349ad7e2f5106628d8b64095787974ac03872c9bc574b77785,2,2,True,True,0.9879403114318848
vit_b_16_linear_head,4069,8,ship,16,down,26b000a24e2325d3aebadb37618abe89601b59c0b0aa9c5eb17d4ca6a751b656,8,6,False,False,0.2628763020038605
vit_b_16_linear_head,4093,6,horse,16,down,9a9a2159a8c425b5c7fc16088b4e14fc157d4a5bcafdb06843259cfd605c630a,6,6,True,True,0.9561285376548767
vit_b_16_linear_head,4094,9,truck,16,down,3ec3020c1b37de7f70aef1890a58c2259985d1b8abcaaacd327d4b859374120c,9,9,True,True,0.9874498844146729
vit_b_16_linear_head,4106,5,dog,16,down,bdc011de74305a8039e8289e5ebd6f2bb8028d5d8dc128bc6e489e5402f54962,5,5,True,True,0.7591021060943604
vit_b_16_linear_head,4130,0,airplane,16,down,92533678d6f67935ecff1432736bb3f16181dc49d0f50f1ec69406e33587ba02,0,0,True,True,0.9969213008880615
vit_b_16_linear_head,4168,3,cat,16,down,702f39e30490e58390cdf15159d998764c828787163b73329255794934a71557,3,3,True,True,0.9639447927474976
vit_b_16_linear_head,4170,8,ship,16,down,93cd876908c3829e2108e09539788a2320fba79505461595196f207082fe78a6,8,8,True,True,0.9919844269752502
vit_b_16_linear_head,4172,7,monkey,16,down,c3bb929904c9f46bd8d847c694f0650696fb683be7855822da6c0483d092e786,7,7,True,True,0.9869842529296875
vit_b_16_linear_head,4177,8,ship,16,down,06ef7ef5d54b9e4439469b12081aef5210cd26b1d507830e92c5d5d8f7b08385,8,8,True,True,0.9949228167533875
vit_b_16_linear_head,4215,3,cat,16,down,f4c62877d5d41535f2bbff96da7e86a652e951a6e5545aa795a412a27bf610d6,3,3,True,True,0.915337324142456
vit_b_16_linear_head,4229,3,cat,16,down,24fb5d8df724d048686eb80f9e384baa41809d25e6fe8dd734afd0ca031c92e3,3,3,True,True,0.9981291890144348
vit_b_16_linear_head,4236,7,monkey,16,down,d32757d112c127ba6fe5fd2386de6e50bb300c1a8ccd2252adc19031a400a878,7,7,True,True,0.9830533862113953
vit_b_16_linear_head,4242,8,ship,16,down,2b7f98161e8a1c380db0a2be8c3b98511ca2925ff8e59121a89928516ee177b9,8,8,True,True,0.965461790561676
vit_b_16_linear_head,4254,6,horse,16,down,cf68abfea8612e1d1d358ad96f08b977d2fa9d4d2f6a0039dbc3d629c11d4092,6,6,True,True,0.612270712852478
vit_b_16_linear_head,4290,5,dog,16,down,b9c8d3caec58b1f4f3783b6a6ac7e4712ede39e55efcfba0da93ec21ff4be41e,1,1,False,True,0.4550084173679352
vit_b_16_linear_head,4298,1,bird,16,down,60d70b1fcffda000e081f2102b49549630495589e8d6bacee3a277b63808bb8a,1,1,True,True,0.9993879795074463
vit_b_16_linear_head,4308,7,monkey,16,down,5de5a2e7bc69b2d16fb1dd0642b79b44d705cf2b36f41de35317761a5d535d73,7,7,True,True,0.9978235960006714
vit_b_16_linear_head,4311,8,ship,16,down,9d1458e8be25d7ba1e62f90ef3c193255a8012f80f88a3ebc37a1e4e49f9efbb,8,8,True,True,0.9880771636962891
vit_b_16_linear_head,4323,3,cat,16,down,59b7f5dff742bb9a4d7f4d348775b1cc08672db42f0373b6ffbe29769cdbae9d,3,3,True,True,0.9014697670936584
vit_b_16_linear_head,4330,3,cat,16,down,2fb07d0aacb889b9745a311823458d045f476f1efafc37a275856eb2c0b7972b,3,3,True,True,0.9632711410522461
vit_b_16_linear_head,4341,6,horse,16,down,255282eb5a8829a4073ff6e4455961ab6422ed33d445ba0b21572a1d27e34d87,6,6,True,True,0.9941547513008118
vit_b_16_linear_head,4355,8,ship,16,down,ef8f5175c4c6c67610cd1c0294a2e0a28a38c3f714deaf80b546d0b41c1f636c,0,0,False,True,0.5387608408927917
vit_b_16_linear_head,4399,0,airplane,16,down,d8da0dfc35cbd7b74ff4abd13892aad83320ee745e5a7264b91cbc360d2e875d,0,0,True,True,0.9225823879241943
vit_b_16_linear_head,4403,7,monkey,16,down,4bf7172859f4160c6d1dc1937936a378816947a58cfa3b98b80ebcd6ad6af596,7,7,True,True,0.9931983351707458
vit_b_16_linear_head,4411,6,horse,16,down,501bc41f37b0398bfaf82ad7e24a9fcad392660e102823b4d824cbbda2f388c7,6,6,True,True,0.9243640303611755
vit_b_16_linear_head,4449,9,truck,16,down,266d1139d972f2eb43832eb1d889a5d5d114d0eb555ffd7247c8a246e9c4e23b,9,9,True,True,0.9478769898414612
vit_b_16_linear_head,4463,3,cat,16,down,901c96ddf62da83c331ad4e35c799da4d034af598da4b33e84f2e60aaf300535,3,3,True,True,0.9957311749458313
vit_b_16_linear_head,4531,3,cat,16,down,21499ebde3b1301eb9edc9d6e203517173850fa1d23ef4744f9c146e377e72ea,3,3,True,True,0.9822263717651367
vit_b_16_linear_head,4539,0,airplane,16,down,aebca3c4913541b16c029a352a75184776498e0e60c9d2db9546a9eb10318396,0,0,True,True,0.9964901804924011
vit_b_16_linear_head,4547,5,dog,16,down,f125ac7a251be9a9616f0d1d19de63fbf80b8b0fec718a8e66cad9f6b8814b39,5,5,True,True,0.5881215929985046
vit_b_16_linear_head,4552,8,ship,16,down,f112bd344c3c4bb71cb8be4f2859392b2fcb071eb645a09de9dd09e3971f6969,8,8,True,True,0.9881822466850281
vit_b_16_linear_head,4570,5,dog,16,down,f7ca5f34ac34538bbb577adbc63c651b4655ab566520da5805a39fd7e38299f4,5,5,True,True,0.8843463659286499
vit_b_16_linear_head,4590,3,cat,16,down,b94425e2a0bbdf668098200477680a700e4ec3919834fb532a72b0ec25e31138,3,3,True,True,0.9779651165008545
vit_b_16_linear_head,4609,3,cat,16,down,8402eb8ab4ee1f705d35747072bf9809afe2c2afa98f854cc3b378697bde740d,3,3,True,True,0.988653838634491
vit_b_16_linear_head,4615,0,airplane,16,down,d3d119888b410123fd519544213d5831c8e6308f46fdc27748dac71c460f4463,0,0,True,True,0.9963902831077576
vit_b_16_linear_head,4617,0,airplane,16,down,1f465f8ff0e561a493f17d9130417bcde680c1b0eccdaedbec3396f4a5960e42,0,0,True,True,0.9968301653862
vit_b_16_linear_head,4620,6,horse,16,down,9f22b53fd858a5233995b104b1c1a698eb2919d5de7de6ee72d6bd99e81916fa,6,6,True,True,0.9967515468597412
vit_b_16_linear_head,4629,4,deer,16,down,88f33ed4e884599e649cd9799767ae021004ba9f26da9eb994d57d502537c57d,4,4,True,True,0.9971103072166443
vit_b_16_linear_head,4640,1,bird,16,down,2937bf726fcc9d77f3f077d8b53200f6bc18763b388f8f9a7ebd956f6264ae8f,1,1,True,True,0.9872166514396667
vit_b_16_linear_head,4642,4,deer,16,down,a27c72257ddffa16c18ea62a629352115e05053ab7c4ca1319f2c9a9a90ceada,4,4,True,True,0.988153874874115
vit_b_16_linear_head,4661,7,monkey,16,down,0a29ee0e0ed528a20b654d44642890399cfde8dc411e0b7fb3520d50cb12120b,7,7,True,True,0.9078047871589661
vit_b_16_linear_head,4662,8,ship,16,down,c97e57a247140f3523d7c391b1157b5bc84349602ea8a5b8c2ee2302059e690f,8,8,True,True,0.994205892086029
vit_b_16_linear_head,4675,0,airplane,16,down,8609b5c0a71740bbe25790d0e2cd8cd8ac7e2b925dd866aa1dfdbd210a9c6296,0,0,True,True,0.9742214679718018
vit_b_16_linear_head,4676,8,ship,16,down,277752c33261355d03ce763c15b9545e88d774869d3b3d36dcfa941fd8bc30a7,8,8,True,True,0.9964709281921387
vit_b_16_linear_head,4704,7,monkey,16,down,459717b9105c2693e4d8edb9a73f5f92a66e173b53fa07f9e2212206120cde38,7,7,True,True,0.9919589757919312
vit_b_16_linear_head,4723,9,truck,16,down,b4aca2c35e21880689fefb1c08a13cb4343da735a9f8891aa5d8764c9a32c375,9,9,True,True,0.9568178653717041
vit_b_16_linear_head,4731,6,horse,16,down,6f01051d91590fb2db5ec05aace183e90ff6e14c17021d73d3f3f6ae4f9e09ad,6,6,True,True,0.9716524481773376
vit_b_16_linear_head,4735,2,car,16,down,77036f6c2ce4a200179dc41a3232e4045072144a8436537efd92000a014d551a,2,2,True,True,0.9869740009307861
vit_b_16_linear_head,4740,4,deer,16,down,1a7f19f2bdca5b1f83421ac155a0ef742d883583d88bf8df285653d2a3040268,4,4,True,True,0.7155943512916565
vit_b_16_linear_head,4746,6,horse,16,down,5fb6082e60b3258d3bff154a2fbe894edb119fb27624508d8359f03767de4d14,6,6,True,True,0.9593672156333923
vit_b_16_linear_head,4748,7,monkey,16,down,002de12b6bd509aa8496121b480caf870c268ec6902305c84089213264cbb00f,7,7,True,True,0.9687255024909973
vit_b_16_linear_head,4754,6,horse,16,down,3b5449ce3c1ab4d1a5c997c2d9128bc76cbffa5c996c43db9b7f253d9aa73997,6,6,True,True,0.9964053630828857
vit_b_16_linear_head,4785,0,airplane,16,down,103e11733ef105a8935956711112ba384de9cf62640c229ea48afbc3bc43cb6d,0,0,True,True,0.9427754878997803
vit_b_16_linear_head,4791,7,monkey,16,down,fc5ea2024999c3d6cfa656c6e9640b02bfc646c3250b97970843d2ff8bbde39e,7,7,True,True,0.9773666262626648
vit_b_16_linear_head,4819,0,airplane,16,down,c4dee7c3460c98369dacab49baa0e17569dcec79d47b2c862be48cdeb7c71788,0,0,True,True,0.9955658316612244
vit_b_16_linear_head,4821,3,cat,16,down,ec34fee3982e3ce3aa67c24936dccbbdfab1518991381214dd51316f0f8269ba,3,3,True,True,0.9805417060852051
vit_b_16_linear_head,4827,6,horse,16,down,98147f5b1b93d526f837687e31e37e1d7b96fe2eccb4e6c394b941f3558fac1a,6,6,True,True,0.9928721785545349
vit_b_16_linear_head,4850,5,dog,16,down,ed0a0369b8f7f6213f49e62ec16fa71f8caa765991b9a24f92305cbcc1f7592b,5,5,True,True,0.9904699325561523
vit_b_16_linear_head,4881,3,cat,16,down,9b346386265b8b7e7a6ce7af3940155db99198d4fcf994368f00420b729b4084,3,3,True,True,0.9768016934394836
vit_b_16_linear_head,4893,0,airplane,16,down,0b6b0eb405498a30ad12964551a8af2a9249b84787ce994605e8801ab71c2cd0,0,0,True,True,0.9866698384284973
vit_b_16_linear_head,4908,3,cat,16,down,dbe826393edb59e865fce099bd18ef1d8bff38dceaabcd79bc6fcd4625d8df69,3,3,True,True,0.9946921467781067
vit_b_16_linear_head,4913,2,car,16,down,3529f99f451380cb88ac1bf8c0cae3b73fb35f0f99d650c0c860df2ca5430a81,2,2,True,True,0.993909478187561
vit_b_16_linear_head,4921,2,car,16,down,7fadb8168e0ec8119ef72baf848819c25656f217bbac81b277a2b2a6b7384b07,2,2,True,True,0.994608998298645
vit_b_16_linear_head,4953,5,dog,16,down,a8cd543a6677b01e556fc512cf1252d39e3286d3c5036cce4b8b39a0bec28422,5,5,True,True,0.5704116225242615
vit_b_16_linear_head,4966,5,dog,16,down,543018e9215de169210dee8d3e0a1438a67cd8824527a381b2242fed9da28b4c,5,5,True,True,0.5970242619514465
vit_b_16_linear_head,4990,8,ship,16,down,f76f2108a771380abf6553d8e249ae90502d5ae6d0c96925a1ad8823280b3586,8,8,True,True,0.9209773540496826
vit_b_16_linear_head,5000,8,ship,16,down,84eb6ab152bb22bd84c998702aff8f481521cb50813bb79619324207a778787c,8,8,True,True,0.9867996573448181
vit_b_16_linear_head,5030,2,car,16,down,b8dbee1a1ea51fa7908a90487da3b606879bb05ac2d709e923ca374dd9b32192,2,2,True,True,0.9927120208740234
vit_b_16_linear_head,5062,4,deer,16,down,00edfd69815cf6c77e4511e29e54bb7f2cb142e50e5ea7c836206213acc67bbf,4,4,True,True,0.9985951781272888
vit_b_16_linear_head,5077,4,deer,16,down,e37b328cafdff37a258de1369f0b03182804d9fd5f1329467b81f873f13b70d3,4,4,True,True,0.9396809339523315
vit_b_16_linear_head,5082,6,horse,16,down,1cbb0832e11eb63917ca74cdc872139fe8b11fcbb1a9165461d38479845ac9dd,6,6,True,True,0.9405896067619324
vit_b_16_linear_head,5092,1,bird,16,down,fcf164d8666f7078b6b339983df70274479a71c6a09124e4d98e6471d758fb5d,1,1,True,True,0.9951158761978149
vit_b_16_linear_head,5101,5,dog,16,down,420f86cdf8392855383276f56b094486b1687445454e28c6967a797c8c676f8f,2,5,True,False,0.4149533808231354
vit_b_16_linear_head,5117,0,airplane,16,down,73a2c4cb9625e01d2a4b6117b4fcd6ec290bce9e1794ad1923e64223aa1cb5ae,0,0,True,True,0.9932044744491577
vit_b_16_linear_head,5123,1,bird,16,down,d0c2f32cb6a54b5598bb1700aa7305415b394da04f7966df9334c0bce54cede4,1,1,True,True,0.9392250776290894
vit_b_16_linear_head,5135,4,deer,16,down,f4656061d4416358ced2ee355b4e82f6be2c7086890d1c04187033053779bbee,4,4,True,True,0.6114597916603088
vit_b_16_linear_head,5183,2,car,16,down,349aa0b835ac2bc2632e8afc4dd8dc61795f2af79c1e59e6ba368bb460de2493,2,2,True,True,0.980107843875885
vit_b_16_linear_head,5213,4,deer,16,down,aec84e7d8f83ce195cb242ee215180de4dfea1be7434e65c3fc16dae390399ea,4,4,True,True,0.9892697930335999
vit_b_16_linear_head,5218,2,car,16,down,e1281262885b44f6e44ed4731d4cb7bd780afffb36aea4a1b3140d6e135180f6,2,2,True,True,0.9892913699150085
vit_b_16_linear_head,5220,1,bird,16,down,2ae99e6d31f6b7aae8d2d8574d3c4ab242eb97d04907f5ab21ca13a77d3e7b35,1,1,True,True,0.4158957302570343
vit_b_16_linear_head,5237,2,car,16,down,4b58b4c924504f6bc7e84c284b1a18907d455d1e82d88fb4085711ef5d60ee20,2,2,True,True,0.7004733085632324
vit_b_16_linear_head,5256,1,bird,16,down,3db25d6c87f38022da544820fbe1fb694d683dfd8c0c030ac4991674fe79a57e,1,1,True,True,0.987206220626831
vit_b_16_linear_head,5284,9,truck,16,down,c6789b69dae3b4af2648503c2965fedeae248c28a83a827fdce1c9337ed7bf2a,9,9,True,True,0.973292887210846
vit_b_16_linear_head,5301,9,truck,16,down,7ca1bf4736de143f01ff9910a9e8bd9d5fd4c2925130a3c861ca27463eb1e443,9,9,True,True,0.8209134340286255
vit_b_16_linear_head,5318,2,car,16,down,7913e48399c867fda2214eec38ae4337f9eeacef2831b857d7164f5c8c9e9bc2,2,2,True,True,0.9288499355316162
vit_b_16_linear_head,5332,5,dog,16,down,c278c07894de75d03f6c4deb044e18fb9f88a773dc8a5e9ddb93220149a19028,5,5,True,True,0.42981037497520447
vit_b_16_linear_head,5333,2,car,16,down,58d2b3e506fbc067d0b4f2ff08540ffb14907b1728cb1679a7a44d3ac3fb6d19,2,2,True,True,0.9738599061965942
vit_b_16_linear_head,5360,9,truck,16,down,2ddd17e42d7e55b43fb5a115ff8e4d369faaabc6a908118d66a8c32a2695bf7f,9,9,True,True,0.9691546559333801
vit_b_16_linear_head,5381,5,dog,16,down,1d46aece0de82b47a5e0c741cc8a2f91a5703708d014a8e86c9071b1d038d12c,5,5,True,True,0.9287702441215515
vit_b_16_linear_head,5382,6,horse,16,down,6a008ff2d7c61d656a4582e82c379f766eb22c9c960cf7fd664b5c24edc81222,6,6,True,True,0.9669200778007507
vit_b_16_linear_head,5395,2,car,16,down,0feb72b116a57f944a28c0870966a5492a30f5bb84eac53e110c9ed84433cff3,2,2,True,True,0.9979004859924316
vit_b_16_linear_head,5402,4,deer,16,down,619c6128003c7ce30ea96e7daf30a32aecc39f119b0e587631ba1e67532da9c8,4,4,True,True,0.9932067394256592
vit_b_16_linear_head,5408,6,horse,16,down,a59bb37f1fa6a43a3d7f7505f72cb98a1c038979de075f2597b59e584d4e0fd1,6,6,True,True,0.8213562369346619
vit_b_16_linear_head,5436,7,monkey,16,down,89ae3a7f85b70a885da8edd089068c7389c162c269e7deaf72180c3497b76643,7,7,True,True,0.9735881686210632
vit_b_16_linear_head,5447,9,truck,16,down,727fee4ff3ab7dd344ea8a86f3684df656d632c45726c6e122e7cc8c44ba9fca,9,9,True,True,0.9970324039459229
vit_b_16_linear_head,5450,7,monkey,16,down,1a641e927d79277b917ca21a103a3e91b70ae9d56abcc3d6e9bbf8cf3d099c8d,7,7,True,True,0.9860478639602661
vit_b_16_linear_head,5451,8,ship,16,down,a886d9f7a907ca0027d5245e82c08170beb8768b145be7d00e46f5f52b99ec66,8,8,True,True,0.9612423181533813
vit_b_16_linear_head,5452,9,truck,16,down,a1625aa8ad2b80e30c88d5f01c2f5ea634dc124d5c0f7c9725b94873fffbfc0d,9,9,True,True,0.9785805940628052
vit_b_16_linear_head,5467,4,deer,16,down,8de9b22c20295778711d2b2a4dfe30bcf828bb1abcf776315315d903c00afd5b,4,4,True,True,0.9502993822097778
vit_b_16_linear_head,5478,0,airplane,16,down,1606dc224fe7d70de3529379ca287273bad1fc64693dcd1c24807931e3f11f73,0,0,True,True,0.5743892192840576
vit_b_16_linear_head,5488,1,bird,16,down,526128f963e89233093dcd72ec65547dc1fd7a531ed0d3ab2c87ac25281272da,1,1,True,True,0.21553100645542145
vit_b_16_linear_head,5496,5,dog,16,down,3bdf7b64dec229c4a91e0fbc53e73613fb2547dba4cc8e4ff78287afc72a937f,5,5,True,True,0.9409686923027039
vit_b_16_linear_head,5508,9,truck,16,down,beede4ae7e266c0870c9324a30cd5201f90c159be71d2698cc80f9d707a5fddc,9,9,True,True,0.9845987558364868
vit_b_16_linear_head,5512,2,car,16,down,6a2d71089d939ea7da91cd761145d49b6c9be7f385b52a458093ae13e2e4030a,9,9,False,True,0.4181980490684509
vit_b_16_linear_head,5525,8,ship,16,down,4e2fdf15ee07cf710b8bfc39ba25d3bdf438ee591db513895847056461545c82,8,8,True,True,0.9690514206886292
vit_b_16_linear_head,5528,3,cat,16,down,5d7edf5eb69453bd8ec07f3c187b46056701476fbd03e22de9742d9dccba48b9,3,3,True,True,0.9666310548782349
vit_b_16_linear_head,5556,4,deer,16,down,3bc85402ad52e7518c574651ad33892e21d6c4c40fbd0637c291ddc3ce40b07c,4,4,True,True,0.8674215078353882
vit_b_16_linear_head,5560,1,bird,16,down,1bc2e9056b16e4cca6ebc6c69459869a094e7c16eff246092115a53983310954,1,1,True,True,0.37452587485313416
vit_b_16_linear_head,5572,9,truck,16,down,300790d0425c2047c7184d5afdecabea520d9493d8ba0418a379c7820124e721,9,9,True,True,0.7420890927314758
vit_b_16_linear_head,5580,6,horse,16,down,d6e86da082444e29c8cdf62370bc96f3adafbad8c80f7f2bc2dc2f6bba77d8fb,5,5,False,True,0.6300386786460876
vit_b_16_linear_head,5590,9,truck,16,down,da45bed356938da2ee192a2ce29c55947cc5a70bce622744e605345fbd63aa51,9,9,True,True,0.9509624242782593
vit_b_16_linear_head,5623,4,deer,16,down,f9444283b6bf358eaa406e10768db6dba9edd32996f894bbe6ba01ab357eea1e,4,4,True,True,0.9820775389671326
vit_b_16_linear_head,5677,2,car,16,down,e1fb82a2e66b6eccf65beef95c1e0155b2b1fc3b27e1435956a0b5a1ecd9b565,2,2,True,True,0.9731321334838867
vit_b_16_linear_head,5694,8,ship,16,down,a409deb8a5c2f22b942cd43ad5ed02058394cc87ec009a2bc3444af018e590b4,8,8,True,True,0.9451355338096619
vit_b_16_linear_head,5701,5,dog,16,down,b44a6f9b1dd84e1711e0609776bfb6bcff02b9d1352122a6bc0ee667a206199f,5,5,True,True,0.954124391078949
vit_b_16_linear_head,5705,8,ship,16,down,6ca1eb6efa7afc51b5dcec692fea33fafcf25577bcb70ed38d5d881db2987b1f,8,8,True,True,0.9832403063774109
vit_b_16_linear_head,5719,7,monkey,16,down,46c43cc804dbc447106ba3f2fcb2ee4592e725928f29be7b97df1e7aa55741bc,7,7,True,True,0.9663931727409363
vit_b_16_linear_head,5729,6,horse,16,down,7073671cc26fe3bf7e14b4064f4ee4bcc5ac83781293f53983b09d615a749262,6,6,True,True,0.9874675869941711
vit_b_16_linear_head,5756,2,car,16,down,7543675e59095f62ea9320f73f70bb60107bec244d47000fdf93b1c178770551,2,2,True,True,0.9974687099456787
vit_b_16_linear_head,5788,9,truck,16,down,90268cd57cb79632cf72ca03f34eee084a98a405afe89792b78b1a319764ae77,9,9,True,True,0.9989523887634277
vit_b_16_linear_head,5789,4,deer,16,down,cafd3980895968cfdf098bd94fdf288270aaff7840b982a2d7a50c0320de9c53,4,4,True,True,0.9776945114135742
vit_b_16_linear_head,5824,2,car,16,down,70bf40c63c97a12b3a7a567adae27ae4fccae9804dfebfb59653bf61b4c52349,2,2,True,True,0.9646013975143433
vit_b_16_linear_head,5848,7,monkey,16,down,f4b8d6fb8a9678467859aefd5dc0cf9a7851713b6bc838458ae4f0d9bcab74bc,7,7,True,True,0.9843441247940063
vit_b_16_linear_head,5851,9,truck,16,down,77280cec94e026903be9b217afeac5691e07c1dea35ba53c895ddc740bcdee19,9,9,True,True,0.981487512588501
vit_b_16_linear_head,5857,6,horse,16,down,2011c5ca8f9755b15780ea08ff1f7b34970e59395889c1a648db808cd11f139c,4,4,False,True,0.7117187976837158
vit_b_16_linear_head,5858,6,horse,16,down,3f0747dacd4e4f9d83f56d5db1eda2befcaf75325ee5cb699b46186611cbbf5d,6,6,True,True,0.9298130869865417
vit_b_16_linear_head,5912,0,airplane,16,down,dd8508f9756f392f971803c9061cf641bbeb995da39a671721f4cc503a1738ea,0,0,True,True,0.9809349179267883
vit_b_16_linear_head,5915,9,truck,16,down,97a6d1e01a23265e979208aa930470322ebc770913cdcae62264dffb8c9b5d37,9,9,True,True,0.7864100337028503
vit_b_16_linear_head,5918,0,airplane,16,down,46423f370a54b4fd3a769100c3ac5a20b79e25379161c35eaa465b265e1f320a,0,0,True,True,0.9976121187210083
vit_b_16_linear_head,5924,5,dog,16,down,0b4cc4893eff98605bb5df2fef3b96aab6dd766fe7a8b9f8791648f08e191106,5,5,True,True,0.9148327112197876
vit_b_16_linear_head,5977,7,monkey,16,down,277d4e51d7d9dd26cb946ff9eb5a3a682cdd71a27351984aab850689a4ddb848,7,7,True,True,0.9601667523384094
vit_b_16_linear_head,5981,9,truck,16,down,a80865e944a2ce87fecf479e2823239c80351638fd6fef47061304882e2cd4d0,9,9,True,True,0.9852586984634399
vit_b_16_linear_head,5999,0,airplane,16,down,8de5eac04c8717b3523dde1c2c1bb12760387f083d11225e546780f6f0eef9a7,0,0,True,True,0.9965296387672424
vit_b_16_linear_head,6028,2,car,16,down,ef1fbe70e1c2611396797dcfbe3144c44ae6ccd3cbcf09d6c4fedc7ca3586df0,2,2,True,True,0.9867267608642578
vit_b_16_linear_head,6033,4,deer,16,down,ce030ea31af37646ce906489a5557c57a7cc9bc90933bf4625cb6b369a8576bc,4,4,True,True,0.9984258413314819
vit_b_16_linear_head,6076,1,bird,16,down,937817861222fbb71fbaec8eff746943af1c27ef22e4850ac00eb6c96d138c17,1,1,True,True,0.9976692795753479
vit_b_16_linear_head,6084,7,monkey,16,down,28638484fdfb9adcf145ef51445c74d71585adb70c2ef490833f6ecc25ec9be1,7,7,True,True,0.9873698353767395
vit_b_16_linear_head,6097,4,deer,16,down,13702a8257116c626ecbdf5fa3b7c37912ab1a16bc542ca6b71a3892fa2d5326,4,4,True,True,0.9902965426445007
vit_b_16_linear_head,6169,1,bird,16,down,2d6c681b5177d4b1acfcce4887fd1348e37143fc267ae2e52314ead1d81bedc5,1,1,True,True,0.18980470299720764
vit_b_16_linear_head,6190,7,monkey,16,down,61c5aa6a7022800f8461b021a26737973b6eb74cb50c7d3075b7f3ae5fbc4338,7,7,True,True,0.9817085266113281
vit_b_16_linear_head,6224,5,dog,16,down,98a65496991b0a0235fe02438985636bc0808e000deab5691dc363dca9cfbced,5,5,True,True,0.6686145663261414
vit_b_16_linear_head,6244,2,car,16,down,2222357886d373e0dd2eeb6955aa6fc4a91f4d7546d5d9227a21e1fea78ec544,2,2,True,True,0.9944173097610474
vit_b_16_linear_head,6264,2,car,16,down,aa0dee7e5af93ea8c12d97a57b26a7fd45f7d0f5d57efad32870473272abf727,2,2,True,True,0.9991281628608704
vit_b_16_linear_head,6271,2,car,16,down,f4b59746f297605470557960fd6f9bc792357b8c8a91078d7439d70bedda91e1,2,2,True,True,0.9611329436302185
vit_b_16_linear_head,6288,4,deer,16,down,f8ac1000de43fff9c4d2f75e16a303fea9efda26e0afe6701a8e7d2453dd25d0,4,4,True,True,0.9955083131790161
vit_b_16_linear_head,6332,2,car,16,down,c25f0cd45f73e3e21dcd46d3242443cb2ddd3761dc0d78f8422a5c364cee692b,2,2,True,True,0.9770801067352295
vit_b_16_linear_head,6349,1,bird,16,down,e0b83e5cd62c3d1a11edd1b88372572d804b1fc257a646d8ad02ab918c3be920,1,1,True,True,0.9959332346916199
vit_b_16_linear_head,6354,2,car,16,down,91f822d1a17c458a75cbd9d2f5b5808bacb7859f6b6e289214b6f720b704c919,2,2,True,True,0.9353408217430115
vit_b_16_linear_head,6358,5,dog,16,down,035fa49d8d9ee31992d4da848fb861d99eb1aa0f748ba4c0d23b377654601c4c,5,5,True,True,0.8865123391151428
vit_b_16_linear_head,6381,6,horse,16,down,e823be31aac59e91cc15782dbe8e5097be16cccebad1fedaf262a34675829e83,6,6,True,True,0.9622551202774048
vit_b_16_linear_head,6414,5,dog,16,down,7e62c6943e818628e4c362fc27dd49f00f95bdfdccb99874c491a6110a13178e,5,5,True,True,0.5779579281806946
vit_b_16_linear_head,6426,2,car,16,down,d499b263bccf4778e22f707d3e1f89ae1c69706bb64f8cd019de098995c7c4e6,2,2,True,True,0.9972063899040222
vit_b_16_linear_head,6434,8,ship,16,down,2cd02e4faf1eb64db7a1ab072ac057504d8595864608ca1428166ae1037d63a6,8,8,True,True,0.9983432292938232
vit_b_16_linear_head,6437,0,airplane,16,down,093f62861af902c61ce8cedbec0509747acc532c95803d39880a129d9f582ab0,0,0,True,True,0.9730111956596375
vit_b_16_linear_head,6455,0,airplane,16,down,3862df9fee5d2fbed7d220d7beaa4afd7885736489a7b17a57bbe50a2385cb51,0,0,True,True,0.996260941028595
vit_b_16_linear_head,6490,3,cat,16,down,36e60566af1cf12a3ed84a87799a18aa7cb0423f6d0d9e3c11836f3cfb07b8b6,3,3,True,True,0.8683098554611206
vit_b_16_linear_head,6503,2,car,16,down,dcf85cf2a213f2ce92b8d27e2c07a15e60a9cadb1b55173fe0c7efb0c759944d,2,2,True,True,0.9561180472373962
vit_b_16_linear_head,6508,4,deer,16,down,ecf22dad10126eb710da440d00e08511b34b388ee5b9878c96bc5376a2dd2921,4,4,True,True,0.9903368949890137
vit_b_16_linear_head,6528,4,deer,16,down,3a3d5921da1288501240611149f46e25fd5f1aec88bf6a2377317d0a767e3e0a,4,4,True,True,0.9895628094673157
vit_b_16_linear_head,6594,1,bird,16,down,9e1882e8aa4babcb299b2216430527de7e3ca7ccd90ffb285a1eea0ceedaff23,1,1,True,True,0.622978150844574
vit_b_16_linear_head,6609,0,airplane,16,down,f5e4e9a48486ad26a8bdf3ec1f68ed64896465b077d8116d54375233d09d25ad,0,0,True,True,0.9884291887283325
vit_b_16_linear_head,6616,2,car,16,down,9ea86d6c3183372cefa9795c4c52451954459a581a9d9f69e65ba163619c7648,2,2,True,True,0.9789837002754211
vit_b_16_linear_head,6650,7,monkey,16,down,58c60d98527c953d4f3db8d22704a8e721d099ffb2d625b4c1f7298853ff5fc6,7,7,True,True,0.9924905896186829
vit_b_16_linear_head,6689,8,ship,16,down,d0ac3c3840690d8f8a82aa6834bb3b1f5c29764f165618cb420d51b2bd77b856,8,8,True,True,0.8337621688842773
vit_b_16_linear_head,6692,2,car,16,down,43d26634deb1b0d214e9899466a3ebe9ba5bc824f491a05dd192776037319764,2,2,True,True,0.9886043071746826
vit_b_16_linear_head,6713,6,horse,16,down,0bc83c108a9669eb571810f6a9fd7e68b0dcb8d8db838bfb5341adf787c3238a,6,6,True,True,0.9299002885818481
vit_b_16_linear_head,6716,5,dog,16,down,33999dd96d459d31f2c7cae7f169107fa222abf30529501f0c148fd0100f2921,6,6,False,True,0.13936926424503326
vit_b_16_linear_head,6726,7,monkey,16,down,e3bbeb706562bd75b09f7ddeb097a00d51af23bc6c2821353a30dc25f7f3fd95,7,7,True,True,0.9832355976104736
vit_b_16_linear_head,6733,1,bird,16,down,d2adbe02cdf66e5fb3c9a06338369c34631fc941461c9966f4a3b1d3d3bc633b,1,1,True,True,0.8317133188247681
vit_b_16_linear_head,6772,7,monkey,16,down,423740aa3dfee83b93373942525290fd42006fc6109a931b77e96bd4cd330d12,7,7,True,True,0.8845263123512268
vit_b_16_linear_head,6805,1,bird,16,down,386440fcc05cb85fb04d44cf5d5deb71f862d8bea43f570a00e14e73f37bc9ae,1,1,True,True,0.24252286553382874
vit_b_16_linear_head,6836,1,bird,16,down,1a3984089ac18a4d14842151f236e4e1c6c5a26b588b53d96d809163c81df0da,1,1,True,True,0.8486922979354858
vit_b_16_linear_head,6844,0,airplane,16,down,a161db8348a2df1cbc3f9aff540fff9276f071ed776a855189e955aee6730413,0,0,True,True,0.995121419429779
vit_b_16_linear_head,6922,5,dog,16,down,932389bcbbc2fc9e2d8477bdaf7a67e94898c59d1c986263755305a3c042f0b8,5,5,True,True,0.9900098443031311
vit_b_16_linear_head,6931,9,truck,16,down,d7df7c9f093871fb8023dd0cbf9ff7bdeb8136823b702467782597ffcd86b99f,9,9,True,True,0.9159424901008606
vit_b_16_linear_head,6938,1,bird,16,down,5dea874e6376bc405623c6688f9797b11c43f675ecaaa7ac4d9d421ed7c61467,1,1,True,True,0.9964526891708374
vit_b_16_linear_head,6952,3,cat,16,down,09059456418cd5437145135de1f7730d4e8ff2d2e2863faa620137fb47bf2624,3,3,True,True,0.9726848006248474
vit_b_16_linear_head,6954,1,bird,16,down,2dbc70ba3c4ae006816413477faa1561cd6a57ffd589d15f3e563f1b9250737e,1,1,True,True,0.3457334637641907
vit_b_16_linear_head,6986,0,airplane,16,down,2843d2a809d6791fa361088faa4f12ce71e829f5e3a9ea3e5e7ff9dbd3d99684,0,0,True,True,0.8308217525482178
vit_b_16_linear_head,6989,5,dog,16,down,a62003c7455a670c0fb038fb7115745d5d01ae515e05053e564c0478a13e29a4,5,5,True,True,0.8460078835487366
vit_b_16_linear_head,7009,0,airplane,16,down,4ac69a89e132141a511cb19689d6fcc251625c6c8ed9d52610f46cde842e9164,0,0,True,True,0.9798858761787415
vit_b_16_linear_head,7029,1,bird,16,down,a54b23ca50bb7809278bdd1f08f78bb9efbadb3548b3a6f76db4f78904f2f06b,1,1,True,True,0.8743395805358887
vit_b_16_linear_head,7033,1,bird,16,down,ac868e9a52ff769348c57c9327f54fdc0573b58b36145c5e071527707b1941d6,1,1,True,True,0.9924983382225037
vit_b_16_linear_head,7041,5,dog,16,down,796078eec77c8089c1b2d82bceaa2ee47b9675403556f2e8ca6dd360d5267d19,5,5,True,True,0.5915558338165283
vit_b_16_linear_head,7047,9,truck,16,down,1290f09bf982426c0a1d3159de2ef43adf3de5493294d9abc304c751c4634dde,9,9,True,True,0.9876741766929626
vit_b_16_linear_head,7081,7,monkey,16,down,a15354ccf546a22a513586840a9d794186300c76039ff970b611e8766a497016,7,7,True,True,0.9592145085334778
vit_b_16_linear_head,7084,2,car,16,down,bb69cb85681e39b7223ce3655cc55bf8ef8d4e617f427a124af6cef0f1595bd7,2,2,True,True,0.9955676198005676
vit_b_16_linear_head,7108,6,horse,16,down,e6b3310f8f4e8e680277d62f4453df7a0cd4a36758315d851fd0efccb5ab0333,6,6,True,True,0.9562707543373108
vit_b_16_linear_head,7130,5,dog,16,down,7a53f4089046b1b459d0cc74a02639e5ba0212ad5a27893267329167ece0cd84,5,5,True,True,0.6874220967292786
vit_b_16_linear_head,7138,8,ship,16,down,53f8314ce8d1f11572db06af384e12e908b2fc23eaab08d416a278afa0e1ee3e,8,8,True,True,0.9796326160430908
vit_b_16_linear_head,7150,0,airplane,16,down,1e3676c7484e47b9c3908766233d6d4cc17e8d96832d64824b5b67bc5de585ae,0,0,True,True,0.9927856922149658
vit_b_16_linear_head,7202,1,bird,16,down,53861f0c7cd7899aa65345d898e0b12ed366204783e44c0811ee8c184bdae524,1,1,True,True,0.80064857006073
vit_b_16_linear_head,7262,0,airplane,16,down,c9cd092111d24177c0e62d23a7264a533b2a2713ccf4281604ae45920e3c0b01,0,0,True,True,0.9969580173492432
vit_b_16_linear_head,7266,9,truck,16,down,d472dbf6e7085c4df8e785f6a08bf6c766fbb78a5291f898f99d854701e1d4df,9,9,True,True,0.7379170060157776
vit_b_16_linear_head,7270,7,monkey,16,down,ae5e3d5eaf4db70faf038a144a1428a132411d295611dd4f24b3885b812e33c2,7,7,True,True,0.8199042677879333
vit_b_16_linear_head,7309,0,airplane,16,down,aeace6293a0e658328c5cd635315fc1950c1fb311b76bc71971d8c27f2cb340e,0,0,True,True,0.9890232086181641
vit_b_16_linear_head,7320,0,airplane,16,down,a031df9ececf295dccf85baa99fa6129231cb804f0fd844d647c4d80a07d6fa5,0,0,True,True,0.9866211414337158
vit_b_16_linear_head,7338,6,horse,16,down,ac40c56b4533228479daa3eefd1f23e2c0e23fcf65157ffd72d46cc7b1a12f9a,6,6,True,True,0.9942597150802612
vit_b_16_linear_head,7372,0,airplane,16,down,077926ef7a0321da24b1d21208ccb0abd23fc7d8cf86556820e0b83cac3f8a99,0,0,True,True,0.951126217842102
vit_b_16_linear_head,7373,0,airplane,16,down,b694b79cd4b67039ea402275dfea9ff40470f6ddc0b299c5dd0036df71ffd2ba,0,0,True,True,0.9822043776512146
vit_b_16_linear_head,7380,9,truck,16,down,b24461bf6f03e6b3996f065c0394fa9f13c5ec45c3fb4a81a6101b3939fcd90d,9,9,True,True,0.9816765785217285
vit_b_16_linear_head,7390,1,bird,16,down,c85138a2838afe8c7eef7474f57e1c7d22b06aece23ac614abf155af843a07ed,1,1,True,True,0.6142780184745789
vit_b_16_linear_head,7413,5,dog,16,down,5c6a3d54c5bf04a9f8a2793f4a957ed567bd53716a7948f3a7eb5a4bf045492b,5,5,True,True,0.7482796311378479
vit_b_16_linear_head,7416,3,cat,16,down,1842aaf6610a2cd879c974f5ebe93a41c806e1915b6fd00f2d4ac10033a18bb2,3,3,True,True,0.8990324139595032
vit_b_16_linear_head,7425,2,car,16,down,807ad8ff000428408d8136ce87a1ebe6d6e3e91e6605ab45ab3e1a0f25a15984,2,2,True,True,0.998145580291748
vit_b_16_linear_head,7446,8,ship,16,down,fa1f3a0d87fa8d910b572aa0343483c08b798ba54f7259f1ed9d29d372e244f1,8,8,True,True,0.959236741065979
vit_b_16_linear_head,7460,8,ship,16,down,255c201b551ebd52d09e188ffb6aceb2d433bb34a2f084947b9b825dacc19651,8,8,True,True,0.8125661611557007
vit_b_16_linear_head,7465,0,airplane,16,down,1d6b4e2508b21c0eaed255e8de4d0c2c4fd2fc362420fecd3ae879b8ebe349d9,0,0,True,True,0.9889109134674072
vit_b_16_linear_head,7474,5,dog,16,down,1df9192ce1c2d19127ab28fa22a2dbab5ccc55be807407a7338ae87fb5a6274c,5,5,True,True,0.8361974954605103
vit_b_16_linear_head,7475,4,deer,16,down,b7d2bc6fb6ad05fa1f29a82b19471301a9613ffd89b7c0fb47318936a975c5ea,4,4,True,True,0.9783912301063538
vit_b_16_linear_head,7476,8,ship,16,down,ff60e40ecad1cc208869b7c8b1b91d09fe9df6b31b21040ac606b3c6b0da29d0,0,8,True,False,0.48657169938087463
vit_b_16_linear_head,7544,9,truck,16,down,908dc7b6cc6510a5c6fc77c5d5dcdd2229f8aa37ac9517a0b0dfbe501c276e21,9,9,True,True,0.9399533271789551
vit_b_16_linear_head,7555,6,horse,16,down,f9150ca826450deb67140fdfe8f9b4601df1bed78b6082f7eee0b9fa2067a5cc,6,6,True,True,0.9499218463897705
vit_b_16_linear_head,7600,6,horse,16,down,85fb5df3d3cc76e3a3898d82cc1b6a47d275c4ba72d9207f3bf9c9cc0db43166,6,6,True,True,0.996265709400177
vit_b_16_linear_head,7610,4,deer,16,down,08a4e1408585c7467176b60823b2321ebbb3369494e8164fd57c7a3600f2b2dd,4,4,True,True,0.9961447715759277
vit_b_16_linear_head,7634,0,airplane,16,down,3c548fc21b00d5b63cb7ca89d7243de70017829a7544e95763de1ea6fcad5a2e,0,0,True,True,0.9937845468521118
vit_b_16_linear_head,7692,4,deer,16,down,f68f53cce69e848d9e0938a58f94cafd895cef401e58116eec1eb428ac3363fc,4,4,True,True,0.9800511598587036
vit_b_16_linear_head,7706,5,dog,16,down,68005865c38e57dc5dba38559218e4434278bb1f4bd7df0950c9a780917fa7c5,5,5,True,True,0.3973657786846161
vit_b_16_linear_head,7726,6,horse,16,down,5bfad0b198152fa495678bce187e7d73d0829eb64ed2d4814b974fa9f78cc0e3,6,6,True,True,0.9874653220176697
vit_b_16_linear_head,7744,3,cat,16,down,654a6c8d468218f091a6ec8a91457b55fba5bc9f00988915bd9c5d098f0c1afd,3,3,True,True,0.6622610688209534
vit_b_16_linear_head,7752,9,truck,16,down,d2fddc19d52112d6c925b8121806a436a74318c9ee9ef095a3e9495ca5a79f79,9,9,True,True,0.9608249664306641
vit_b_16_linear_head,7776,5,dog,16,down,54e33e3485bf65e16361e8fccec717e79ea3723733141f6394ffc8d660d6822c,5,5,True,True,0.7882807850837708
vit_b_16_linear_head,7779,6,horse,16,down,15c2f640a0005657e0c7ed5e2266d56d298a8deaa359484e506e952c4bd7e600,6,6,True,True,0.9929332733154297
vit_b_16_linear_head,7781,6,horse,16,down,fbd3f7287ab598d149a23ca2478f3f00d92c656a926cf0e3ed252d360cf1af82,6,6,True,True,0.98863285779953
vit_b_16_linear_head,7793,3,cat,16,down,95fc2bc7e87649a4ce9916c992f83b56e352d00a696b34de6bca30cbf3dc0c80,7,7,False,True,0.4507346451282501
vit_b_16_linear_head,7797,3,cat,16,down,59cbfd9907dbcff9d29092be4eb86e667508c965ec543d35cba84db9200aa864,3,3,True,True,0.9736651182174683
vit_b_16_linear_head,7810,8,ship,16,down,59306c0660bd20f1e06c025280bc28cc1c92ca0eca5d0718a68bffbd40793345,8,8,True,True,0.9913359880447388
vit_b_16_linear_head,7818,8,ship,16,down,4c21dd1982550f84feba9a48bacb01aa95b6ebec0f169430e3081771f9f4f6e6,8,8,True,True,0.9659264087677002
vit_b_16_linear_head,7835,7,monkey,16,down,3260eb04a02bbb10fada2aea2f76e0b8a67ba759045564a81ea5eac8365f2a91,7,7,True,True,0.9267256259918213
vit_b_16_linear_head,7864,4,deer,16,down,060580ff118d96e95fb253796329ff6dec9fce2f3c70bfc75e6ba19ad1faa244,4,4,True,True,0.9506986141204834
vit_b_16_linear_head,7875,8,ship,16,down,6fe6df858305685717d0e66c51df5d4947d790d2b26b16ce31729f2641e25036,8,8,True,True,0.9949016571044922
vit_b_16_linear_head,7938,9,truck,16,down,61009a1a5e9f954f06b2c5e5af425b71cc210e987731c7f765036c2e4ae67e7c,9,9,True,True,0.9613811373710632
vit_b_16_linear_head,7940,4,deer,16,down,433d8fce4e6ec9e2bd029363e379e40624bb41fc219832c93b461f3f8d474df7,4,4,True,True,0.9976494908332825
vit_b_16_linear_head,7944,4,deer,16,down,d841e6aa759a6a21206cee7f46616c5ca150d25024aee7f6cc4e1b0a2e74f76d,4,4,True,True,0.8414382338523865
vit_b_16_linear_head,7955,1,bird,16,down,5d737f0b720da38c9e0e291fd484619ce45d01f73a3393af9d3e064f8ca4c3a0,1,1,True,True,0.9996645450592041
vit_b_16_linear_head,7995,9,truck,16,down,53f28e1adb609e9e865edf6f47273b77aa8d71ba1dcc7c21c0a906366150ae25,9,9,True,True,0.7218919396400452
vit_b_16_linear_head,7996,6,horse,16,down,b82ff328bbc208212ac864d6cf964951698316be8903a788c5b915a659a4e288,6,6,True,True,0.9732311367988586
vit_b_16_linear_head,7999,8,ship,16,down,27dc1c63d05321c226b0b770a5247b87b4c26a9e7500dfb327eb110954e94b39,8,8,True,True,0.9856508374214172
