candidate_id,pair_number,pair_name,schedule_rank,direction_code,direction,content_official_index,content_class_id,content_class_name,style_official_index,style_class_id,style_class_name,shape_class_id,shape_class_name,texture_class_id,texture_class_name,selection_seed,alpha,part_of_initial_generation
p01_r01_a_to_b,1,airplane__cat,1,a_to_b,airplane_shape__cat_texture,6455,0,airplane,7797,3,cat,0,airplane,3,cat,6304,0.8,True
p01_r01_b_to_a,1,airplane__cat,1,b_to_a,cat_shape__airplane_texture,7797,3,cat,6455,0,airplane,3,cat,0,airplane,6304,0.8,True
p01_r02_a_to_b,1,airplane__cat,2,a_to_b,airplane_shape__cat_texture,562,0,airplane,3276,3,cat,0,airplane,3,cat,6304,0.8,True
p01_r02_b_to_a,1,airplane__cat,2,b_to_a,cat_shape__airplane_texture,3276,3,cat,562,0,airplane,3,cat,0,airplane,6304,0.8,True
p01_r03_a_to_b,1,airplane__cat,3,a_to_b,airplane_shape__cat_texture,4130,0,airplane,672,3,cat,0,airplane,3,cat,6304,0.8,True
p01_r03_b_to_a,1,airplane__cat,3,b_to_a,cat_shape__airplane_texture,672,3,cat,4130,0,airplane,3,cat,0,airplane,6304,0.8,True
p01_r04_a_to_b,1,airplane__cat,4,a_to_b,airplane_shape__cat_texture,2024,0,airplane,1204,3,cat,0,airplane,3,cat,6304,0.8,True
p01_r04_b_to_a,1,airplane__cat,4,b_to_a,cat_shape__airplane_texture,1204,3,cat,2024,0,airplane,3,cat,0,airplane,6304,0.8,True
p01_r05_a_to_b,1,airplane__cat,5,a_to_b,airplane_shape__cat_texture,3,0,airplane,4229,3,cat,0,airplane,3,cat,6304,0.8,True
p01_r05_b_to_a,1,airplane__cat,5,b_to_a,cat_shape__airplane_texture,4229,3,cat,3,0,airplane,3,cat,0,airplane,6304,0.8,True
p01_r06_a_to_b,1,airplane__cat,6,a_to_b,airplane_shape__cat_texture,7150,0,airplane,4609,3,cat,0,airplane,3,cat,6304,0.8,True
p01_r06_b_to_a,1,airplane__cat,6,b_to_a,cat_shape__airplane_texture,4609,3,cat,7150,0,airplane,3,cat,0,airplane,6304,0.8,True
p01_r07_a_to_b,1,airplane__cat,7,a_to_b,airplane_shape__cat_texture,7372,0,airplane,3562,3,cat,0,airplane,3,cat,6304,0.8,True
p01_r07_b_to_a,1,airplane__cat,7,b_to_a,cat_shape__airplane_texture,3562,3,cat,7372,0,airplane,3,cat,0,airplane,6304,0.8,True
p01_r08_a_to_b,1,airplane__cat,8,a_to_b,airplane_shape__cat_texture,42,0,airplane,5528,3,cat,0,airplane,3,cat,6304,0.8,True
p01_r08_b_to_a,1,airplane__cat,8,b_to_a,cat_shape__airplane_texture,5528,3,cat,42,0,airplane,3,cat,0,airplane,6304,0.8,True
p01_r09_a_to_b,1,airplane__cat,9,a_to_b,airplane_shape__cat_texture,7009,0,airplane,1401,3,cat,0,airplane,3,cat,6304,0.8,True
p01_r09_b_to_a,1,airplane__cat,9,b_to_a,cat_shape__airplane_texture,1401,3,cat,7009,0,airplane,3,cat,0,airplane,6304,0.8,True
p01_r10_a_to_b,1,airplane__cat,10,a_to_b,airplane_shape__cat_texture,3876,0,airplane,4330,3,cat,0,airplane,3,cat,6304,0.8,True
p01_r10_b_to_a,1,airplane__cat,10,b_to_a,cat_shape__airplane_texture,4330,3,cat,3876,0,airplane,3,cat,0,airplane,6304,0.8,True
p01_r11_a_to_b,1,airplane__cat,11,a_to_b,airplane_shape__cat_texture,3437,0,airplane,4821,3,cat,0,airplane,3,cat,6304,0.8,True
p01_r11_b_to_a,1,airplane__cat,11,b_to_a,cat_shape__airplane_texture,4821,3,cat,3437,0,airplane,3,cat,0,airplane,6304,0.8,True
p01_r12_a_to_b,1,airplane__cat,12,a_to_b,airplane_shape__cat_texture,4615,0,airplane,6952,3,cat,0,airplane,3,cat,6304,0.8,True
p01_r12_b_to_a,1,airplane__cat,12,b_to_a,cat_shape__airplane_texture,6952,3,cat,4615,0,airplane,3,cat,0,airplane,6304,0.8,True
p01_r13_a_to_b,1,airplane__cat,13,a_to_b,airplane_shape__cat_texture,1553,0,airplane,4168,3,cat,0,airplane,3,cat,6304,0.8,True
p01_r13_b_to_a,1,airplane__cat,13,b_to_a,cat_shape__airplane_texture,4168,3,cat,1553,0,airplane,3,cat,0,airplane,6304,0.8,True
p01_r14_a_to_b,1,airplane__cat,14,a_to_b,airplane_shape__cat_texture,5999,0,airplane,372,3,cat,0,airplane,3,cat,6304,0.8,True
p01_r14_b_to_a,1,airplane__cat,14,b_to_a,cat_shape__airplane_texture,372,3,cat,5999,0,airplane,3,cat,0,airplane,6304,0.8,True
p01_r15_a_to_b,1,airplane__cat,15,a_to_b,airplane_shape__cat_texture,4675,0,airplane,1431,3,cat,0,airplane,3,cat,6304,0.8,True
p01_r15_b_to_a,1,airplane__cat,15,b_to_a,cat_shape__airplane_texture,1431,3,cat,4675,0,airplane,3,cat,0,airplane,6304,0.8,True
p01_r16_a_to_b,1,airplane__cat,16,a_to_b,airplane_shape__cat_texture,4785,0,airplane,7793,3,cat,0,airplane,3,cat,6304,0.8,True
p01_r16_b_to_a,1,airplane__cat,16,b_to_a,cat_shape__airplane_texture,7793,3,cat,4785,0,airplane,3,cat,0,airplane,6304,0.8,True
p01_r17_a_to_b,1,airplane__cat,17,a_to_b,airplane_shape__cat_texture,4617,0,airplane,4908,3,cat,0,airplane,3,cat,6304,0.8,True
p01_r17_b_to_a,1,airplane__cat,17,b_to_a,cat_shape__airplane_texture,4908,3,cat,4617,0,airplane,3,cat,0,airplane,6304,0.8,True
p01_r18_a_to_b,1,airplane__cat,18,a_to_b,airplane_shape__cat_texture,1175,0,airplane,738,3,cat,0,airplane,3,cat,6304,0.8,True
p01_r18_b_to_a,1,airplane__cat,18,b_to_a,cat_shape__airplane_texture,738,3,cat,1175,0,airplane,3,cat,0,airplane,6304,0.8,True
p01_r19_a_to_b,1,airplane__cat,19,a_to_b,airplane_shape__cat_texture,1648,0,airplane,2754,3,cat,0,airplane,3,cat,6304,0.8,True
p01_r19_b_to_a,1,airplane__cat,19,b_to_a,cat_shape__airplane_texture,2754,3,cat,1648,0,airplane,3,cat,0,airplane,6304,0.8,True
p01_r20_a_to_b,1,airplane__cat,20,a_to_b,airplane_shape__cat_texture,5912,0,airplane,2536,3,cat,0,airplane,3,cat,6304,0.8,True
p01_r20_b_to_a,1,airplane__cat,20,b_to_a,cat_shape__airplane_texture,2536,3,cat,5912,0,airplane,3,cat,0,airplane,6304,0.8,True
p01_r21_a_to_b,1,airplane__cat,21,a_to_b,airplane_shape__cat_texture,4893,0,airplane,7744,3,cat,0,airplane,3,cat,6304,0.8,False
p01_r21_b_to_a,1,airplane__cat,21,b_to_a,cat_shape__airplane_texture,7744,3,cat,4893,0,airplane,3,cat,0,airplane,6304,0.8,False
p01_r22_a_to_b,1,airplane__cat,22,a_to_b,airplane_shape__cat_texture,1977,0,airplane,365,3,cat,0,airplane,3,cat,6304,0.8,False
p01_r22_b_to_a,1,airplane__cat,22,b_to_a,cat_shape__airplane_texture,365,3,cat,1977,0,airplane,3,cat,0,airplane,6304,0.8,False
p01_r23_a_to_b,1,airplane__cat,23,a_to_b,airplane_shape__cat_texture,6986,0,airplane,4531,3,cat,0,airplane,3,cat,6304,0.8,False
p01_r23_b_to_a,1,airplane__cat,23,b_to_a,cat_shape__airplane_texture,4531,3,cat,6986,0,airplane,3,cat,0,airplane,6304,0.8,False
p01_r24_a_to_b,1,airplane__cat,24,a_to_b,airplane_shape__cat_texture,7634,0,airplane,632,3,cat,0,airplane,3,cat,6304,0.8,False
p01_r24_b_to_a,1,airplane__cat,24,b_to_a,cat_shape__airplane_texture,632,3,cat,7634,0,airplane,3,cat,0,airplane,6304,0.8,False
p01_r25_a_to_b,1,airplane__cat,25,a_to_b,airplane_shape__cat_texture,6844,0,airplane,4023,3,cat,0,airplane,3,cat,6304,0.8,False
p01_r25_b_to_a,1,airplane__cat,25,b_to_a,cat_shape__airplane_texture,4023,3,cat,6844,0,airplane,3,cat,0,airplane,6304,0.8,False
p01_r26_a_to_b,1,airplane__cat,26,a_to_b,airplane_shape__cat_texture,81,0,airplane,176,3,cat,0,airplane,3,cat,6304,0.8,False
p01_r26_b_to_a,1,airplane__cat,26,b_to_a,cat_shape__airplane_texture,176,3,cat,81,0,airplane,3,cat,0,airplane,6304,0.8,False
p01_r27_a_to_b,1,airplane__cat,27,a_to_b,airplane_shape__cat_texture,3965,0,airplane,3851,3,cat,0,airplane,3,cat,6304,0.8,False
p01_r27_b_to_a,1,airplane__cat,27,b_to_a,cat_shape__airplane_texture,3851,3,cat,3965,0,airplane,3,cat,0,airplane,6304,0.8,False
p01_r28_a_to_b,1,airplane__cat,28,a_to_b,airplane_shape__cat_texture,3455,0,airplane,391,3,cat,0,airplane,3,cat,6304,0.8,False
p01_r28_b_to_a,1,airplane__cat,28,b_to_a,cat_shape__airplane_texture,391,3,cat,3455,0,airplane,3,cat,0,airplane,6304,0.8,False
p01_r29_a_to_b,1,airplane__cat,29,a_to_b,airplane_shape__cat_texture,7309,0,airplane,3383,3,cat,0,airplane,3,cat,6304,0.8,False
p01_r29_b_to_a,1,airplane__cat,29,b_to_a,cat_shape__airplane_texture,3383,3,cat,7309,0,airplane,3,cat,0,airplane,6304,0.8,False
p01_r30_a_to_b,1,airplane__cat,30,a_to_b,airplane_shape__cat_texture,1389,0,airplane,4463,3,cat,0,airplane,3,cat,6304,0.8,False
p01_r30_b_to_a,1,airplane__cat,30,b_to_a,cat_shape__airplane_texture,4463,3,cat,1389,0,airplane,3,cat,0,airplane,6304,0.8,False
p01_r31_a_to_b,1,airplane__cat,31,a_to_b,airplane_shape__cat_texture,7465,0,airplane,3375,3,cat,0,airplane,3,cat,6304,0.8,False
p01_r31_b_to_a,1,airplane__cat,31,b_to_a,cat_shape__airplane_texture,3375,3,cat,7465,0,airplane,3,cat,0,airplane,6304,0.8,False
p01_r32_a_to_b,1,airplane__cat,32,a_to_b,airplane_shape__cat_texture,6437,0,airplane,1370,3,cat,0,airplane,3,cat,6304,0.8,False
p01_r32_b_to_a,1,airplane__cat,32,b_to_a,cat_shape__airplane_texture,1370,3,cat,6437,0,airplane,3,cat,0,airplane,6304,0.8,False
p01_r33_a_to_b,1,airplane__cat,33,a_to_b,airplane_shape__cat_texture,484,0,airplane,2539,3,cat,0,airplane,3,cat,6304,0.8,False
p01_r33_b_to_a,1,airplane__cat,33,b_to_a,cat_shape__airplane_texture,2539,3,cat,484,0,airplane,3,cat,0,airplane,6304,0.8,False
p01_r34_a_to_b,1,airplane__cat,34,a_to_b,airplane_shape__cat_texture,7320,0,airplane,979,3,cat,0,airplane,3,cat,6304,0.8,False
p01_r34_b_to_a,1,airplane__cat,34,b_to_a,cat_shape__airplane_texture,979,3,cat,7320,0,airplane,3,cat,0,airplane,6304,0.8,False
p01_r35_a_to_b,1,airplane__cat,35,a_to_b,airplane_shape__cat_texture,5117,0,airplane,4590,3,cat,0,airplane,3,cat,6304,0.8,False
p01_r35_b_to_a,1,airplane__cat,35,b_to_a,cat_shape__airplane_texture,4590,3,cat,5117,0,airplane,3,cat,0,airplane,6304,0.8,False
p01_r36_a_to_b,1,airplane__cat,36,a_to_b,airplane_shape__cat_texture,2242,0,airplane,4881,3,cat,0,airplane,3,cat,6304,0.8,False
p01_r36_b_to_a,1,airplane__cat,36,b_to_a,cat_shape__airplane_texture,4881,3,cat,2242,0,airplane,3,cat,0,airplane,6304,0.8,False
p01_r37_a_to_b,1,airplane__cat,37,a_to_b,airplane_shape__cat_texture,5478,0,airplane,7416,3,cat,0,airplane,3,cat,6304,0.8,False
p01_r37_b_to_a,1,airplane__cat,37,b_to_a,cat_shape__airplane_texture,7416,3,cat,5478,0,airplane,3,cat,0,airplane,6304,0.8,False
p01_r38_a_to_b,1,airplane__cat,38,a_to_b,airplane_shape__cat_texture,4819,0,airplane,3914,3,cat,0,airplane,3,cat,6304,0.8,False
p01_r38_b_to_a,1,airplane__cat,38,b_to_a,cat_shape__airplane_texture,3914,3,cat,4819,0,airplane,3,cat,0,airplane,6304,0.8,False
p01_r39_a_to_b,1,airplane__cat,39,a_to_b,airplane_shape__cat_texture,4539,0,airplane,2028,3,cat,0,airplane,3,cat,6304,0.8,False
p01_r39_b_to_a,1,airplane__cat,39,b_to_a,cat_shape__airplane_texture,2028,3,cat,4539,0,airplane,3,cat,0,airplane,6304,0.8,False
p01_r40_a_to_b,1,airplane__cat,40,a_to_b,airplane_shape__cat_texture,7373,0,airplane,3778,3,cat,0,airplane,3,cat,6304,0.8,False
p01_r40_b_to_a,1,airplane__cat,40,b_to_a,cat_shape__airplane_texture,3778,3,cat,7373,0,airplane,3,cat,0,airplane,6304,0.8,False
p01_r41_a_to_b,1,airplane__cat,41,a_to_b,airplane_shape__cat_texture,3347,0,airplane,791,3,cat,0,airplane,3,cat,6304,0.8,False
p01_r41_b_to_a,1,airplane__cat,41,b_to_a,cat_shape__airplane_texture,791,3,cat,3347,0,airplane,3,cat,0,airplane,6304,0.8,False
p01_r42_a_to_b,1,airplane__cat,42,a_to_b,airplane_shape__cat_texture,4399,0,airplane,4323,3,cat,0,airplane,3,cat,6304,0.8,False
p01_r42_b_to_a,1,airplane__cat,42,b_to_a,cat_shape__airplane_texture,4323,3,cat,4399,0,airplane,3,cat,0,airplane,6304,0.8,False
p01_r43_a_to_b,1,airplane__cat,43,a_to_b,airplane_shape__cat_texture,3025,0,airplane,1263,3,cat,0,airplane,3,cat,6304,0.8,False
p01_r43_b_to_a,1,airplane__cat,43,b_to_a,cat_shape__airplane_texture,1263,3,cat,3025,0,airplane,3,cat,0,airplane,6304,0.8,False
p01_r44_a_to_b,1,airplane__cat,44,a_to_b,airplane_shape__cat_texture,7262,0,airplane,4215,3,cat,0,airplane,3,cat,6304,0.8,False
p01_r44_b_to_a,1,airplane__cat,44,b_to_a,cat_shape__airplane_texture,4215,3,cat,7262,0,airplane,3,cat,0,airplane,6304,0.8,False
p01_r45_a_to_b,1,airplane__cat,45,a_to_b,airplane_shape__cat_texture,1596,0,airplane,677,3,cat,0,airplane,3,cat,6304,0.8,False
p01_r45_b_to_a,1,airplane__cat,45,b_to_a,cat_shape__airplane_texture,677,3,cat,1596,0,airplane,3,cat,0,airplane,6304,0.8,False
p01_r46_a_to_b,1,airplane__cat,46,a_to_b,airplane_shape__cat_texture,3083,0,airplane,1563,3,cat,0,airplane,3,cat,6304,0.8,False
p01_r46_b_to_a,1,airplane__cat,46,b_to_a,cat_shape__airplane_texture,1563,3,cat,3083,0,airplane,3,cat,0,airplane,6304,0.8,False
p01_r47_a_to_b,1,airplane__cat,47,a_to_b,airplane_shape__cat_texture,2888,0,airplane,2291,3,cat,0,airplane,3,cat,6304,0.8,False
p01_r47_b_to_a,1,airplane__cat,47,b_to_a,cat_shape__airplane_texture,2291,3,cat,2888,0,airplane,3,cat,0,airplane,6304,0.8,False
p01_r48_a_to_b,1,airplane__cat,48,a_to_b,airplane_shape__cat_texture,5918,0,airplane,2861,3,cat,0,airplane,3,cat,6304,0.8,False
p01_r48_b_to_a,1,airplane__cat,48,b_to_a,cat_shape__airplane_texture,2861,3,cat,5918,0,airplane,3,cat,0,airplane,6304,0.8,False
p01_r49_a_to_b,1,airplane__cat,49,a_to_b,airplane_shape__cat_texture,6609,0,airplane,6490,3,cat,0,airplane,3,cat,6304,0.8,False
p01_r49_b_to_a,1,airplane__cat,49,b_to_a,cat_shape__airplane_texture,6490,3,cat,6609,0,airplane,3,cat,0,airplane,6304,0.8,False
p01_r50_a_to_b,1,airplane__cat,50,a_to_b,airplane_shape__cat_texture,2750,0,airplane,1531,3,cat,0,airplane,3,cat,6304,0.8,False
p01_r50_b_to_a,1,airplane__cat,50,b_to_a,cat_shape__airplane_texture,1531,3,cat,2750,0,airplane,3,cat,0,airplane,6304,0.8,False
p02_r01_a_to_b,2,car__deer,1,a_to_b,car_shape__deer_texture,3067,2,car,2757,4,deer,2,car,4,deer,6304,0.8,True
p02_r01_b_to_a,2,car__deer,1,b_to_a,deer_shape__car_texture,2757,4,deer,3067,2,car,4,deer,2,car,6304,0.8,True
p02_r02_a_to_b,2,car__deer,2,a_to_b,car_shape__deer_texture,3362,2,car,691,4,deer,2,car,4,deer,6304,0.8,True
p02_r02_b_to_a,2,car__deer,2,b_to_a,deer_shape__car_texture,691,4,deer,3362,2,car,4,deer,2,car,6304,0.8,True
p02_r03_a_to_b,2,car__deer,3,a_to_b,car_shape__deer_texture,6244,2,car,6288,4,deer,2,car,4,deer,6304,0.8,True
p02_r03_b_to_a,2,car__deer,3,b_to_a,deer_shape__car_texture,6288,4,deer,6244,2,car,4,deer,2,car,6304,0.8,True
p02_r04_a_to_b,2,car__deer,4,a_to_b,car_shape__deer_texture,6271,2,car,3287,4,deer,2,car,4,deer,6304,0.8,True
p02_r04_b_to_a,2,car__deer,4,b_to_a,deer_shape__car_texture,3287,4,deer,6271,2,car,4,deer,2,car,6304,0.8,True
p02_r05_a_to_b,2,car__deer,5,a_to_b,car_shape__deer_texture,317,2,car,3512,4,deer,2,car,4,deer,6304,0.8,True
p02_r05_b_to_a,2,car__deer,5,b_to_a,deer_shape__car_texture,3512,4,deer,317,2,car,4,deer,2,car,6304,0.8,True
p02_r06_a_to_b,2,car__deer,6,a_to_b,car_shape__deer_texture,1202,2,car,4629,4,deer,2,car,4,deer,6304,0.8,True
p02_r06_b_to_a,2,car__deer,6,b_to_a,deer_shape__car_texture,4629,4,deer,1202,2,car,4,deer,2,car,6304,0.8,True
p02_r07_a_to_b,2,car__deer,7,a_to_b,car_shape__deer_texture,4921,2,car,3122,4,deer,2,car,4,deer,6304,0.8,True
p02_r07_b_to_a,2,car__deer,7,b_to_a,deer_shape__car_texture,3122,4,deer,4921,2,car,4,deer,2,car,6304,0.8,True
p02_r08_a_to_b,2,car__deer,8,a_to_b,car_shape__deer_texture,6264,2,car,3458,4,deer,2,car,4,deer,6304,0.8,True
p02_r08_b_to_a,2,car__deer,8,b_to_a,deer_shape__car_texture,3458,4,deer,6264,2,car,4,deer,2,car,6304,0.8,True
p02_r09_a_to_b,2,car__deer,9,a_to_b,car_shape__deer_texture,6426,2,car,7864,4,deer,2,car,4,deer,6304,0.8,True
p02_r09_b_to_a,2,car__deer,9,b_to_a,deer_shape__car_texture,7864,4,deer,6426,2,car,4,deer,2,car,6304,0.8,True
p02_r10_a_to_b,2,car__deer,10,a_to_b,car_shape__deer_texture,470,2,car,7475,4,deer,2,car,4,deer,6304,0.8,True
p02_r10_b_to_a,2,car__deer,10,b_to_a,deer_shape__car_texture,7475,4,deer,470,2,car,4,deer,2,car,6304,0.8,True
p02_r11_a_to_b,2,car__deer,11,a_to_b,car_shape__deer_texture,1839,2,car,6528,4,deer,2,car,4,deer,6304,0.8,True
p02_r11_b_to_a,2,car__deer,11,b_to_a,deer_shape__car_texture,6528,4,deer,1839,2,car,4,deer,2,car,6304,0.8,True
p02_r12_a_to_b,2,car__deer,12,a_to_b,car_shape__deer_texture,1403,2,car,171,4,deer,2,car,4,deer,6304,0.8,True
p02_r12_b_to_a,2,car__deer,12,b_to_a,deer_shape__car_texture,171,4,deer,1403,2,car,4,deer,2,car,6304,0.8,True
p02_r13_a_to_b,2,car__deer,13,a_to_b,car_shape__deer_texture,5237,2,car,5789,4,deer,2,car,4,deer,6304,0.8,True
p02_r13_b_to_a,2,car__deer,13,b_to_a,deer_shape__car_texture,5789,4,deer,5237,2,car,4,deer,2,car,6304,0.8,True
p02_r14_a_to_b,2,car__deer,14,a_to_b,car_shape__deer_texture,409,2,car,5135,4,deer,2,car,4,deer,6304,0.8,True
p02_r14_b_to_a,2,car__deer,14,b_to_a,deer_shape__car_texture,5135,4,deer,409,2,car,4,deer,2,car,6304,0.8,True
p02_r15_a_to_b,2,car__deer,15,a_to_b,car_shape__deer_texture,6616,2,car,7940,4,deer,2,car,4,deer,6304,0.8,True
p02_r15_b_to_a,2,car__deer,15,b_to_a,deer_shape__car_texture,7940,4,deer,6616,2,car,4,deer,2,car,6304,0.8,True
p02_r16_a_to_b,2,car__deer,16,a_to_b,car_shape__deer_texture,7084,2,car,5062,4,deer,2,car,4,deer,6304,0.8,True
p02_r16_b_to_a,2,car__deer,16,b_to_a,deer_shape__car_texture,5062,4,deer,7084,2,car,4,deer,2,car,6304,0.8,True
p02_r17_a_to_b,2,car__deer,17,a_to_b,car_shape__deer_texture,35,2,car,506,4,deer,2,car,4,deer,6304,0.8,True
p02_r17_b_to_a,2,car__deer,17,b_to_a,deer_shape__car_texture,506,4,deer,35,2,car,4,deer,2,car,6304,0.8,True
p02_r18_a_to_b,2,car__deer,18,a_to_b,car_shape__deer_texture,6028,2,car,5623,4,deer,2,car,4,deer,6304,0.8,True
p02_r18_b_to_a,2,car__deer,18,b_to_a,deer_shape__car_texture,5623,4,deer,6028,2,car,4,deer,2,car,6304,0.8,True
p02_r19_a_to_b,2,car__deer,19,a_to_b,car_shape__deer_texture,6692,2,car,3365,4,deer,2,car,4,deer,6304,0.8,True
p02_r19_b_to_a,2,car__deer,19,b_to_a,deer_shape__car_texture,3365,4,deer,6692,2,car,4,deer,2,car,6304,0.8,True
p02_r20_a_to_b,2,car__deer,20,a_to_b,car_shape__deer_texture,2392,2,car,3763,4,deer,2,car,4,deer,6304,0.8,True
p02_r20_b_to_a,2,car__deer,20,b_to_a,deer_shape__car_texture,3763,4,deer,2392,2,car,4,deer,2,car,6304,0.8,True
p02_r21_a_to_b,2,car__deer,21,a_to_b,car_shape__deer_texture,483,2,car,7610,4,deer,2,car,4,deer,6304,0.8,False
p02_r21_b_to_a,2,car__deer,21,b_to_a,deer_shape__car_texture,7610,4,deer,483,2,car,4,deer,2,car,6304,0.8,False
p02_r22_a_to_b,2,car__deer,22,a_to_b,car_shape__deer_texture,4735,2,car,3179,4,deer,2,car,4,deer,6304,0.8,False
p02_r22_b_to_a,2,car__deer,22,b_to_a,deer_shape__car_texture,3179,4,deer,4735,2,car,4,deer,2,car,6304,0.8,False
p02_r23_a_to_b,2,car__deer,23,a_to_b,car_shape__deer_texture,1586,2,car,5077,4,deer,2,car,4,deer,6304,0.8,False
p02_r23_b_to_a,2,car__deer,23,b_to_a,deer_shape__car_texture,5077,4,deer,1586,2,car,4,deer,2,car,6304,0.8,False
p02_r24_a_to_b,2,car__deer,24,a_to_b,car_shape__deer_texture,6332,2,car,855,4,deer,2,car,4,deer,6304,0.8,False
p02_r24_b_to_a,2,car__deer,24,b_to_a,deer_shape__car_texture,855,4,deer,6332,2,car,4,deer,2,car,6304,0.8,False
p02_r25_a_to_b,2,car__deer,25,a_to_b,car_shape__deer_texture,5824,2,car,1111,4,deer,2,car,4,deer,6304,0.8,False
p02_r25_b_to_a,2,car__deer,25,b_to_a,deer_shape__car_texture,1111,4,deer,5824,2,car,4,deer,2,car,6304,0.8,False
p02_r26_a_to_b,2,car__deer,26,a_to_b,car_shape__deer_texture,5183,2,car,5213,4,deer,2,car,4,deer,6304,0.8,False
p02_r26_b_to_a,2,car__deer,26,b_to_a,deer_shape__car_texture,5213,4,deer,5183,2,car,4,deer,2,car,6304,0.8,False
p02_r27_a_to_b,2,car__deer,27,a_to_b,car_shape__deer_texture,2502,2,car,6097,4,deer,2,car,4,deer,6304,0.8,False
p02_r27_b_to_a,2,car__deer,27,b_to_a,deer_shape__car_texture,6097,4,deer,2502,2,car,4,deer,2,car,6304,0.8,False
p02_r28_a_to_b,2,car__deer,28,a_to_b,car_shape__deer_texture,714,2,car,2704,4,deer,2,car,4,deer,6304,0.8,False
p02_r28_b_to_a,2,car__deer,28,b_to_a,deer_shape__car_texture,2704,4,deer,714,2,car,4,deer,2,car,6304,0.8,False
p02_r29_a_to_b,2,car__deer,29,a_to_b,car_shape__deer_texture,4065,2,car,6508,4,deer,2,car,4,deer,6304,0.8,False
p02_r29_b_to_a,2,car__deer,29,b_to_a,deer_shape__car_texture,6508,4,deer,4065,2,car,4,deer,2,car,6304,0.8,False
p02_r30_a_to_b,2,car__deer,30,a_to_b,car_shape__deer_texture,5318,2,car,766,4,deer,2,car,4,deer,6304,0.8,False
p02_r30_b_to_a,2,car__deer,30,b_to_a,deer_shape__car_texture,766,4,deer,5318,2,car,4,deer,2,car,6304,0.8,False
p02_r31_a_to_b,2,car__deer,31,a_to_b,car_shape__deer_texture,1814,2,car,3034,4,deer,2,car,4,deer,6304,0.8,False
p02_r31_b_to_a,2,car__deer,31,b_to_a,deer_shape__car_texture,3034,4,deer,1814,2,car,4,deer,2,car,6304,0.8,False
p02_r32_a_to_b,2,car__deer,32,a_to_b,car_shape__deer_texture,5677,2,car,3994,4,deer,2,car,4,deer,6304,0.8,False
p02_r32_b_to_a,2,car__deer,32,b_to_a,deer_shape__car_texture,3994,4,deer,5677,2,car,4,deer,2,car,6304,0.8,False
p02_r33_a_to_b,2,car__deer,33,a_to_b,car_shape__deer_texture,49,2,car,3891,4,deer,2,car,4,deer,6304,0.8,False
p02_r33_b_to_a,2,car__deer,33,b_to_a,deer_shape__car_texture,3891,4,deer,49,2,car,4,deer,2,car,6304,0.8,False
p02_r34_a_to_b,2,car__deer,34,a_to_b,car_shape__deer_texture,5333,2,car,4740,4,deer,2,car,4,deer,6304,0.8,False
p02_r34_b_to_a,2,car__deer,34,b_to_a,deer_shape__car_texture,4740,4,deer,5333,2,car,4,deer,2,car,6304,0.8,False
p02_r35_a_to_b,2,car__deer,35,a_to_b,car_shape__deer_texture,3755,2,car,1211,4,deer,2,car,4,deer,6304,0.8,False
p02_r35_b_to_a,2,car__deer,35,b_to_a,deer_shape__car_texture,1211,4,deer,3755,2,car,4,deer,2,car,6304,0.8,False
p02_r36_a_to_b,2,car__deer,36,a_to_b,car_shape__deer_texture,981,2,car,5402,4,deer,2,car,4,deer,6304,0.8,False
p02_r36_b_to_a,2,car__deer,36,b_to_a,deer_shape__car_texture,5402,4,deer,981,2,car,4,deer,2,car,6304,0.8,False
p02_r37_a_to_b,2,car__deer,37,a_to_b,car_shape__deer_texture,5030,2,car,2898,4,deer,2,car,4,deer,6304,0.8,False
p02_r37_b_to_a,2,car__deer,37,b_to_a,deer_shape__car_texture,2898,4,deer,5030,2,car,4,deer,2,car,6304,0.8,False
p02_r38_a_to_b,2,car__deer,38,a_to_b,car_shape__deer_texture,7425,2,car,7944,4,deer,2,car,4,deer,6304,0.8,False
p02_r38_b_to_a,2,car__deer,38,b_to_a,deer_shape__car_texture,7944,4,deer,7425,2,car,4,deer,2,car,6304,0.8,False
p02_r39_a_to_b,2,car__deer,39,a_to_b,car_shape__deer_texture,6354,2,car,7692,4,deer,2,car,4,deer,6304,0.8,False
p02_r39_b_to_a,2,car__deer,39,b_to_a,deer_shape__car_texture,7692,4,deer,6354,2,car,4,deer,2,car,6304,0.8,False
p02_r40_a_to_b,2,car__deer,40,a_to_b,car_shape__deer_texture,2082,2,car,1960,4,deer,2,car,4,deer,6304,0.8,False
p02_r40_b_to_a,2,car__deer,40,b_to_a,deer_shape__car_texture,1960,4,deer,2082,2,car,4,deer,2,car,6304,0.8,False
p02_r41_a_to_b,2,car__deer,41,a_to_b,car_shape__deer_texture,5756,2,car,1429,4,deer,2,car,4,deer,6304,0.8,False
p02_r41_b_to_a,2,car__deer,41,b_to_a,deer_shape__car_texture,1429,4,deer,5756,2,car,4,deer,2,car,6304,0.8,False
p02_r42_a_to_b,2,car__deer,42,a_to_b,car_shape__deer_texture,4913,2,car,1266,4,deer,2,car,4,deer,6304,0.8,False
p02_r42_b_to_a,2,car__deer,42,b_to_a,deer_shape__car_texture,1266,4,deer,4913,2,car,4,deer,2,car,6304,0.8,False
p02_r43_a_to_b,2,car__deer,43,a_to_b,car_shape__deer_texture,6503,2,car,5467,4,deer,2,car,4,deer,6304,0.8,False
p02_r43_b_to_a,2,car__deer,43,b_to_a,deer_shape__car_texture,5467,4,deer,6503,2,car,4,deer,2,car,6304,0.8,False
p02_r44_a_to_b,2,car__deer,44,a_to_b,car_shape__deer_texture,1520,2,car,4054,4,deer,2,car,4,deer,6304,0.8,False
p02_r44_b_to_a,2,car__deer,44,b_to_a,deer_shape__car_texture,4054,4,deer,1520,2,car,4,deer,2,car,6304,0.8,False
p02_r45_a_to_b,2,car__deer,45,a_to_b,car_shape__deer_texture,5512,2,car,4642,4,deer,2,car,4,deer,6304,0.8,False
p02_r45_b_to_a,2,car__deer,45,b_to_a,deer_shape__car_texture,4642,4,deer,5512,2,car,4,deer,2,car,6304,0.8,False
p02_r46_a_to_b,2,car__deer,46,a_to_b,car_shape__deer_texture,3454,2,car,2399,4,deer,2,car,4,deer,6304,0.8,False
p02_r46_b_to_a,2,car__deer,46,b_to_a,deer_shape__car_texture,2399,4,deer,3454,2,car,4,deer,2,car,6304,0.8,False
p02_r47_a_to_b,2,car__deer,47,a_to_b,car_shape__deer_texture,3163,2,car,3078,4,deer,2,car,4,deer,6304,0.8,False
p02_r47_b_to_a,2,car__deer,47,b_to_a,deer_shape__car_texture,3078,4,deer,3163,2,car,4,deer,2,car,6304,0.8,False
p02_r48_a_to_b,2,car__deer,48,a_to_b,car_shape__deer_texture,3024,2,car,5556,4,deer,2,car,4,deer,6304,0.8,False
p02_r48_b_to_a,2,car__deer,48,b_to_a,deer_shape__car_texture,5556,4,deer,3024,2,car,4,deer,2,car,6304,0.8,False
p02_r49_a_to_b,2,car__deer,49,a_to_b,car_shape__deer_texture,5395,2,car,1124,4,deer,2,car,4,deer,6304,0.8,False
p02_r49_b_to_a,2,car__deer,49,b_to_a,deer_shape__car_texture,1124,4,deer,5395,2,car,4,deer,2,car,6304,0.8,False
p02_r50_a_to_b,2,car__deer,50,a_to_b,car_shape__deer_texture,5218,2,car,6033,4,deer,2,car,4,deer,6304,0.8,False
p02_r50_b_to_a,2,car__deer,50,b_to_a,deer_shape__car_texture,6033,4,deer,5218,2,car,4,deer,2,car,6304,0.8,False
p03_r01_a_to_b,3,ship__dog,1,a_to_b,ship_shape__dog_texture,5525,8,ship,319,5,dog,8,ship,5,dog,6304,0.8,True
p03_r01_b_to_a,3,ship__dog,1,b_to_a,dog_shape__ship_texture,319,5,dog,5525,8,ship,5,dog,8,ship,6304,0.8,True
p03_r02_a_to_b,3,ship__dog,2,a_to_b,ship_shape__dog_texture,7875,8,ship,2391,5,dog,8,ship,5,dog,6304,0.8,True
p03_r02_b_to_a,3,ship__dog,2,b_to_a,dog_shape__ship_texture,2391,5,dog,7875,8,ship,5,dog,8,ship,6304,0.8,True
p03_r03_a_to_b,3,ship__dog,3,a_to_b,ship_shape__dog_texture,706,8,ship,5381,5,dog,8,ship,5,dog,6304,0.8,True
p03_r03_b_to_a,3,ship__dog,3,b_to_a,dog_shape__ship_texture,5381,5,dog,706,8,ship,5,dog,8,ship,6304,0.8,True
p03_r04_a_to_b,3,ship__dog,4,a_to_b,ship_shape__dog_texture,4170,8,ship,3863,5,dog,8,ship,5,dog,6304,0.8,True
p03_r04_b_to_a,3,ship__dog,4,b_to_a,dog_shape__ship_texture,3863,5,dog,4170,8,ship,5,dog,8,ship,6304,0.8,True
p03_r05_a_to_b,3,ship__dog,5,a_to_b,ship_shape__dog_texture,3412,8,ship,6358,5,dog,8,ship,5,dog,6304,0.8,True
p03_r05_b_to_a,3,ship__dog,5,b_to_a,dog_shape__ship_texture,6358,5,dog,3412,8,ship,5,dog,8,ship,6304,0.8,True
p03_r06_a_to_b,3,ship__dog,6,a_to_b,ship_shape__dog_texture,667,8,ship,97,5,dog,8,ship,5,dog,6304,0.8,True
p03_r06_b_to_a,3,ship__dog,6,b_to_a,dog_shape__ship_texture,97,5,dog,667,8,ship,5,dog,8,ship,6304,0.8,True
p03_r07_a_to_b,3,ship__dog,7,a_to_b,ship_shape__dog_texture,7818,8,ship,6224,5,dog,8,ship,5,dog,6304,0.8,True
p03_r07_b_to_a,3,ship__dog,7,b_to_a,dog_shape__ship_texture,6224,5,dog,7818,8,ship,5,dog,8,ship,6304,0.8,True
p03_r08_a_to_b,3,ship__dog,8,a_to_b,ship_shape__dog_texture,4552,8,ship,2268,5,dog,8,ship,5,dog,6304,0.8,True
p03_r08_b_to_a,3,ship__dog,8,b_to_a,dog_shape__ship_texture,2268,5,dog,4552,8,ship,5,dog,8,ship,6304,0.8,True
p03_r09_a_to_b,3,ship__dog,9,a_to_b,ship_shape__dog_texture,962,8,ship,7041,5,dog,8,ship,5,dog,6304,0.8,True
p03_r09_b_to_a,3,ship__dog,9,b_to_a,dog_shape__ship_texture,7041,5,dog,962,8,ship,5,dog,8,ship,6304,0.8,True
p03_r10_a_to_b,3,ship__dog,10,a_to_b,ship_shape__dog_texture,2109,8,ship,7706,5,dog,8,ship,5,dog,6304,0.8,True
p03_r10_b_to_a,3,ship__dog,10,b_to_a,dog_shape__ship_texture,7706,5,dog,2109,8,ship,5,dog,8,ship,6304,0.8,True
p03_r11_a_to_b,3,ship__dog,11,a_to_b,ship_shape__dog_texture,6434,8,ship,2950,5,dog,8,ship,5,dog,6304,0.8,True
p03_r11_b_to_a,3,ship__dog,11,b_to_a,dog_shape__ship_texture,2950,5,dog,6434,8,ship,5,dog,8,ship,6304,0.8,True
p03_r12_a_to_b,3,ship__dog,12,a_to_b,ship_shape__dog_texture,4662,8,ship,4290,5,dog,8,ship,5,dog,6304,0.8,True
p03_r12_b_to_a,3,ship__dog,12,b_to_a,dog_shape__ship_texture,4290,5,dog,4662,8,ship,5,dog,8,ship,6304,0.8,True
p03_r13_a_to_b,3,ship__dog,13,a_to_b,ship_shape__dog_texture,1640,8,ship,7130,5,dog,8,ship,5,dog,6304,0.8,True
p03_r13_b_to_a,3,ship__dog,13,b_to_a,dog_shape__ship_texture,7130,5,dog,1640,8,ship,5,dog,8,ship,6304,0.8,True
p03_r14_a_to_b,3,ship__dog,14,a_to_b,ship_shape__dog_texture,5451,8,ship,5924,5,dog,8,ship,5,dog,6304,0.8,True
p03_r14_b_to_a,3,ship__dog,14,b_to_a,dog_shape__ship_texture,5924,5,dog,5451,8,ship,5,dog,8,ship,6304,0.8,True
p03_r15_a_to_b,3,ship__dog,15,a_to_b,ship_shape__dog_texture,4990,8,ship,6414,5,dog,8,ship,5,dog,6304,0.8,True
p03_r15_b_to_a,3,ship__dog,15,b_to_a,dog_shape__ship_texture,6414,5,dog,4990,8,ship,5,dog,8,ship,6304,0.8,True
p03_r16_a_to_b,3,ship__dog,16,a_to_b,ship_shape__dog_texture,5694,8,ship,6922,5,dog,8,ship,5,dog,6304,0.8,True
p03_r16_b_to_a,3,ship__dog,16,b_to_a,dog_shape__ship_texture,6922,5,dog,5694,8,ship,5,dog,8,ship,6304,0.8,True
p03_r17_a_to_b,3,ship__dog,17,a_to_b,ship_shape__dog_texture,1783,8,ship,2766,5,dog,8,ship,5,dog,6304,0.8,True
p03_r17_b_to_a,3,ship__dog,17,b_to_a,dog_shape__ship_texture,2766,5,dog,1783,8,ship,5,dog,8,ship,6304,0.8,True
p03_r18_a_to_b,3,ship__dog,18,a_to_b,ship_shape__dog_texture,2340,8,ship,1095,5,dog,8,ship,5,dog,6304,0.8,True
p03_r18_b_to_a,3,ship__dog,18,b_to_a,dog_shape__ship_texture,1095,5,dog,2340,8,ship,5,dog,8,ship,6304,0.8,True
p03_r19_a_to_b,3,ship__dog,19,a_to_b,ship_shape__dog_texture,2745,8,ship,4953,5,dog,8,ship,5,dog,6304,0.8,True
p03_r19_b_to_a,3,ship__dog,19,b_to_a,dog_shape__ship_texture,4953,5,dog,2745,8,ship,5,dog,8,ship,6304,0.8,True
p03_r20_a_to_b,3,ship__dog,20,a_to_b,ship_shape__dog_texture,2844,8,ship,645,5,dog,8,ship,5,dog,6304,0.8,True
p03_r20_b_to_a,3,ship__dog,20,b_to_a,dog_shape__ship_texture,645,5,dog,2844,8,ship,5,dog,8,ship,6304,0.8,True
p03_r21_a_to_b,3,ship__dog,21,a_to_b,ship_shape__dog_texture,4242,8,ship,6989,5,dog,8,ship,5,dog,6304,0.8,False
p03_r21_b_to_a,3,ship__dog,21,b_to_a,dog_shape__ship_texture,6989,5,dog,4242,8,ship,5,dog,8,ship,6304,0.8,False
p03_r22_a_to_b,3,ship__dog,22,a_to_b,ship_shape__dog_texture,2191,8,ship,6716,5,dog,8,ship,5,dog,6304,0.8,False
p03_r22_b_to_a,3,ship__dog,22,b_to_a,dog_shape__ship_texture,6716,5,dog,2191,8,ship,5,dog,8,ship,6304,0.8,False
p03_r23_a_to_b,3,ship__dog,23,a_to_b,ship_shape__dog_texture,7460,8,ship,7413,5,dog,8,ship,5,dog,6304,0.8,False
p03_r23_b_to_a,3,ship__dog,23,b_to_a,dog_shape__ship_texture,7413,5,dog,7460,8,ship,5,dog,8,ship,6304,0.8,False
p03_r24_a_to_b,3,ship__dog,24,a_to_b,ship_shape__dog_texture,3157,8,ship,4547,5,dog,8,ship,5,dog,6304,0.8,False
p03_r24_b_to_a,3,ship__dog,24,b_to_a,dog_shape__ship_texture,4547,5,dog,3157,8,ship,5,dog,8,ship,6304,0.8,False
p03_r25_a_to_b,3,ship__dog,25,a_to_b,ship_shape__dog_texture,1833,8,ship,4966,5,dog,8,ship,5,dog,6304,0.8,False
p03_r25_b_to_a,3,ship__dog,25,b_to_a,dog_shape__ship_texture,4966,5,dog,1833,8,ship,5,dog,8,ship,6304,0.8,False
p03_r26_a_to_b,3,ship__dog,26,a_to_b,ship_shape__dog_texture,739,8,ship,2265,5,dog,8,ship,5,dog,6304,0.8,False
p03_r26_b_to_a,3,ship__dog,26,b_to_a,dog_shape__ship_texture,2265,5,dog,739,8,ship,5,dog,8,ship,6304,0.8,False
p03_r27_a_to_b,3,ship__dog,27,a_to_b,ship_shape__dog_texture,4676,8,ship,1552,5,dog,8,ship,5,dog,6304,0.8,False
p03_r27_b_to_a,3,ship__dog,27,b_to_a,dog_shape__ship_texture,1552,5,dog,4676,8,ship,5,dog,8,ship,6304,0.8,False
p03_r28_a_to_b,3,ship__dog,28,a_to_b,ship_shape__dog_texture,194,8,ship,4106,5,dog,8,ship,5,dog,6304,0.8,False
p03_r28_b_to_a,3,ship__dog,28,b_to_a,dog_shape__ship_texture,4106,5,dog,194,8,ship,5,dog,8,ship,6304,0.8,False
p03_r29_a_to_b,3,ship__dog,29,a_to_b,ship_shape__dog_texture,3905,8,ship,5101,5,dog,8,ship,5,dog,6304,0.8,False
p03_r29_b_to_a,3,ship__dog,29,b_to_a,dog_shape__ship_texture,5101,5,dog,3905,8,ship,5,dog,8,ship,6304,0.8,False
p03_r30_a_to_b,3,ship__dog,30,a_to_b,ship_shape__dog_texture,3015,8,ship,2334,5,dog,8,ship,5,dog,6304,0.8,False
p03_r30_b_to_a,3,ship__dog,30,b_to_a,dog_shape__ship_texture,2334,5,dog,3015,8,ship,5,dog,8,ship,6304,0.8,False
p03_r31_a_to_b,3,ship__dog,31,a_to_b,ship_shape__dog_texture,2230,8,ship,5496,5,dog,8,ship,5,dog,6304,0.8,False
p03_r31_b_to_a,3,ship__dog,31,b_to_a,dog_shape__ship_texture,5496,5,dog,2230,8,ship,5,dog,8,ship,6304,0.8,False
p03_r32_a_to_b,3,ship__dog,32,a_to_b,ship_shape__dog_texture,1129,8,ship,1877,5,dog,8,ship,5,dog,6304,0.8,False
p03_r32_b_to_a,3,ship__dog,32,b_to_a,dog_shape__ship_texture,1877,5,dog,1129,8,ship,5,dog,8,ship,6304,0.8,False
p03_r33_a_to_b,3,ship__dog,33,a_to_b,ship_shape__dog_texture,716,8,ship,2807,5,dog,8,ship,5,dog,6304,0.8,False
p03_r33_b_to_a,3,ship__dog,33,b_to_a,dog_shape__ship_texture,2807,5,dog,716,8,ship,5,dog,8,ship,6304,0.8,False
p03_r34_a_to_b,3,ship__dog,34,a_to_b,ship_shape__dog_texture,4355,8,ship,2458,5,dog,8,ship,5,dog,6304,0.8,False
p03_r34_b_to_a,3,ship__dog,34,b_to_a,dog_shape__ship_texture,2458,5,dog,4355,8,ship,5,dog,8,ship,6304,0.8,False
p03_r35_a_to_b,3,ship__dog,35,a_to_b,ship_shape__dog_texture,7810,8,ship,3852,5,dog,8,ship,5,dog,6304,0.8,False
p03_r35_b_to_a,3,ship__dog,35,b_to_a,dog_shape__ship_texture,3852,5,dog,7810,8,ship,5,dog,8,ship,6304,0.8,False
p03_r36_a_to_b,3,ship__dog,36,a_to_b,ship_shape__dog_texture,5705,8,ship,3353,5,dog,8,ship,5,dog,6304,0.8,False
p03_r36_b_to_a,3,ship__dog,36,b_to_a,dog_shape__ship_texture,3353,5,dog,5705,8,ship,5,dog,8,ship,6304,0.8,False
p03_r37_a_to_b,3,ship__dog,37,a_to_b,ship_shape__dog_texture,3948,8,ship,7776,5,dog,8,ship,5,dog,6304,0.8,False
p03_r37_b_to_a,3,ship__dog,37,b_to_a,dog_shape__ship_texture,7776,5,dog,3948,8,ship,5,dog,8,ship,6304,0.8,False
p03_r38_a_to_b,3,ship__dog,38,a_to_b,ship_shape__dog_texture,7999,8,ship,1644,5,dog,8,ship,5,dog,6304,0.8,False
p03_r38_b_to_a,3,ship__dog,38,b_to_a,dog_shape__ship_texture,1644,5,dog,7999,8,ship,5,dog,8,ship,6304,0.8,False
p03_r39_a_to_b,3,ship__dog,39,a_to_b,ship_shape__dog_texture,4311,8,ship,4850,5,dog,8,ship,5,dog,6304,0.8,False
p03_r39_b_to_a,3,ship__dog,39,b_to_a,dog_shape__ship_texture,4850,5,dog,4311,8,ship,5,dog,8,ship,6304,0.8,False
p03_r40_a_to_b,3,ship__dog,40,a_to_b,ship_shape__dog_texture,1954,8,ship,2427,5,dog,8,ship,5,dog,6304,0.8,False
p03_r40_b_to_a,3,ship__dog,40,b_to_a,dog_shape__ship_texture,2427,5,dog,1954,8,ship,5,dog,8,ship,6304,0.8,False
p03_r41_a_to_b,3,ship__dog,41,a_to_b,ship_shape__dog_texture,5000,8,ship,1626,5,dog,8,ship,5,dog,6304,0.8,False
p03_r41_b_to_a,3,ship__dog,41,b_to_a,dog_shape__ship_texture,1626,5,dog,5000,8,ship,5,dog,8,ship,6304,0.8,False
p03_r42_a_to_b,3,ship__dog,42,a_to_b,ship_shape__dog_texture,151,8,ship,685,5,dog,8,ship,5,dog,6304,0.8,False
p03_r42_b_to_a,3,ship__dog,42,b_to_a,dog_shape__ship_texture,685,5,dog,151,8,ship,5,dog,8,ship,6304,0.8,False
p03_r43_a_to_b,3,ship__dog,43,a_to_b,ship_shape__dog_texture,4069,8,ship,378,5,dog,8,ship,5,dog,6304,0.8,False
p03_r43_b_to_a,3,ship__dog,43,b_to_a,dog_shape__ship_texture,378,5,dog,4069,8,ship,5,dog,8,ship,6304,0.8,False
p03_r44_a_to_b,3,ship__dog,44,a_to_b,ship_shape__dog_texture,7446,8,ship,5332,5,dog,8,ship,5,dog,6304,0.8,False
p03_r44_b_to_a,3,ship__dog,44,b_to_a,dog_shape__ship_texture,5332,5,dog,7446,8,ship,5,dog,8,ship,6304,0.8,False
p03_r45_a_to_b,3,ship__dog,45,a_to_b,ship_shape__dog_texture,6689,8,ship,5701,5,dog,8,ship,5,dog,6304,0.8,False
p03_r45_b_to_a,3,ship__dog,45,b_to_a,dog_shape__ship_texture,5701,5,dog,6689,8,ship,5,dog,8,ship,6304,0.8,False
p03_r46_a_to_b,3,ship__dog,46,a_to_b,ship_shape__dog_texture,1247,8,ship,568,5,dog,8,ship,5,dog,6304,0.8,False
p03_r46_b_to_a,3,ship__dog,46,b_to_a,dog_shape__ship_texture,568,5,dog,1247,8,ship,5,dog,8,ship,6304,0.8,False
p03_r47_a_to_b,3,ship__dog,47,a_to_b,ship_shape__dog_texture,7476,8,ship,3889,5,dog,8,ship,5,dog,6304,0.8,False
p03_r47_b_to_a,3,ship__dog,47,b_to_a,dog_shape__ship_texture,3889,5,dog,7476,8,ship,5,dog,8,ship,6304,0.8,False
p03_r48_a_to_b,3,ship__dog,48,a_to_b,ship_shape__dog_texture,4177,8,ship,2623,5,dog,8,ship,5,dog,6304,0.8,False
p03_r48_b_to_a,3,ship__dog,48,b_to_a,dog_shape__ship_texture,2623,5,dog,4177,8,ship,5,dog,8,ship,6304,0.8,False
p03_r49_a_to_b,3,ship__dog,49,a_to_b,ship_shape__dog_texture,7138,8,ship,7474,5,dog,8,ship,5,dog,6304,0.8,False
p03_r49_b_to_a,3,ship__dog,49,b_to_a,dog_shape__ship_texture,7474,5,dog,7138,8,ship,5,dog,8,ship,6304,0.8,False
p03_r50_a_to_b,3,ship__dog,50,a_to_b,ship_shape__dog_texture,2342,8,ship,4570,5,dog,8,ship,5,dog,6304,0.8,False
p03_r50_b_to_a,3,ship__dog,50,b_to_a,dog_shape__ship_texture,4570,5,dog,2342,8,ship,5,dog,8,ship,6304,0.8,False
p04_r01_a_to_b,4,truck__horse,1,a_to_b,truck_shape__horse_texture,7995,9,truck,1667,6,horse,9,truck,6,horse,6304,0.8,True
p04_r01_b_to_a,4,truck__horse,1,b_to_a,horse_shape__truck_texture,1667,6,horse,7995,9,truck,6,horse,9,truck,6304,0.8,True
p04_r02_a_to_b,4,truck__horse,2,a_to_b,truck_shape__horse_texture,1515,9,truck,449,6,horse,9,truck,6,horse,6304,0.8,True
p04_r02_b_to_a,4,truck__horse,2,b_to_a,horse_shape__truck_texture,449,6,horse,1515,9,truck,6,horse,9,truck,6304,0.8,True
p04_r03_a_to_b,4,truck__horse,3,a_to_b,truck_shape__horse_texture,7752,9,truck,1534,6,horse,9,truck,6,horse,6304,0.8,True
p04_r03_b_to_a,4,truck__horse,3,b_to_a,horse_shape__truck_texture,1534,6,horse,7752,9,truck,6,horse,9,truck,6304,0.8,True
p04_r04_a_to_b,4,truck__horse,4,a_to_b,truck_shape__horse_texture,2655,9,truck,7555,6,horse,9,truck,6,horse,6304,0.8,True
p04_r04_b_to_a,4,truck__horse,4,b_to_a,horse_shape__truck_texture,7555,6,horse,2655,9,truck,6,horse,9,truck,6304,0.8,True
p04_r05_a_to_b,4,truck__horse,5,a_to_b,truck_shape__horse_texture,6931,9,truck,5729,6,horse,9,truck,6,horse,6304,0.8,True
p04_r05_b_to_a,4,truck__horse,5,b_to_a,horse_shape__truck_texture,5729,6,horse,6931,9,truck,6,horse,9,truck,6304,0.8,True
p04_r06_a_to_b,4,truck__horse,6,a_to_b,truck_shape__horse_texture,2114,9,truck,3292,6,horse,9,truck,6,horse,6304,0.8,True
p04_r06_b_to_a,4,truck__horse,6,b_to_a,horse_shape__truck_texture,3292,6,horse,2114,9,truck,6,horse,9,truck,6304,0.8,True
p04_r07_a_to_b,4,truck__horse,7,a_to_b,truck_shape__horse_texture,2062,9,truck,4754,6,horse,9,truck,6,horse,6304,0.8,True
p04_r07_b_to_a,4,truck__horse,7,b_to_a,horse_shape__truck_texture,4754,6,horse,2062,9,truck,6,horse,9,truck,6304,0.8,True
p04_r08_a_to_b,4,truck__horse,8,a_to_b,truck_shape__horse_texture,7380,9,truck,4093,6,horse,9,truck,6,horse,6304,0.8,True
p04_r08_b_to_a,4,truck__horse,8,b_to_a,horse_shape__truck_texture,4093,6,horse,7380,9,truck,6,horse,9,truck,6304,0.8,True
p04_r09_a_to_b,4,truck__horse,9,a_to_b,truck_shape__horse_texture,5284,9,truck,7108,6,horse,9,truck,6,horse,6304,0.8,True
p04_r09_b_to_a,4,truck__horse,9,b_to_a,horse_shape__truck_texture,7108,6,horse,5284,9,truck,6,horse,9,truck,6304,0.8,True
p04_r10_a_to_b,4,truck__horse,10,a_to_b,truck_shape__horse_texture,4449,9,truck,7600,6,horse,9,truck,6,horse,6304,0.8,True
p04_r10_b_to_a,4,truck__horse,10,b_to_a,horse_shape__truck_texture,7600,6,horse,4449,9,truck,6,horse,9,truck,6304,0.8,True
p04_r11_a_to_b,4,truck__horse,11,a_to_b,truck_shape__horse_texture,191,9,truck,7781,6,horse,9,truck,6,horse,6304,0.8,True
p04_r11_b_to_a,4,truck__horse,11,b_to_a,horse_shape__truck_texture,7781,6,horse,191,9,truck,6,horse,9,truck,6304,0.8,True
p04_r12_a_to_b,4,truck__horse,12,a_to_b,truck_shape__horse_texture,4723,9,truck,7338,6,horse,9,truck,6,horse,6304,0.8,True
p04_r12_b_to_a,4,truck__horse,12,b_to_a,horse_shape__truck_texture,7338,6,horse,4723,9,truck,6,horse,9,truck,6304,0.8,True
p04_r13_a_to_b,4,truck__horse,13,a_to_b,truck_shape__horse_texture,1430,9,truck,5580,6,horse,9,truck,6,horse,6304,0.8,True
p04_r13_b_to_a,4,truck__horse,13,b_to_a,horse_shape__truck_texture,5580,6,horse,1430,9,truck,6,horse,9,truck,6304,0.8,True
p04_r14_a_to_b,4,truck__horse,14,a_to_b,truck_shape__horse_texture,3893,9,truck,3494,6,horse,9,truck,6,horse,6304,0.8,True
p04_r14_b_to_a,4,truck__horse,14,b_to_a,horse_shape__truck_texture,3494,6,horse,3893,9,truck,6,horse,9,truck,6304,0.8,True
p04_r15_a_to_b,4,truck__horse,15,a_to_b,truck_shape__horse_texture,5851,9,truck,4620,6,horse,9,truck,6,horse,6304,0.8,True
p04_r15_b_to_a,4,truck__horse,15,b_to_a,horse_shape__truck_texture,4620,6,horse,5851,9,truck,6,horse,9,truck,6304,0.8,True
p04_r16_a_to_b,4,truck__horse,16,a_to_b,truck_shape__horse_texture,7938,9,truck,920,6,horse,9,truck,6,horse,6304,0.8,True
p04_r16_b_to_a,4,truck__horse,16,b_to_a,horse_shape__truck_texture,920,6,horse,7938,9,truck,6,horse,9,truck,6304,0.8,True
p04_r17_a_to_b,4,truck__horse,17,a_to_b,truck_shape__horse_texture,4094,9,truck,3191,6,horse,9,truck,6,horse,6304,0.8,True
p04_r17_b_to_a,4,truck__horse,17,b_to_a,horse_shape__truck_texture,3191,6,horse,4094,9,truck,6,horse,9,truck,6304,0.8,True
p04_r18_a_to_b,4,truck__horse,18,a_to_b,truck_shape__horse_texture,419,9,truck,5857,6,horse,9,truck,6,horse,6304,0.8,True
p04_r18_b_to_a,4,truck__horse,18,b_to_a,horse_shape__truck_texture,5857,6,horse,419,9,truck,6,horse,9,truck,6304,0.8,True
p04_r19_a_to_b,4,truck__horse,19,a_to_b,truck_shape__horse_texture,2011,9,truck,6713,6,horse,9,truck,6,horse,6304,0.8,True
p04_r19_b_to_a,4,truck__horse,19,b_to_a,horse_shape__truck_texture,6713,6,horse,2011,9,truck,6,horse,9,truck,6304,0.8,True
p04_r20_a_to_b,4,truck__horse,20,a_to_b,truck_shape__horse_texture,1411,9,truck,2610,6,horse,9,truck,6,horse,6304,0.8,True
p04_r20_b_to_a,4,truck__horse,20,b_to_a,horse_shape__truck_texture,2610,6,horse,1411,9,truck,6,horse,9,truck,6304,0.8,True
p04_r21_a_to_b,4,truck__horse,21,a_to_b,truck_shape__horse_texture,5981,9,truck,4411,6,horse,9,truck,6,horse,6304,0.8,False
p04_r21_b_to_a,4,truck__horse,21,b_to_a,horse_shape__truck_texture,4411,6,horse,5981,9,truck,6,horse,9,truck,6304,0.8,False
p04_r22_a_to_b,4,truck__horse,22,a_to_b,truck_shape__horse_texture,5452,9,truck,3418,6,horse,9,truck,6,horse,6304,0.8,False
p04_r22_b_to_a,4,truck__horse,22,b_to_a,horse_shape__truck_texture,3418,6,horse,5452,9,truck,6,horse,9,truck,6304,0.8,False
p04_r23_a_to_b,4,truck__horse,23,a_to_b,truck_shape__horse_texture,5301,9,truck,3777,6,horse,9,truck,6,horse,6304,0.8,False
p04_r23_b_to_a,4,truck__horse,23,b_to_a,horse_shape__truck_texture,3777,6,horse,5301,9,truck,6,horse,9,truck,6304,0.8,False
p04_r24_a_to_b,4,truck__horse,24,a_to_b,truck_shape__horse_texture,5360,9,truck,3962,6,horse,9,truck,6,horse,6304,0.8,False
p04_r24_b_to_a,4,truck__horse,24,b_to_a,horse_shape__truck_texture,3962,6,horse,5360,9,truck,6,horse,9,truck,6304,0.8,False
p04_r25_a_to_b,4,truck__horse,25,a_to_b,truck_shape__horse_texture,1022,9,truck,2958,6,horse,9,truck,6,horse,6304,0.8,False
p04_r25_b_to_a,4,truck__horse,25,b_to_a,horse_shape__truck_texture,2958,6,horse,1022,9,truck,6,horse,9,truck,6304,0.8,False
p04_r26_a_to_b,4,truck__horse,26,a_to_b,truck_shape__horse_texture,1836,9,truck,873,6,horse,9,truck,6,horse,6304,0.8,False
p04_r26_b_to_a,4,truck__horse,26,b_to_a,horse_shape__truck_texture,873,6,horse,1836,9,truck,6,horse,9,truck,6304,0.8,False
p04_r27_a_to_b,4,truck__horse,27,a_to_b,truck_shape__horse_texture,5508,9,truck,4254,6,horse,9,truck,6,horse,6304,0.8,False
p04_r27_b_to_a,4,truck__horse,27,b_to_a,horse_shape__truck_texture,4254,6,horse,5508,9,truck,6,horse,9,truck,6304,0.8,False
p04_r28_a_to_b,4,truck__horse,28,a_to_b,truck_shape__horse_texture,852,9,truck,5858,6,horse,9,truck,6,horse,6304,0.8,False
p04_r28_b_to_a,4,truck__horse,28,b_to_a,horse_shape__truck_texture,5858,6,horse,852,9,truck,6,horse,9,truck,6304,0.8,False
p04_r29_a_to_b,4,truck__horse,29,a_to_b,truck_shape__horse_texture,7266,9,truck,3515,6,horse,9,truck,6,horse,6304,0.8,False
p04_r29_b_to_a,4,truck__horse,29,b_to_a,horse_shape__truck_texture,3515,6,horse,7266,9,truck,6,horse,9,truck,6304,0.8,False
p04_r30_a_to_b,4,truck__horse,30,a_to_b,truck_shape__horse_texture,303,9,truck,7726,6,horse,9,truck,6,horse,6304,0.8,False
p04_r30_b_to_a,4,truck__horse,30,b_to_a,horse_shape__truck_texture,7726,6,horse,303,9,truck,6,horse,9,truck,6304,0.8,False
p04_r31_a_to_b,4,truck__horse,31,a_to_b,truck_shape__horse_texture,239,9,truck,3844,6,horse,9,truck,6,horse,6304,0.8,False
p04_r31_b_to_a,4,truck__horse,31,b_to_a,horse_shape__truck_texture,3844,6,horse,239,9,truck,6,horse,9,truck,6304,0.8,False
p04_r32_a_to_b,4,truck__horse,32,a_to_b,truck_shape__horse_texture,805,9,truck,4341,6,horse,9,truck,6,horse,6304,0.8,False
p04_r32_b_to_a,4,truck__horse,32,b_to_a,horse_shape__truck_texture,4341,6,horse,805,9,truck,6,horse,9,truck,6304,0.8,False
p04_r33_a_to_b,4,truck__horse,33,a_to_b,truck_shape__horse_texture,1654,9,truck,2676,6,horse,9,truck,6,horse,6304,0.8,False
p04_r33_b_to_a,4,truck__horse,33,b_to_a,horse_shape__truck_texture,2676,6,horse,1654,9,truck,6,horse,9,truck,6304,0.8,False
p04_r34_a_to_b,4,truck__horse,34,a_to_b,truck_shape__horse_texture,7047,9,truck,4731,6,horse,9,truck,6,horse,6304,0.8,False
p04_r34_b_to_a,4,truck__horse,34,b_to_a,horse_shape__truck_texture,4731,6,horse,7047,9,truck,6,horse,9,truck,6304,0.8,False
p04_r35_a_to_b,4,truck__horse,35,a_to_b,truck_shape__horse_texture,5915,9,truck,4746,6,horse,9,truck,6,horse,6304,0.8,False
p04_r35_b_to_a,4,truck__horse,35,b_to_a,horse_shape__truck_texture,4746,6,horse,5915,9,truck,6,horse,9,truck,6304,0.8,False
p04_r36_a_to_b,4,truck__horse,36,a_to_b,truck_shape__horse_texture,603,9,truck,7996,6,horse,9,truck,6,horse,6304,0.8,False
p04_r36_b_to_a,4,truck__horse,36,b_to_a,horse_shape__truck_texture,7996,6,horse,603,9,truck,6,horse,9,truck,6304,0.8,False
p04_r37_a_to_b,4,truck__horse,37,a_to_b,truck_shape__horse_texture,276,9,truck,6381,6,horse,9,truck,6,horse,6304,0.8,False
p04_r37_b_to_a,4,truck__horse,37,b_to_a,horse_shape__truck_texture,6381,6,horse,276,9,truck,6,horse,9,truck,6304,0.8,False
p04_r38_a_to_b,4,truck__horse,38,a_to_b,truck_shape__horse_texture,3996,9,truck,5382,6,horse,9,truck,6,horse,6304,0.8,False
p04_r38_b_to_a,4,truck__horse,38,b_to_a,horse_shape__truck_texture,5382,6,horse,3996,9,truck,6,horse,9,truck,6304,0.8,False
p04_r39_a_to_b,4,truck__horse,39,a_to_b,truck_shape__horse_texture,131,9,truck,4011,6,horse,9,truck,6,horse,6304,0.8,False
p04_r39_b_to_a,4,truck__horse,39,b_to_a,horse_shape__truck_texture,4011,6,horse,131,9,truck,6,horse,9,truck,6304,0.8,False
p04_r40_a_to_b,4,truck__horse,40,a_to_b,truck_shape__horse_texture,2167,9,truck,4827,6,horse,9,truck,6,horse,6304,0.8,False
p04_r40_b_to_a,4,truck__horse,40,b_to_a,horse_shape__truck_texture,4827,6,horse,2167,9,truck,6,horse,9,truck,6304,0.8,False
p04_r41_a_to_b,4,truck__horse,41,a_to_b,truck_shape__horse_texture,5572,9,truck,7779,6,horse,9,truck,6,horse,6304,0.8,False
p04_r41_b_to_a,4,truck__horse,41,b_to_a,horse_shape__truck_texture,7779,6,horse,5572,9,truck,6,horse,9,truck,6304,0.8,False
p04_r42_a_to_b,4,truck__horse,42,a_to_b,truck_shape__horse_texture,2414,9,truck,977,6,horse,9,truck,6,horse,6304,0.8,False
p04_r42_b_to_a,4,truck__horse,42,b_to_a,horse_shape__truck_texture,977,6,horse,2414,9,truck,6,horse,9,truck,6304,0.8,False
p04_r43_a_to_b,4,truck__horse,43,a_to_b,truck_shape__horse_texture,7544,9,truck,5408,6,horse,9,truck,6,horse,6304,0.8,False
p04_r43_b_to_a,4,truck__horse,43,b_to_a,horse_shape__truck_texture,5408,6,horse,7544,9,truck,6,horse,9,truck,6304,0.8,False
p04_r44_a_to_b,4,truck__horse,44,a_to_b,truck_shape__horse_texture,2351,9,truck,890,6,horse,9,truck,6,horse,6304,0.8,False
p04_r44_b_to_a,4,truck__horse,44,b_to_a,horse_shape__truck_texture,890,6,horse,2351,9,truck,6,horse,9,truck,6304,0.8,False
p04_r45_a_to_b,4,truck__horse,45,a_to_b,truck_shape__horse_texture,5788,9,truck,2003,6,horse,9,truck,6,horse,6304,0.8,False
p04_r45_b_to_a,4,truck__horse,45,b_to_a,horse_shape__truck_texture,2003,6,horse,5788,9,truck,6,horse,9,truck,6304,0.8,False
p04_r46_a_to_b,4,truck__horse,46,a_to_b,truck_shape__horse_texture,5447,9,truck,929,6,horse,9,truck,6,horse,6304,0.8,False
p04_r46_b_to_a,4,truck__horse,46,b_to_a,horse_shape__truck_texture,929,6,horse,5447,9,truck,6,horse,9,truck,6304,0.8,False
p04_r47_a_to_b,4,truck__horse,47,a_to_b,truck_shape__horse_texture,3942,9,truck,3779,6,horse,9,truck,6,horse,6304,0.8,False
p04_r47_b_to_a,4,truck__horse,47,b_to_a,horse_shape__truck_texture,3779,6,horse,3942,9,truck,6,horse,9,truck,6304,0.8,False
p04_r48_a_to_b,4,truck__horse,48,a_to_b,truck_shape__horse_texture,1468,9,truck,964,6,horse,9,truck,6,horse,6304,0.8,False
p04_r48_b_to_a,4,truck__horse,48,b_to_a,horse_shape__truck_texture,964,6,horse,1468,9,truck,6,horse,9,truck,6304,0.8,False
p04_r49_a_to_b,4,truck__horse,49,a_to_b,truck_shape__horse_texture,5590,9,truck,5082,6,horse,9,truck,6,horse,6304,0.8,False
p04_r49_b_to_a,4,truck__horse,49,b_to_a,horse_shape__truck_texture,5082,6,horse,5590,9,truck,6,horse,9,truck,6304,0.8,False
p04_r50_a_to_b,4,truck__horse,50,a_to_b,truck_shape__horse_texture,3318,9,truck,545,6,horse,9,truck,6,horse,6304,0.8,False
p04_r50_b_to_a,4,truck__horse,50,b_to_a,horse_shape__truck_texture,545,6,horse,3318,9,truck,6,horse,9,truck,6304,0.8,False
p05_r01_a_to_b,5,bird__monkey,1,a_to_b,bird_shape__monkey_texture,95,1,bird,323,7,monkey,1,bird,7,monkey,6304,0.8,True
p05_r01_b_to_a,5,bird__monkey,1,b_to_a,monkey_shape__bird_texture,323,7,monkey,95,1,bird,7,monkey,1,bird,6304,0.8,True
p05_r02_a_to_b,5,bird__monkey,2,a_to_b,bird_shape__monkey_texture,3937,1,bird,6650,7,monkey,1,bird,7,monkey,6304,0.8,True
p05_r02_b_to_a,5,bird__monkey,2,b_to_a,monkey_shape__bird_texture,6650,7,monkey,3937,1,bird,7,monkey,1,bird,6304,0.8,True
p05_r03_a_to_b,5,bird__monkey,3,a_to_b,bird_shape__monkey_texture,6169,1,bird,6190,7,monkey,1,bird,7,monkey,6304,0.8,True
p05_r03_b_to_a,5,bird__monkey,3,b_to_a,monkey_shape__bird_texture,6190,7,monkey,6169,1,bird,7,monkey,1,bird,6304,0.8,True
p05_r04_a_to_b,5,bird__monkey,4,a_to_b,bird_shape__monkey_texture,5560,1,bird,4661,7,monkey,1,bird,7,monkey,6304,0.8,True
p05_r04_b_to_a,5,bird__monkey,4,b_to_a,monkey_shape__bird_texture,4661,7,monkey,5560,1,bird,7,monkey,1,bird,6304,0.8,True
p05_r05_a_to_b,5,bird__monkey,5,a_to_b,bird_shape__monkey_texture,1115,1,bird,4172,7,monkey,1,bird,7,monkey,6304,0.8,True
p05_r05_b_to_a,5,bird__monkey,5,b_to_a,monkey_shape__bird_texture,4172,7,monkey,1115,1,bird,7,monkey,1,bird,6304,0.8,True
p05_r06_a_to_b,5,bird__monkey,6,a_to_b,bird_shape__monkey_texture,6938,1,bird,1711,7,monkey,1,bird,7,monkey,6304,0.8,True
p05_r06_b_to_a,5,bird__monkey,6,b_to_a,monkey_shape__bird_texture,1711,7,monkey,6938,1,bird,7,monkey,1,bird,6304,0.8,True
p05_r07_a_to_b,5,bird__monkey,7,a_to_b,bird_shape__monkey_texture,1109,1,bird,4403,7,monkey,1,bird,7,monkey,6304,0.8,True
p05_r07_b_to_a,5,bird__monkey,7,b_to_a,monkey_shape__bird_texture,4403,7,monkey,1109,1,bird,7,monkey,1,bird,6304,0.8,True
p05_r08_a_to_b,5,bird__monkey,8,a_to_b,bird_shape__monkey_texture,3550,1,bird,1703,7,monkey,1,bird,7,monkey,6304,0.8,True
p05_r08_b_to_a,5,bird__monkey,8,b_to_a,monkey_shape__bird_texture,1703,7,monkey,3550,1,bird,7,monkey,1,bird,6304,0.8,True
p05_r09_a_to_b,5,bird__monkey,9,a_to_b,bird_shape__monkey_texture,2070,1,bird,1048,7,monkey,1,bird,7,monkey,6304,0.8,True
p05_r09_b_to_a,5,bird__monkey,9,b_to_a,monkey_shape__bird_texture,1048,7,monkey,2070,1,bird,7,monkey,1,bird,6304,0.8,True
p05_r10_a_to_b,5,bird__monkey,10,a_to_b,bird_shape__monkey_texture,4640,1,bird,1287,7,monkey,1,bird,7,monkey,6304,0.8,True
p05_r10_b_to_a,5,bird__monkey,10,b_to_a,monkey_shape__bird_texture,1287,7,monkey,4640,1,bird,7,monkey,1,bird,6304,0.8,True
p05_r11_a_to_b,5,bird__monkey,11,a_to_b,bird_shape__monkey_texture,825,1,bird,1473,7,monkey,1,bird,7,monkey,6304,0.8,True
p05_r11_b_to_a,5,bird__monkey,11,b_to_a,monkey_shape__bird_texture,1473,7,monkey,825,1,bird,7,monkey,1,bird,6304,0.8,True
p05_r12_a_to_b,5,bird__monkey,12,a_to_b,bird_shape__monkey_texture,6594,1,bird,4704,7,monkey,1,bird,7,monkey,6304,0.8,True
p05_r12_b_to_a,5,bird__monkey,12,b_to_a,monkey_shape__bird_texture,4704,7,monkey,6594,1,bird,7,monkey,1,bird,6304,0.8,True
p05_r13_a_to_b,5,bird__monkey,13,a_to_b,bird_shape__monkey_texture,261,1,bird,3467,7,monkey,1,bird,7,monkey,6304,0.8,True
p05_r13_b_to_a,5,bird__monkey,13,b_to_a,monkey_shape__bird_texture,3467,7,monkey,261,1,bird,7,monkey,1,bird,6304,0.8,True
p05_r14_a_to_b,5,bird__monkey,14,a_to_b,bird_shape__monkey_texture,116,1,bird,1296,7,monkey,1,bird,7,monkey,6304,0.8,True
p05_r14_b_to_a,5,bird__monkey,14,b_to_a,monkey_shape__bird_texture,1296,7,monkey,116,1,bird,7,monkey,1,bird,6304,0.8,True
p05_r15_a_to_b,5,bird__monkey,15,a_to_b,bird_shape__monkey_texture,2687,1,bird,5450,7,monkey,1,bird,7,monkey,6304,0.8,True
p05_r15_b_to_a,5,bird__monkey,15,b_to_a,monkey_shape__bird_texture,5450,7,monkey,2687,1,bird,7,monkey,1,bird,6304,0.8,True
p05_r16_a_to_b,5,bird__monkey,16,a_to_b,bird_shape__monkey_texture,5256,1,bird,1579,7,monkey,1,bird,7,monkey,6304,0.8,True
p05_r16_b_to_a,5,bird__monkey,16,b_to_a,monkey_shape__bird_texture,1579,7,monkey,5256,1,bird,7,monkey,1,bird,6304,0.8,True
p05_r17_a_to_b,5,bird__monkey,17,a_to_b,bird_shape__monkey_texture,1568,1,bird,1771,7,monkey,1,bird,7,monkey,6304,0.8,True
p05_r17_b_to_a,5,bird__monkey,17,b_to_a,monkey_shape__bird_texture,1771,7,monkey,1568,1,bird,7,monkey,1,bird,6304,0.8,True
p05_r18_a_to_b,5,bird__monkey,18,a_to_b,bird_shape__monkey_texture,5220,1,bird,29,7,monkey,1,bird,7,monkey,6304,0.8,True
p05_r18_b_to_a,5,bird__monkey,18,b_to_a,monkey_shape__bird_texture,29,7,monkey,5220,1,bird,7,monkey,1,bird,6304,0.8,True
p05_r19_a_to_b,5,bird__monkey,19,a_to_b,bird_shape__monkey_texture,6954,1,bird,1032,7,monkey,1,bird,7,monkey,6304,0.8,True
p05_r19_b_to_a,5,bird__monkey,19,b_to_a,monkey_shape__bird_texture,1032,7,monkey,6954,1,bird,7,monkey,1,bird,6304,0.8,True
p05_r20_a_to_b,5,bird__monkey,20,a_to_b,bird_shape__monkey_texture,2116,1,bird,6772,7,monkey,1,bird,7,monkey,6304,0.8,True
p05_r20_b_to_a,5,bird__monkey,20,b_to_a,monkey_shape__bird_texture,6772,7,monkey,2116,1,bird,7,monkey,1,bird,6304,0.8,True
p05_r21_a_to_b,5,bird__monkey,21,a_to_b,bird_shape__monkey_texture,3491,1,bird,2746,7,monkey,1,bird,7,monkey,6304,0.8,False
p05_r21_b_to_a,5,bird__monkey,21,b_to_a,monkey_shape__bird_texture,2746,7,monkey,3491,1,bird,7,monkey,1,bird,6304,0.8,False
p05_r22_a_to_b,5,bird__monkey,22,a_to_b,bird_shape__monkey_texture,5092,1,bird,1220,7,monkey,1,bird,7,monkey,6304,0.8,False
p05_r22_b_to_a,5,bird__monkey,22,b_to_a,monkey_shape__bird_texture,1220,7,monkey,5092,1,bird,7,monkey,1,bird,6304,0.8,False
p05_r23_a_to_b,5,bird__monkey,23,a_to_b,bird_shape__monkey_texture,3413,1,bird,269,7,monkey,1,bird,7,monkey,6304,0.8,False
p05_r23_b_to_a,5,bird__monkey,23,b_to_a,monkey_shape__bird_texture,269,7,monkey,3413,1,bird,7,monkey,1,bird,6304,0.8,False
p05_r24_a_to_b,5,bird__monkey,24,a_to_b,bird_shape__monkey_texture,1871,1,bird,5719,7,monkey,1,bird,7,monkey,6304,0.8,False
p05_r24_b_to_a,5,bird__monkey,24,b_to_a,monkey_shape__bird_texture,5719,7,monkey,1871,1,bird,7,monkey,1,bird,6304,0.8,False
p05_r25_a_to_b,5,bird__monkey,25,a_to_b,bird_shape__monkey_texture,1852,1,bird,1956,7,monkey,1,bird,7,monkey,6304,0.8,False
p05_r25_b_to_a,5,bird__monkey,25,b_to_a,monkey_shape__bird_texture,1956,7,monkey,1852,1,bird,7,monkey,1,bird,6304,0.8,False
p05_r26_a_to_b,5,bird__monkey,26,a_to_b,bird_shape__monkey_texture,198,1,bird,2854,7,monkey,1,bird,7,monkey,6304,0.8,False
p05_r26_b_to_a,5,bird__monkey,26,b_to_a,monkey_shape__bird_texture,2854,7,monkey,198,1,bird,7,monkey,1,bird,6304,0.8,False
p05_r27_a_to_b,5,bird__monkey,27,a_to_b,bird_shape__monkey_texture,1993,1,bird,4236,7,monkey,1,bird,7,monkey,6304,0.8,False
p05_r27_b_to_a,5,bird__monkey,27,b_to_a,monkey_shape__bird_texture,4236,7,monkey,1993,1,bird,7,monkey,1,bird,6304,0.8,False
p05_r28_a_to_b,5,bird__monkey,28,a_to_b,bird_shape__monkey_texture,1090,1,bird,3404,7,monkey,1,bird,7,monkey,6304,0.8,False
p05_r28_b_to_a,5,bird__monkey,28,b_to_a,monkey_shape__bird_texture,3404,7,monkey,1090,1,bird,7,monkey,1,bird,6304,0.8,False
p05_r29_a_to_b,5,bird__monkey,29,a_to_b,bird_shape__monkey_texture,5488,1,bird,2668,7,monkey,1,bird,7,monkey,6304,0.8,False
p05_r29_b_to_a,5,bird__monkey,29,b_to_a,monkey_shape__bird_texture,2668,7,monkey,5488,1,bird,7,monkey,1,bird,6304,0.8,False
p05_r30_a_to_b,5,bird__monkey,30,a_to_b,bird_shape__monkey_texture,4298,1,bird,1440,7,monkey,1,bird,7,monkey,6304,0.8,False
p05_r30_b_to_a,5,bird__monkey,30,b_to_a,monkey_shape__bird_texture,1440,7,monkey,4298,1,bird,7,monkey,1,bird,6304,0.8,False
p05_r31_a_to_b,5,bird__monkey,31,a_to_b,bird_shape__monkey_texture,6733,1,bird,7270,7,monkey,1,bird,7,monkey,6304,0.8,False
p05_r31_b_to_a,5,bird__monkey,31,b_to_a,monkey_shape__bird_texture,7270,7,monkey,6733,1,bird,7,monkey,1,bird,6304,0.8,False
p05_r32_a_to_b,5,bird__monkey,32,a_to_b,bird_shape__monkey_texture,2157,1,bird,4308,7,monkey,1,bird,7,monkey,6304,0.8,False
p05_r32_b_to_a,5,bird__monkey,32,b_to_a,monkey_shape__bird_texture,4308,7,monkey,2157,1,bird,7,monkey,1,bird,6304,0.8,False
p05_r33_a_to_b,5,bird__monkey,33,a_to_b,bird_shape__monkey_texture,6836,1,bird,5436,7,monkey,1,bird,7,monkey,6304,0.8,False
p05_r33_b_to_a,5,bird__monkey,33,b_to_a,monkey_shape__bird_texture,5436,7,monkey,6836,1,bird,7,monkey,1,bird,6304,0.8,False
p05_r34_a_to_b,5,bird__monkey,34,a_to_b,bird_shape__monkey_texture,2178,1,bird,3446,7,monkey,1,bird,7,monkey,6304,0.8,False
p05_r34_b_to_a,5,bird__monkey,34,b_to_a,monkey_shape__bird_texture,3446,7,monkey,2178,1,bird,7,monkey,1,bird,6304,0.8,False
p05_r35_a_to_b,5,bird__monkey,35,a_to_b,bird_shape__monkey_texture,5123,1,bird,4748,7,monkey,1,bird,7,monkey,6304,0.8,False
p05_r35_b_to_a,5,bird__monkey,35,b_to_a,monkey_shape__bird_texture,4748,7,monkey,5123,1,bird,7,monkey,1,bird,6304,0.8,False
p05_r36_a_to_b,5,bird__monkey,36,a_to_b,bird_shape__monkey_texture,7390,1,bird,1927,7,monkey,1,bird,7,monkey,6304,0.8,False
p05_r36_b_to_a,5,bird__monkey,36,b_to_a,monkey_shape__bird_texture,1927,7,monkey,7390,1,bird,7,monkey,1,bird,6304,0.8,False
p05_r37_a_to_b,5,bird__monkey,37,a_to_b,bird_shape__monkey_texture,7955,1,bird,3867,7,monkey,1,bird,7,monkey,6304,0.8,False
p05_r37_b_to_a,5,bird__monkey,37,b_to_a,monkey_shape__bird_texture,3867,7,monkey,7955,1,bird,7,monkey,1,bird,6304,0.8,False
p05_r38_a_to_b,5,bird__monkey,38,a_to_b,bird_shape__monkey_texture,3079,1,bird,5977,7,monkey,1,bird,7,monkey,6304,0.8,False
p05_r38_b_to_a,5,bird__monkey,38,b_to_a,monkey_shape__bird_texture,5977,7,monkey,3079,1,bird,7,monkey,1,bird,6304,0.8,False
p05_r39_a_to_b,5,bird__monkey,39,a_to_b,bird_shape__monkey_texture,1230,1,bird,7835,7,monkey,1,bird,7,monkey,6304,0.8,False
p05_r39_b_to_a,5,bird__monkey,39,b_to_a,monkey_shape__bird_texture,7835,7,monkey,1230,1,bird,7,monkey,1,bird,6304,0.8,False
p05_r40_a_to_b,5,bird__monkey,40,a_to_b,bird_shape__monkey_texture,7033,1,bird,2501,7,monkey,1,bird,7,monkey,6304,0.8,False
p05_r40_b_to_a,5,bird__monkey,40,b_to_a,monkey_shape__bird_texture,2501,7,monkey,7033,1,bird,7,monkey,1,bird,6304,0.8,False
p05_r41_a_to_b,5,bird__monkey,41,a_to_b,bird_shape__monkey_texture,1986,1,bird,6726,7,monkey,1,bird,7,monkey,6304,0.8,False
p05_r41_b_to_a,5,bird__monkey,41,b_to_a,monkey_shape__bird_texture,6726,7,monkey,1986,1,bird,7,monkey,1,bird,6304,0.8,False
p05_r42_a_to_b,5,bird__monkey,42,a_to_b,bird_shape__monkey_texture,6805,1,bird,5848,7,monkey,1,bird,7,monkey,6304,0.8,False
p05_r42_b_to_a,5,bird__monkey,42,b_to_a,monkey_shape__bird_texture,5848,7,monkey,6805,1,bird,7,monkey,1,bird,6304,0.8,False
p05_r43_a_to_b,5,bird__monkey,43,a_to_b,bird_shape__monkey_texture,7202,1,bird,370,7,monkey,1,bird,7,monkey,6304,0.8,False
p05_r43_b_to_a,5,bird__monkey,43,b_to_a,monkey_shape__bird_texture,370,7,monkey,7202,1,bird,7,monkey,1,bird,6304,0.8,False
p05_r44_a_to_b,5,bird__monkey,44,a_to_b,bird_shape__monkey_texture,2095,1,bird,4791,7,monkey,1,bird,7,monkey,6304,0.8,False
p05_r44_b_to_a,5,bird__monkey,44,b_to_a,monkey_shape__bird_texture,4791,7,monkey,2095,1,bird,7,monkey,1,bird,6304,0.8,False
p05_r45_a_to_b,5,bird__monkey,45,a_to_b,bird_shape__monkey_texture,1436,1,bird,7081,7,monkey,1,bird,7,monkey,6304,0.8,False
p05_r45_b_to_a,5,bird__monkey,45,b_to_a,monkey_shape__bird_texture,7081,7,monkey,1436,1,bird,7,monkey,1,bird,6304,0.8,False
p05_r46_a_to_b,5,bird__monkey,46,a_to_b,bird_shape__monkey_texture,6349,1,bird,3288,7,monkey,1,bird,7,monkey,6304,0.8,False
p05_r46_b_to_a,5,bird__monkey,46,b_to_a,monkey_shape__bird_texture,3288,7,monkey,6349,1,bird,7,monkey,1,bird,6304,0.8,False
p05_r47_a_to_b,5,bird__monkey,47,a_to_b,bird_shape__monkey_texture,7029,1,bird,3153,7,monkey,1,bird,7,monkey,6304,0.8,False
p05_r47_b_to_a,5,bird__monkey,47,b_to_a,monkey_shape__bird_texture,3153,7,monkey,7029,1,bird,7,monkey,1,bird,6304,0.8,False
p05_r48_a_to_b,5,bird__monkey,48,a_to_b,bird_shape__monkey_texture,2690,1,bird,6084,7,monkey,1,bird,7,monkey,6304,0.8,False
p05_r48_b_to_a,5,bird__monkey,48,b_to_a,monkey_shape__bird_texture,6084,7,monkey,2690,1,bird,7,monkey,1,bird,6304,0.8,False
p05_r49_a_to_b,5,bird__monkey,49,a_to_b,bird_shape__monkey_texture,6076,1,bird,1884,7,monkey,1,bird,7,monkey,6304,0.8,False
p05_r49_b_to_a,5,bird__monkey,49,b_to_a,monkey_shape__bird_texture,1884,7,monkey,6076,1,bird,7,monkey,1,bird,6304,0.8,False
p05_r50_a_to_b,5,bird__monkey,50,a_to_b,bird_shape__monkey_texture,304,1,bird,3542,7,monkey,1,bird,7,monkey,6304,0.8,False
p05_r50_b_to_a,5,bird__monkey,50,b_to_a,monkey_shape__bird_texture,3542,7,monkey,304,1,bird,7,monkey,1,bird,6304,0.8,False
