predictor,candidate_id,pair_name,direction,schedule_rank,content_official_index,style_official_index,shape_class_id,shape_class_name,texture_class_id,texture_class_name,predicted_class_id,predicted_class_name,decision,maximum_confidence,output_sha256
clip_vit_b_32_zero_shot,p01_r01_a_to_b,airplane__cat,airplane_shape__cat_texture,1,6455,7797,0,airplane,3,cat,8,ship,other,0.49905914068222046,207a057a312f0b11d280a6201893be22043693f56e1222fc7bf5e3047378b20f
clip_vit_b_32_zero_shot,p01_r03_a_to_b,airplane__cat,airplane_shape__cat_texture,3,4130,672,0,airplane,3,cat,1,bird,other,0.7503454685211182,3d5f80103987041c6ff9454cde9ca5d60b696f4264c7c6b3e68471a04c9d10cf
clip_vit_b_32_zero_shot,p01_r04_a_to_b,airplane__cat,airplane_shape__cat_texture,4,2024,1204,0,airplane,3,cat,4,deer,other,0.27548548579216003,83840dd60ccee71f3e167b0f30cb2d18a79856650c4c48df24e5adb31f0edb72
clip_vit_b_32_zero_shot,p01_r06_a_to_b,airplane__cat,airplane_shape__cat_texture,6,7150,4609,0,airplane,3,cat,0,airplane,shape,0.7014819383621216,74a77eb5edef832ce9325b7671b6f89d3e0173ba11bcac51dd4518ac49d36540
clip_vit_b_32_zero_shot,p01_r07_a_to_b,airplane__cat,airplane_shape__cat_texture,7,7372,3562,0,airplane,3,cat,1,bird,other,0.8543003797531128,38bb9b055fb1e01b43eef529f6b1ba6e3a38d4073b73bea479d24a1fc28f5112
clip_vit_b_32_zero_shot,p01_r09_a_to_b,airplane__cat,airplane_shape__cat_texture,9,7009,1401,0,airplane,3,cat,0,airplane,shape,0.6371905207633972,7153343b405983c6d7c6ea01e3c26d73720dae8ff9bbaa2093c149ca526384fc
clip_vit_b_32_zero_shot,p01_r11_a_to_b,airplane__cat,airplane_shape__cat_texture,11,3437,4821,0,airplane,3,cat,8,ship,other,0.7795010209083557,af6815938e27448f9b2ad0f74813dcb3099932fab3b17d14faebd5712a2631c9
clip_vit_b_32_zero_shot,p01_r12_a_to_b,airplane__cat,airplane_shape__cat_texture,12,4615,6952,0,airplane,3,cat,0,airplane,shape,0.9414530992507935,6f6f431075b5ccc793218e6c48d07051bf8fa2751d9cad53042b8636cdb11350
clip_vit_b_32_zero_shot,p01_r14_a_to_b,airplane__cat,airplane_shape__cat_texture,14,5999,372,0,airplane,3,cat,0,airplane,shape,0.46474355459213257,d3d4049b7847df074ba9e558e5756fce233ac2275aade4ece010a59831b4e499
clip_vit_b_32_zero_shot,p01_r15_a_to_b,airplane__cat,airplane_shape__cat_texture,15,4675,1431,0,airplane,3,cat,0,airplane,shape,0.9420127272605896,2aa2968f9dfee7a864e7d5ec73a02e26ff7a08f30038b3eb93dc44dbc551c339
clip_vit_b_32_zero_shot,p01_r16_a_to_b,airplane__cat,airplane_shape__cat_texture,16,4785,7793,0,airplane,3,cat,6,horse,other,0.3984222710132599,07cbc3de7e52dcf670cdad226df2c200449f1d5b855f70a9a46afb8701a337b0
clip_vit_b_32_zero_shot,p01_r18_a_to_b,airplane__cat,airplane_shape__cat_texture,18,1175,738,0,airplane,3,cat,0,airplane,shape,0.9338294863700867,a03ba80be9f0648b9e79d19dfe7cfabf677d053d0add1aa3f26368a7bcb80aba
clip_vit_b_32_zero_shot,p01_r19_a_to_b,airplane__cat,airplane_shape__cat_texture,19,1648,2754,0,airplane,3,cat,0,airplane,shape,0.7648173570632935,047f0516711221f88a4dfd7cfad0f32c3f13189b7c89fdd300f7d94f9e6bf88f
clip_vit_b_32_zero_shot,p01_r21_a_to_b,airplane__cat,airplane_shape__cat_texture,21,4893,7744,0,airplane,3,cat,1,bird,other,0.7023230195045471,eeb23e1a267d93d795d419e669d39d3c32c0ac59a0ac6e82ffb341abbf01f5a4
clip_vit_b_32_zero_shot,p01_r22_a_to_b,airplane__cat,airplane_shape__cat_texture,22,1977,365,0,airplane,3,cat,0,airplane,shape,0.5475530624389648,35d8510a11163597b671cc14fde912f05f8d8b8f2698ccbdbd7e15a7036f8bc4
clip_vit_b_32_zero_shot,p01_r23_a_to_b,airplane__cat,airplane_shape__cat_texture,23,6986,4531,0,airplane,3,cat,0,airplane,shape,0.7208743095397949,d75b223219b6933a723705f9682e7f0e02b16d8c6e07d9397f15dfbeae6e6377
clip_vit_b_32_zero_shot,p01_r24_a_to_b,airplane__cat,airplane_shape__cat_texture,24,7634,632,0,airplane,3,cat,0,airplane,shape,0.28345197439193726,ece3bf0b71752725de3494a8ca00d6dce6a50c0b3fa7d35a1622818ccfe2cf4e
clip_vit_b_32_zero_shot,p01_r25_a_to_b,airplane__cat,airplane_shape__cat_texture,25,6844,4023,0,airplane,3,cat,0,airplane,shape,0.6103191375732422,ed243b8ac4a876878ea60eae31fca6a7be29b017ef4fc1a02be7d5a784dd0329
clip_vit_b_32_zero_shot,p01_r26_a_to_b,airplane__cat,airplane_shape__cat_texture,26,81,176,0,airplane,3,cat,0,airplane,shape,0.9258551597595215,bf92c3d575883bdd3be1f0169e74b0ecec7bb814dfed58375af869682d01099a
clip_vit_b_32_zero_shot,p01_r27_a_to_b,airplane__cat,airplane_shape__cat_texture,27,3965,3851,0,airplane,3,cat,0,airplane,shape,0.802562415599823,52b7029af47cc87e0137fb94057b533e6076e02b74ff32fc06be9fbed899dac1
clip_vit_b_32_zero_shot,p01_r04_b_to_a,airplane__cat,cat_shape__airplane_texture,4,1204,2024,3,cat,0,airplane,3,cat,shape,0.28522321581840515,8e30fddd88da425dca17efd3046172baedee1c781b8f0d9f439b2f58636d85f2
clip_vit_b_32_zero_shot,p01_r05_b_to_a,airplane__cat,cat_shape__airplane_texture,5,4229,3,3,cat,0,airplane,3,cat,shape,0.590876579284668,c6b6888c2d09d35795387460fc17af4b7f99df7e39ed2f7221b4c95804e8c2ac
clip_vit_b_32_zero_shot,p01_r08_b_to_a,airplane__cat,cat_shape__airplane_texture,8,5528,42,3,cat,0,airplane,1,bird,other,0.4087376594543457,d737479bbdd49e9350041a912916143c118dd57e0095aaf46429714cfd701527
clip_vit_b_32_zero_shot,p01_r09_b_to_a,airplane__cat,cat_shape__airplane_texture,9,1401,7009,3,cat,0,airplane,5,dog,other,0.22215498983860016,c6f1a0f65ed9778fc68d136fe0fb6781b574546bc53b87cce2f3e1707da18d3b
clip_vit_b_32_zero_shot,p01_r11_b_to_a,airplane__cat,cat_shape__airplane_texture,11,4821,3437,3,cat,0,airplane,3,cat,shape,0.27240586280822754,32e40ad62967879eea6649625372d34540f36390dae7c5e239a542a5ae38f077
clip_vit_b_32_zero_shot,p01_r12_b_to_a,airplane__cat,cat_shape__airplane_texture,12,6952,4615,3,cat,0,airplane,1,bird,other,0.3470422923564911,5da748d8044b2c8e624fd29d01e8aecd3ff2e559b03fcddaf4e72964c5e64b2c
clip_vit_b_32_zero_shot,p01_r14_b_to_a,airplane__cat,cat_shape__airplane_texture,14,372,5999,3,cat,0,airplane,1,bird,other,0.6311177015304565,ed2d83ccf5b906bafaa33e81ad146d2bd264a8fb21f0cea1b2005900bea290e1
clip_vit_b_32_zero_shot,p01_r17_b_to_a,airplane__cat,cat_shape__airplane_texture,17,4908,4617,3,cat,0,airplane,1,bird,other,0.743747353553772,be63f6824cdb5d034b5ff14f697c617fd68c437c1fd00f5c738fe0f241247e78
clip_vit_b_32_zero_shot,p01_r19_b_to_a,airplane__cat,cat_shape__airplane_texture,19,2754,1648,3,cat,0,airplane,3,cat,shape,0.696946382522583,00a1079e379eb4a5e7ed20e5fecc12e17a81fc21c295d93b05bc0459fc9e2b15
clip_vit_b_32_zero_shot,p01_r24_b_to_a,airplane__cat,cat_shape__airplane_texture,24,632,7634,3,cat,0,airplane,3,cat,shape,0.3768313527107239,ca123cc5b137ce76c537db60408e3a0bc766103e83bf351359a6e63a594d757a
clip_vit_b_32_zero_shot,p01_r25_b_to_a,airplane__cat,cat_shape__airplane_texture,25,4023,6844,3,cat,0,airplane,1,bird,other,0.6119703054428101,1f2b40755378698ce43c0500a98d207f1610d396bc18f1f7eaabe58416e31a08
clip_vit_b_32_zero_shot,p01_r26_b_to_a,airplane__cat,cat_shape__airplane_texture,26,176,81,3,cat,0,airplane,2,car,other,0.19386427104473114,d15ede1f4072c32c12ede23850ff67cc229e56ef7283b2f1f57d9a3e3895d523
clip_vit_b_32_zero_shot,p01_r27_b_to_a,airplane__cat,cat_shape__airplane_texture,27,3851,3965,3,cat,0,airplane,3,cat,shape,0.9526483416557312,b36ee420d4181616951d84f8b283fe40d9593410896bf0cc29865bbecb23c753
clip_vit_b_32_zero_shot,p01_r28_b_to_a,airplane__cat,cat_shape__airplane_texture,28,391,3455,3,cat,0,airplane,3,cat,shape,0.9574648141860962,e9b5366c621539bd991c35768e721690c9fa60b2e800912847d046c7adc804fc
clip_vit_b_32_zero_shot,p01_r30_b_to_a,airplane__cat,cat_shape__airplane_texture,30,4463,1389,3,cat,0,airplane,3,cat,shape,0.3125762939453125,f8f268684decbf3e6c39a09d302c2f795a20ba16c82e17c2ad3e1e612dab7ee0
clip_vit_b_32_zero_shot,p01_r31_b_to_a,airplane__cat,cat_shape__airplane_texture,31,3375,7465,3,cat,0,airplane,1,bird,other,0.33270156383514404,bc44d84450f83b957f3c2ec22c676525b033d94655e6daeb2a8a99167d56c08a
clip_vit_b_32_zero_shot,p01_r32_b_to_a,airplane__cat,cat_shape__airplane_texture,32,1370,6437,3,cat,0,airplane,3,cat,shape,0.9373999238014221,7fa55b02243baa3c305845efacf082271a72e37742af1664a5b06d695200a1cd
clip_vit_b_32_zero_shot,p01_r33_b_to_a,airplane__cat,cat_shape__airplane_texture,33,2539,484,3,cat,0,airplane,1,bird,other,0.33046022057533264,c8ba983b2e9dbe74a718ca45bdb71315e4c00ad4fff7a98e834e05c92be498ab
clip_vit_b_32_zero_shot,p01_r34_b_to_a,airplane__cat,cat_shape__airplane_texture,34,979,7320,3,cat,0,airplane,3,cat,shape,0.9073660373687744,689b4d21c92742665e3b0dc2532b111d81b00fb742c652f0c4ed95281ac21ec7
clip_vit_b_32_zero_shot,p01_r35_b_to_a,airplane__cat,cat_shape__airplane_texture,35,4590,5117,3,cat,0,airplane,3,cat,shape,0.54189532995224,17ee755e062ac811eabdd3cb6ce45b0efe09ee81b4e23c6980081eccb50c05c3
clip_vit_b_32_zero_shot,p02_r01_a_to_b,car__deer,car_shape__deer_texture,1,3067,2757,2,car,4,deer,2,car,shape,0.9621762037277222,1dfec0b58bc767dec53d605feb6fbddc351585787f614d820348e9127d3f9309
clip_vit_b_32_zero_shot,p02_r02_a_to_b,car__deer,car_shape__deer_texture,2,3362,691,2,car,4,deer,2,car,shape,0.9717046618461609,62d3d8ce7aee06434391b4e9af4884ceef13c6583cc64f5aecdbc8e0b2af4161
clip_vit_b_32_zero_shot,p02_r03_a_to_b,car__deer,car_shape__deer_texture,3,6244,6288,2,car,4,deer,2,car,shape,0.8921892046928406,ed4f54a15a2cb43f53c2354f51412d0fa743bf719f5c6e1f108259435b931345
clip_vit_b_32_zero_shot,p02_r04_a_to_b,car__deer,car_shape__deer_texture,4,6271,3287,2,car,4,deer,2,car,shape,0.9743391275405884,8ce5fa970abe6971b5fb7793842d553b2db26baecc63487b65b1779ca64f2f85
clip_vit_b_32_zero_shot,p02_r05_a_to_b,car__deer,car_shape__deer_texture,5,317,3512,2,car,4,deer,2,car,shape,0.9940119385719299,5087f59cf45cb341c09714267f67e710f77402733501b99b2a8efbc995ad1cb0
clip_vit_b_32_zero_shot,p02_r06_a_to_b,car__deer,car_shape__deer_texture,6,1202,4629,2,car,4,deer,2,car,shape,0.9893754720687866,6b7ffd971317cebb97b6c0c55d735066c0e19f00518b24df4403de58e7e2264b
clip_vit_b_32_zero_shot,p02_r07_a_to_b,car__deer,car_shape__deer_texture,7,4921,3122,2,car,4,deer,2,car,shape,0.9485713243484497,3e35055b0b0e29459a1ef521595c89f276d2a1911da0da549a96990423accdbb
clip_vit_b_32_zero_shot,p02_r08_a_to_b,car__deer,car_shape__deer_texture,8,6264,3458,2,car,4,deer,2,car,shape,0.9900162816047668,120914dc6f57c994100342b6aa76f4007d1fde4e0f173555239fe0031327f4bb
clip_vit_b_32_zero_shot,p02_r09_a_to_b,car__deer,car_shape__deer_texture,9,6426,7864,2,car,4,deer,2,car,shape,0.988358199596405,d3c775f09c415ee29cf893ee3c5fd542cda796be572b6bfeb6003c899b400b13
clip_vit_b_32_zero_shot,p02_r10_a_to_b,car__deer,car_shape__deer_texture,10,470,7475,2,car,4,deer,2,car,shape,0.9638952612876892,1e5ed5f8d7f04b0685db381c3d7a8f125367f707a07f86bc67484b9a83ea5b87
clip_vit_b_32_zero_shot,p02_r11_a_to_b,car__deer,car_shape__deer_texture,11,1839,6528,2,car,4,deer,2,car,shape,0.988222062587738,5674029517c9e823e263f6e50cae088a1c70ee9f94e16f0fe71b8d416c616c09
clip_vit_b_32_zero_shot,p02_r13_a_to_b,car__deer,car_shape__deer_texture,13,5237,5789,2,car,4,deer,2,car,shape,0.7763519883155823,92a2637b595c9fc56748b239f51348fd3356a8ac12559418cb371afbc1d00363
clip_vit_b_32_zero_shot,p02_r14_a_to_b,car__deer,car_shape__deer_texture,14,409,5135,2,car,4,deer,2,car,shape,0.973716676235199,4f3c4e9c2e6b2d7cdd6c0c4c72ae216fd27ab3d68262edb8847f1e483b027c08
clip_vit_b_32_zero_shot,p02_r15_a_to_b,car__deer,car_shape__deer_texture,15,6616,7940,2,car,4,deer,2,car,shape,0.8841180801391602,3a78e0434373657a8cc25702715ee1ed35afb10e2a2779b3136c14fd0445af37
clip_vit_b_32_zero_shot,p02_r16_a_to_b,car__deer,car_shape__deer_texture,16,7084,5062,2,car,4,deer,2,car,shape,0.7047824263572693,23c83cbccb5e847d8f768b11fc8354039272c67cfc98b8fdd444ef7a590cb433
clip_vit_b_32_zero_shot,p02_r18_a_to_b,car__deer,car_shape__deer_texture,18,6028,5623,2,car,4,deer,2,car,shape,0.9905955791473389,1187d5d7afa89ecce3dd9835f75d63c0bb78d7452a6908ab04d6ff2857730d70
clip_vit_b_32_zero_shot,p02_r19_a_to_b,car__deer,car_shape__deer_texture,19,6692,3365,2,car,4,deer,2,car,shape,0.9158135056495667,987238ab2c9f95e84b97e09ec495be4e98d2afea7d24f59610a377fe4c2d2567
clip_vit_b_32_zero_shot,p02_r20_a_to_b,car__deer,car_shape__deer_texture,20,2392,3763,2,car,4,deer,2,car,shape,0.9613131880760193,12aefe7bb5104c4b970b76d376dd464bc499a77964fab000dffa43be32af3b04
clip_vit_b_32_zero_shot,p02_r21_a_to_b,car__deer,car_shape__deer_texture,21,483,7610,2,car,4,deer,2,car,shape,0.9598188996315002,1cb6b35f3fef741f8e10e9e9eb94d161d11b35ed55fc8555e9bef980105e3541
clip_vit_b_32_zero_shot,p02_r22_a_to_b,car__deer,car_shape__deer_texture,22,4735,3179,2,car,4,deer,2,car,shape,0.9256123304367065,26cbb9c7836ebb8df69bfad3e82e89317a259e5c523528ac6723b3aa64dab8b6
clip_vit_b_32_zero_shot,p02_r02_b_to_a,car__deer,deer_shape__car_texture,2,691,3362,4,deer,2,car,4,deer,shape,0.9475036263465881,ff0ce433f2b1452ed8a242eb8b4e293326a6f8a1d227b0782ddd864e64c295ea
clip_vit_b_32_zero_shot,p02_r03_b_to_a,car__deer,deer_shape__car_texture,3,6288,6244,4,deer,2,car,4,deer,shape,0.9865828156471252,0fc0bfdb0c0a2e9e7281e06cc3329e413be7ea9b2ca8ec23e34aa53d9f5981d7
clip_vit_b_32_zero_shot,p02_r04_b_to_a,car__deer,deer_shape__car_texture,4,3287,6271,4,deer,2,car,4,deer,shape,0.6789053082466125,1af533df096d05889513df4911072355044ba862a0f3dc284476d2ff9a6edec5
clip_vit_b_32_zero_shot,p02_r05_b_to_a,car__deer,deer_shape__car_texture,5,3512,317,4,deer,2,car,4,deer,shape,0.9174814224243164,ac9b090cb7308802c1c7455536784927f33b41a272c4b2f5eae561f76f7c70ed
clip_vit_b_32_zero_shot,p02_r08_b_to_a,car__deer,deer_shape__car_texture,8,3458,6264,4,deer,2,car,4,deer,shape,0.9962422847747803,0e6113f02b449d66d8654f88f5cf81ef5c61047f49c0eaa3bf4c05e69c1e51bb
clip_vit_b_32_zero_shot,p02_r09_b_to_a,car__deer,deer_shape__car_texture,9,7864,6426,4,deer,2,car,1,bird,other,0.6033110618591309,0f72bbc37edc350cc88b511cd2669171389719f7c65df5183dad05b18e867a79
clip_vit_b_32_zero_shot,p02_r10_b_to_a,car__deer,deer_shape__car_texture,10,7475,470,4,deer,2,car,6,horse,other,0.44740039110183716,5fa09a53e0256064614bbcbb3dfca3617e32352b981136a9ac08a3fa1fb2b427
clip_vit_b_32_zero_shot,p02_r12_b_to_a,car__deer,deer_shape__car_texture,12,171,1403,4,deer,2,car,4,deer,shape,0.915816605091095,cb59ccbf38a61ad8bd242509c81a86eabfcd50954726b8256d7eeb201795c555
clip_vit_b_32_zero_shot,p02_r14_b_to_a,car__deer,deer_shape__car_texture,14,5135,409,4,deer,2,car,0,airplane,other,0.4737975299358368,e3573e74174d6af073087307a21ecbda973c851c1641bcb05b97b54cad289ec3
clip_vit_b_32_zero_shot,p02_r15_b_to_a,car__deer,deer_shape__car_texture,15,7940,6616,4,deer,2,car,4,deer,shape,0.7346588969230652,b6705b4fbfe83e7ce987b5b61be815399c576bdb8294f2229429aee1b4dfe1dc
clip_vit_b_32_zero_shot,p02_r16_b_to_a,car__deer,deer_shape__car_texture,16,5062,7084,4,deer,2,car,4,deer,shape,0.9956194758415222,1d50d054d5c218ec1147028b8dbdfbbe2d84921c1041319ff66e009eab69eae6
clip_vit_b_32_zero_shot,p02_r18_b_to_a,car__deer,deer_shape__car_texture,18,5623,6028,4,deer,2,car,4,deer,shape,0.8725407123565674,b8bcf5252bec21e3db4049e6ea5acb7688ca276e1a412cdd00024b54d55e3388
clip_vit_b_32_zero_shot,p02_r19_b_to_a,car__deer,deer_shape__car_texture,19,3365,6692,4,deer,2,car,4,deer,shape,0.9854966998100281,b420b2a65276ec23b89d85249e3f866206c91e54952d1ec2c42fb0d43fc9a030
clip_vit_b_32_zero_shot,p02_r20_b_to_a,car__deer,deer_shape__car_texture,20,3763,2392,4,deer,2,car,4,deer,shape,0.8929489254951477,516efac8282b982e1186e007454daf9e455b08e2f3c04e8020fd25c98e7dd71f
clip_vit_b_32_zero_shot,p02_r21_b_to_a,car__deer,deer_shape__car_texture,21,7610,483,4,deer,2,car,6,horse,other,0.9577171206474304,b5145313e39a1be7b6763a6684c42b6cccd195d2193c613bc95fbb778089066e
clip_vit_b_32_zero_shot,p02_r22_b_to_a,car__deer,deer_shape__car_texture,22,3179,4735,4,deer,2,car,4,deer,shape,0.9921212196350098,d7f868c9a05320b2b673e2b2c4910ca2f9c1a0ba47261d7a7262e1517e306634
clip_vit_b_32_zero_shot,p02_r23_b_to_a,car__deer,deer_shape__car_texture,23,5077,1586,4,deer,2,car,4,deer,shape,0.9304618835449219,c3a5cd3ba34f29d7059eb8ac3413d62399b7a43eab777f8e1d3a7d343066cc5d
clip_vit_b_32_zero_shot,p02_r25_b_to_a,car__deer,deer_shape__car_texture,25,1111,5824,4,deer,2,car,4,deer,shape,0.9940829873085022,85ef06b150c010db0ea359e2a88979cffd5e7d76c0edc9e207188d5f00297b32
clip_vit_b_32_zero_shot,p02_r26_b_to_a,car__deer,deer_shape__car_texture,26,5213,5183,4,deer,2,car,4,deer,shape,0.8869481086730957,fb2f93e4f1ca58dfefc8e9fcdb7ef06fecda67a3b09db76ba73ea85aa585bcb4
clip_vit_b_32_zero_shot,p02_r27_b_to_a,car__deer,deer_shape__car_texture,27,6097,2502,4,deer,2,car,4,deer,shape,0.8075190186500549,3800469645023c8a689d2da6a40276088ce6a504ea438d2a31aa83089c6ca627
clip_vit_b_32_zero_shot,p03_r01_a_to_b,ship__dog,ship_shape__dog_texture,1,5525,319,8,ship,5,dog,8,ship,shape,0.876745879650116,5b9509cae519e150f0886f29817c63d57577aec189c76d47ced096f9cfeb0add
clip_vit_b_32_zero_shot,p03_r02_a_to_b,ship__dog,ship_shape__dog_texture,2,7875,2391,8,ship,5,dog,8,ship,shape,0.9882721304893494,651b4315b71ad7bb716fdca4225d992e9aa6247f5f379dc55e9a31c94da94ddc
clip_vit_b_32_zero_shot,p03_r03_a_to_b,ship__dog,ship_shape__dog_texture,3,706,5381,8,ship,5,dog,8,ship,shape,0.9957916736602783,3560e009012eac2eb2c80e1a8254379ea482f3d2224e5e8eca4df1f62d3ca6b5
clip_vit_b_32_zero_shot,p03_r05_a_to_b,ship__dog,ship_shape__dog_texture,5,3412,6358,8,ship,5,dog,8,ship,shape,0.9974086880683899,051cad63f01fc63a3ee4a61c5d56e330ef0e37b85e6c75230aa2114692998e89
clip_vit_b_32_zero_shot,p03_r06_a_to_b,ship__dog,ship_shape__dog_texture,6,667,97,8,ship,5,dog,8,ship,shape,0.9813242554664612,8847240b519e1a1ee34596e4fe486d3be15ea0810d1b19124d72228b56cef0fe
clip_vit_b_32_zero_shot,p03_r07_a_to_b,ship__dog,ship_shape__dog_texture,7,7818,6224,8,ship,5,dog,8,ship,shape,0.37105709314346313,0a065deb0cc4d7127cde66e9bfe7f38917f18bb0ce35fb1f7d126698126a135e
clip_vit_b_32_zero_shot,p03_r10_a_to_b,ship__dog,ship_shape__dog_texture,10,2109,7706,8,ship,5,dog,8,ship,shape,0.9977464079856873,6a3da85ba4360a63853e92ef3445f1dadbd8568636d578cb806815f6c0877219
clip_vit_b_32_zero_shot,p03_r11_a_to_b,ship__dog,ship_shape__dog_texture,11,6434,2950,8,ship,5,dog,8,ship,shape,0.9852269887924194,1455e1650f7808003a153ced689b8c719882d638ff6443356ef6b5220ab7a3ba
clip_vit_b_32_zero_shot,p03_r12_a_to_b,ship__dog,ship_shape__dog_texture,12,4662,4290,8,ship,5,dog,8,ship,shape,0.9845300912857056,db20621d3dce78c5ab5d693d0079edb08ef7fbdb1194d99411b4ee3a4ce45070
clip_vit_b_32_zero_shot,p03_r13_a_to_b,ship__dog,ship_shape__dog_texture,13,1640,7130,8,ship,5,dog,8,ship,shape,0.9834523797035217,e96158b1a72aba06f6dc6e082bd4c6257bd21581234cca6a9a94b84e14bd8b76
clip_vit_b_32_zero_shot,p03_r14_a_to_b,ship__dog,ship_shape__dog_texture,14,5451,5924,8,ship,5,dog,8,ship,shape,0.9451769590377808,c48547e19c597d8aa676c37712e113d97b232f26cc01d02c66521d72d9f1a33c
clip_vit_b_32_zero_shot,p03_r15_a_to_b,ship__dog,ship_shape__dog_texture,15,4990,6414,8,ship,5,dog,8,ship,shape,0.5921313166618347,f75b6dc29eb31c329ff78bc8774037760efa3efa0f3ae6291e82e3760902bea6
clip_vit_b_32_zero_shot,p03_r16_a_to_b,ship__dog,ship_shape__dog_texture,16,5694,6922,8,ship,5,dog,9,truck,other,0.26374825835227966,391e77623d5731cb8cb0561355a0d06f663dc779117c78340b7ae59d001056ce
clip_vit_b_32_zero_shot,p03_r17_a_to_b,ship__dog,ship_shape__dog_texture,17,1783,2766,8,ship,5,dog,8,ship,shape,0.9970842003822327,f13ab0c812e72ccb7c0bfc2cc055763ec202a2a50933e0bc522c8c064728b95f
clip_vit_b_32_zero_shot,p03_r18_a_to_b,ship__dog,ship_shape__dog_texture,18,2340,1095,8,ship,5,dog,8,ship,shape,0.596109926700592,b11d7cf455198e5ff7fdfbfec051040edccdbb5193b47057d1add983cc0847e3
clip_vit_b_32_zero_shot,p03_r19_a_to_b,ship__dog,ship_shape__dog_texture,19,2745,4953,8,ship,5,dog,8,ship,shape,0.9590898156166077,6090f721e41d7b730d625f4b703b26cb7a9327b83d5bb170106b59a998935a0c
clip_vit_b_32_zero_shot,p03_r20_a_to_b,ship__dog,ship_shape__dog_texture,20,2844,645,8,ship,5,dog,8,ship,shape,0.7683008909225464,d3673c55e211b47c359bfaa6cc08f492a9aa8865e98ad14dfd03e30e72430db5
clip_vit_b_32_zero_shot,p03_r21_a_to_b,ship__dog,ship_shape__dog_texture,21,4242,6989,8,ship,5,dog,8,ship,shape,0.9001071453094482,3e484e0f84d6170b3425e8a75fbe67e8d91e8b14598dadb1b16c6582f8f0a71b
clip_vit_b_32_zero_shot,p03_r24_a_to_b,ship__dog,ship_shape__dog_texture,24,3157,4547,8,ship,5,dog,8,ship,shape,0.24708020687103271,14ef9ba7f078c84d6549ab2aa9f3535bb08e9f6483930ccab2f107f0986792ce
clip_vit_b_32_zero_shot,p03_r25_a_to_b,ship__dog,ship_shape__dog_texture,25,1833,4966,8,ship,5,dog,8,ship,shape,0.49706488847732544,9b69cd3f8f007e78baafcefe1afe7f3ad37c88754c17e810bc9c933b7e9e7704
clip_vit_b_32_zero_shot,p03_r01_b_to_a,ship__dog,dog_shape__ship_texture,1,319,5525,5,dog,8,ship,5,dog,shape,0.6749739646911621,b4eab1eb3568590b4b516948d3a5cd9e2715d985c27051d2c9bdbdaec81861b3
clip_vit_b_32_zero_shot,p03_r02_b_to_a,ship__dog,dog_shape__ship_texture,2,2391,7875,5,dog,8,ship,5,dog,shape,0.8155312538146973,1b14c423967a6aab0377f828120ed00e1799d74dc455b3961a10f3b7ec7d7f12
clip_vit_b_32_zero_shot,p03_r03_b_to_a,ship__dog,dog_shape__ship_texture,3,5381,706,5,dog,8,ship,5,dog,shape,0.97474604845047,df8d3d7a8c4eb4e4727e9a3da9b3e9484cdd92a684b39ee23bab98d44cc57564
clip_vit_b_32_zero_shot,p03_r04_b_to_a,ship__dog,dog_shape__ship_texture,4,3863,4170,5,dog,8,ship,7,monkey,other,0.9347195625305176,675ee6816c11ee3e650138960fe03d41a6b9271ee7fe0dd99548939f0dccc281
clip_vit_b_32_zero_shot,p03_r05_b_to_a,ship__dog,dog_shape__ship_texture,5,6358,3412,5,dog,8,ship,5,dog,shape,0.7223724126815796,f713f8bf943c6df750922db5c128bdb2d986f4b391a4e25831851ddf54654cc7
clip_vit_b_32_zero_shot,p03_r06_b_to_a,ship__dog,dog_shape__ship_texture,6,97,667,5,dog,8,ship,5,dog,shape,0.3183099031448364,16da4acfea094654ee63bd0932878c0d4a15ae4ca398acfd6c90724008a5573e
clip_vit_b_32_zero_shot,p03_r07_b_to_a,ship__dog,dog_shape__ship_texture,7,6224,7818,5,dog,8,ship,6,horse,other,0.7001582384109497,b3677111681d75403f7128774027c97883a4ae9e49cb45d952624bf843aeed15
clip_vit_b_32_zero_shot,p03_r08_b_to_a,ship__dog,dog_shape__ship_texture,8,2268,4552,5,dog,8,ship,2,car,other,0.4948458969593048,45b77ad6e0bc94d70e690391860a2aca3621b614a9118528370035c13338a20d
clip_vit_b_32_zero_shot,p03_r10_b_to_a,ship__dog,dog_shape__ship_texture,10,7706,2109,5,dog,8,ship,5,dog,shape,0.6820706129074097,53a0175852cf83c1823b765f93e0ddb88305465939ad80734f9d3de74bb708b9
clip_vit_b_32_zero_shot,p03_r11_b_to_a,ship__dog,dog_shape__ship_texture,11,2950,6434,5,dog,8,ship,5,dog,shape,0.9471434354782104,b045e425de34ac4d7365854c5c2152abfb4e2b2f168e0819ca82de668329d643
clip_vit_b_32_zero_shot,p03_r12_b_to_a,ship__dog,dog_shape__ship_texture,12,4290,4662,5,dog,8,ship,1,bird,other,0.26177677512168884,67ba1c06d93df8e2ddcb36b52c02f18dd6c97d5b249b78606d46d7bcf5801663
clip_vit_b_32_zero_shot,p03_r13_b_to_a,ship__dog,dog_shape__ship_texture,13,7130,1640,5,dog,8,ship,5,dog,shape,0.8084149956703186,ffc7e6eb9618be1a516bf2d4aecb421b7a3c995e75dc8ad7ef7a0554014d9c41
clip_vit_b_32_zero_shot,p03_r14_b_to_a,ship__dog,dog_shape__ship_texture,14,5924,5451,5,dog,8,ship,6,horse,other,0.4474439322948456,e34f8abcccfcb73785a037ae8c25ae47b4c91801d24c5a790f5a1917263aa242
clip_vit_b_32_zero_shot,p03_r16_b_to_a,ship__dog,dog_shape__ship_texture,16,6922,5694,5,dog,8,ship,8,ship,texture,0.3017319440841675,24fc332b26557003f43e4b31c79173b8c5faae35f56df71f7abf093854fc7b7c
clip_vit_b_32_zero_shot,p03_r17_b_to_a,ship__dog,dog_shape__ship_texture,17,2766,1783,5,dog,8,ship,5,dog,shape,0.7471267580986023,45f67325fbb46e6f810b0d5ea96ab88f363fd5ebc361a89dfdcf8335b346be09
clip_vit_b_32_zero_shot,p03_r20_b_to_a,ship__dog,dog_shape__ship_texture,20,645,2844,5,dog,8,ship,6,horse,other,0.6877720355987549,7499e39726d2214876aa2878cabfb01257845c8dc21313baeea392c2b48ae4ae
clip_vit_b_32_zero_shot,p03_r21_b_to_a,ship__dog,dog_shape__ship_texture,21,6989,4242,5,dog,8,ship,5,dog,shape,0.9105414748191833,29e99fed89eba844a33ed771a75410c7c6c614b3abbd004f7b8962c2b3d16451
clip_vit_b_32_zero_shot,p03_r22_b_to_a,ship__dog,dog_shape__ship_texture,22,6716,2191,5,dog,8,ship,8,ship,texture,0.6535136103630066,52e9654c8b9598288ad5f330dbb84cea59428b698b26dc67b0ca7c04237a7507
clip_vit_b_32_zero_shot,p03_r23_b_to_a,ship__dog,dog_shape__ship_texture,23,7413,7460,5,dog,8,ship,5,dog,shape,0.5745624303817749,f4fbc48c830c57ccb58ca1f23013723fa3d4cedd3d84e99025d0ff7dfaecb6ca
clip_vit_b_32_zero_shot,p03_r24_b_to_a,ship__dog,dog_shape__ship_texture,24,4547,3157,5,dog,8,ship,9,truck,other,0.2590852379798889,1a2b64418620d4f37ee73e6d69e58745caac81802825c451b5b396314adb8ac5
clip_vit_b_32_zero_shot,p04_r01_a_to_b,truck__horse,truck_shape__horse_texture,1,7995,1667,9,truck,6,horse,9,truck,shape,0.7067214250564575,41ad97cddfb9fab14b233ff5448185a1a58276f710715b0c8f5db45752d31890
clip_vit_b_32_zero_shot,p04_r02_a_to_b,truck__horse,truck_shape__horse_texture,2,1515,449,9,truck,6,horse,9,truck,shape,0.9762149453163147,4cb7ee2aadfe25a4f8642ca11ebef22d2c12a72e46de5a12d85032f544bd1165
clip_vit_b_32_zero_shot,p04_r03_a_to_b,truck__horse,truck_shape__horse_texture,3,7752,1534,9,truck,6,horse,9,truck,shape,0.9850683808326721,edee9b85b83dbe0d7cdf265579c60c33218df2f6aaa63c88ac3f87a606447beb
clip_vit_b_32_zero_shot,p04_r04_a_to_b,truck__horse,truck_shape__horse_texture,4,2655,7555,9,truck,6,horse,9,truck,shape,0.8598628044128418,e80bc87590bf2aa8c63ad8590e801bed4a03786a780af2bf8b1af7a656d5d722
clip_vit_b_32_zero_shot,p04_r06_a_to_b,truck__horse,truck_shape__horse_texture,6,2114,3292,9,truck,6,horse,9,truck,shape,0.9700941443443298,a5d447ebf2a925f680f28b8acf6790971866dabf71ef6585001303ee97cc7bd7
clip_vit_b_32_zero_shot,p04_r07_a_to_b,truck__horse,truck_shape__horse_texture,7,2062,4754,9,truck,6,horse,9,truck,shape,0.9858618974685669,d88d41589a693c4416bb32ce83e7f08064b550633fc03701bdc56f12d7387639
clip_vit_b_32_zero_shot,p04_r08_a_to_b,truck__horse,truck_shape__horse_texture,8,7380,4093,9,truck,6,horse,9,truck,shape,0.9928073883056641,733818cc3e7840c51f61a544c441706350079c63034d41ed8741307c0e5dd4d6
clip_vit_b_32_zero_shot,p04_r09_a_to_b,truck__horse,truck_shape__horse_texture,9,5284,7108,9,truck,6,horse,9,truck,shape,0.5933415293693542,38404c4c3e2a42debbe769c2ea04f7fd94e36dbc99caa2bb2429184fc66740fb
clip_vit_b_32_zero_shot,p04_r11_a_to_b,truck__horse,truck_shape__horse_texture,11,191,7781,9,truck,6,horse,2,car,other,0.8634307384490967,c7ff5147f7f9728d725e2f5a05ed281c5744345db630e77941283c296a9a3e67
clip_vit_b_32_zero_shot,p04_r12_a_to_b,truck__horse,truck_shape__horse_texture,12,4723,7338,9,truck,6,horse,9,truck,shape,0.7639683485031128,14882da7aada85f879823e4b8bdf593835e7bffa4746275a2d2bda0bdeb4e81b
clip_vit_b_32_zero_shot,p04_r13_a_to_b,truck__horse,truck_shape__horse_texture,13,1430,5580,9,truck,6,horse,9,truck,shape,0.989529550075531,35661b07efb1d6988e698e6f95cba0f952728a41a61597dba58bc52bcbd93223
clip_vit_b_32_zero_shot,p04_r14_a_to_b,truck__horse,truck_shape__horse_texture,14,3893,3494,9,truck,6,horse,9,truck,shape,0.8711722493171692,972c4d1bd381a52cdcc1f0e6ba581093451df116fe66b04451c8567e24f60452
clip_vit_b_32_zero_shot,p04_r15_a_to_b,truck__horse,truck_shape__horse_texture,15,5851,4620,9,truck,6,horse,9,truck,shape,0.9955770969390869,270f1a21a3ef875204ad1168f8a316a467fb4e9e4a26f9082b23e396372c5e82
clip_vit_b_32_zero_shot,p04_r16_a_to_b,truck__horse,truck_shape__horse_texture,16,7938,920,9,truck,6,horse,9,truck,shape,0.5876675844192505,a43d91931e2cebd8d6132f1708e5ddc357ab5f0662143e6e408d04e40eed4439
clip_vit_b_32_zero_shot,p04_r17_a_to_b,truck__horse,truck_shape__horse_texture,17,4094,3191,9,truck,6,horse,2,car,other,0.791570246219635,71d874b2733b65ca08daa58111048c3ff1d2092983101065b87e263964c1328b
clip_vit_b_32_zero_shot,p04_r18_a_to_b,truck__horse,truck_shape__horse_texture,18,419,5857,9,truck,6,horse,9,truck,shape,0.8216226100921631,dbd8c226f5e6a1b53d147854c53fae9e0e744e26780df4d0d97d7357e8453341
clip_vit_b_32_zero_shot,p04_r19_a_to_b,truck__horse,truck_shape__horse_texture,19,2011,6713,9,truck,6,horse,9,truck,shape,0.9438192844390869,936c92df5376db702dee8a67859bba8a5ce1452584c6a9ff7e7fd2a80a0593b2
clip_vit_b_32_zero_shot,p04_r20_a_to_b,truck__horse,truck_shape__horse_texture,20,1411,2610,9,truck,6,horse,8,ship,other,0.2178543508052826,b33854a598b1aff3956e6d17ee126164e21cd21b4fc65d4865b6b0a759d97035
clip_vit_b_32_zero_shot,p04_r21_a_to_b,truck__horse,truck_shape__horse_texture,21,5981,4411,9,truck,6,horse,8,ship,other,0.5273159146308899,081a5f7fcac8554bcfcee3ec99667a5eeea31ca00c8d228bd22782e206b88d6f
clip_vit_b_32_zero_shot,p04_r22_a_to_b,truck__horse,truck_shape__horse_texture,22,5452,3418,9,truck,6,horse,8,ship,other,0.284100204706192,ef563d67ee57946eabc5d2693a502d731c84b082354e927d649d087cd8422df7
clip_vit_b_32_zero_shot,p04_r01_b_to_a,truck__horse,horse_shape__truck_texture,1,1667,7995,6,horse,9,truck,6,horse,shape,0.9726922512054443,ee5e486730299e1f5a6ea7cf2015963de87c37cb6ed144eb59af25a94c19ef9a
clip_vit_b_32_zero_shot,p04_r04_b_to_a,truck__horse,horse_shape__truck_texture,4,7555,2655,6,horse,9,truck,6,horse,shape,0.19879797101020813,fd38f61a821565ea79776dc2fc71ca98e5755a71d15ec2aa01e89f6f27c30f8a
clip_vit_b_32_zero_shot,p04_r06_b_to_a,truck__horse,horse_shape__truck_texture,6,3292,2114,6,horse,9,truck,9,truck,texture,0.29889607429504395,4c387771ebdba6808ca66eb7ab09b32d853d95b2d9bb26b596afa0bdf9dd421e
clip_vit_b_32_zero_shot,p04_r08_b_to_a,truck__horse,horse_shape__truck_texture,8,4093,7380,6,horse,9,truck,6,horse,shape,0.9848121404647827,19dd65b13bf124b792a1fa1c4656269cde1b99f092d07173524a49b9f50b88d5
clip_vit_b_32_zero_shot,p04_r09_b_to_a,truck__horse,horse_shape__truck_texture,9,7108,5284,6,horse,9,truck,6,horse,shape,0.982882559299469,c4c76696296b4c007203f9aa661b156b2bde79f67c5be76c47830da82a7c98f5
clip_vit_b_32_zero_shot,p04_r10_b_to_a,truck__horse,horse_shape__truck_texture,10,7600,4449,6,horse,9,truck,6,horse,shape,0.9827536344528198,4a50123afb173557c5d5731d464ce0c5ce67b138c5412b9843656829c0aaea4d
clip_vit_b_32_zero_shot,p04_r11_b_to_a,truck__horse,horse_shape__truck_texture,11,7781,191,6,horse,9,truck,6,horse,shape,0.9987189769744873,934547a1182b6e5eb5d3a27d8d03a9f19752324ef6f76c54828944bdc8b80553
clip_vit_b_32_zero_shot,p04_r12_b_to_a,truck__horse,horse_shape__truck_texture,12,7338,4723,6,horse,9,truck,6,horse,shape,0.9921323657035828,2b50469a7a37e6e0a701ef5286e3f616d7f250e81a4162587273189efafbdc77
clip_vit_b_32_zero_shot,p04_r13_b_to_a,truck__horse,horse_shape__truck_texture,13,5580,1430,6,horse,9,truck,6,horse,shape,0.3162384331226349,f81c47fadaa025cb2a4cd4f776d383dc8468fc356fa3075dcff9e8d489423c44
clip_vit_b_32_zero_shot,p04_r14_b_to_a,truck__horse,horse_shape__truck_texture,14,3494,3893,6,horse,9,truck,6,horse,shape,0.7839962840080261,369cfd235f33e11d629f22a03c1dfcc23b4de4caa454bff4507827a8b6933e7d
clip_vit_b_32_zero_shot,p04_r16_b_to_a,truck__horse,horse_shape__truck_texture,16,920,7938,6,horse,9,truck,6,horse,shape,0.993532657623291,25f6db897b6e3eb5728acdfeb0dc5617d4585a2c387a816bb7da72bead85c5f0
clip_vit_b_32_zero_shot,p04_r19_b_to_a,truck__horse,horse_shape__truck_texture,19,6713,2011,6,horse,9,truck,6,horse,shape,0.7198964953422546,eeb8e7a32e8f4ea189d3134020681405e775656c8e85bd0762ce278e41c8815d
clip_vit_b_32_zero_shot,p04_r22_b_to_a,truck__horse,horse_shape__truck_texture,22,3418,5452,6,horse,9,truck,6,horse,shape,0.990040123462677,dec040d5fc4966db98606cd512d25fc07328b3b05b3d8f577c47580a2a909b89
clip_vit_b_32_zero_shot,p04_r23_b_to_a,truck__horse,horse_shape__truck_texture,23,3777,5301,6,horse,9,truck,6,horse,shape,0.9822455644607544,480b3464c44fde6fa697043d8720d07cd0b7167cfdb61bd055332620a16df8c5
clip_vit_b_32_zero_shot,p04_r24_b_to_a,truck__horse,horse_shape__truck_texture,24,3962,5360,6,horse,9,truck,0,airplane,other,0.8251098394393921,f6219bb324d93a4ffa5d6afbcb06382e81d0c6e3e6a22bb65b89611c71b82744
clip_vit_b_32_zero_shot,p04_r25_b_to_a,truck__horse,horse_shape__truck_texture,25,2958,1022,6,horse,9,truck,6,horse,shape,0.997492790222168,d9a863ddf82a4791b2ecf7566ecc442f7a0192fbb8424179f7ad833af730238b
clip_vit_b_32_zero_shot,p04_r26_b_to_a,truck__horse,horse_shape__truck_texture,26,873,1836,6,horse,9,truck,6,horse,shape,0.9253631234169006,eb7855478047d9d791f37fa1f282e88c0bf9fd5bcb78dbd5b62d76870814b6ec
clip_vit_b_32_zero_shot,p04_r27_b_to_a,truck__horse,horse_shape__truck_texture,27,4254,5508,6,horse,9,truck,6,horse,shape,0.972526490688324,e149ac7f47465ed06587060fb51e149223fe4f55b1675a308daae01c6dc8709b
clip_vit_b_32_zero_shot,p04_r28_b_to_a,truck__horse,horse_shape__truck_texture,28,5858,852,6,horse,9,truck,6,horse,shape,0.8985742926597595,60eebc2b74af4e389c1e369b64b9d463992f15e66bd3ca7791fd27c76b44a93e
clip_vit_b_32_zero_shot,p04_r29_b_to_a,truck__horse,horse_shape__truck_texture,29,3515,7266,6,horse,9,truck,6,horse,shape,0.990448534488678,f396c18d416a346df6c2b589289f0c746b2c1f47cd7e82daa7624dd39ac0c2e0
clip_vit_b_32_zero_shot,p05_r01_a_to_b,bird__monkey,bird_shape__monkey_texture,1,95,323,1,bird,7,monkey,1,bird,shape,0.996394693851471,c49f4bb841ef4852fb756995b0aacd64243d094e43c0b0eb6441b82143619334
clip_vit_b_32_zero_shot,p05_r02_a_to_b,bird__monkey,bird_shape__monkey_texture,2,3937,6650,1,bird,7,monkey,1,bird,shape,0.9973946809768677,1a06894fb1f382ee8535704ff944bb8f30be09cd4a22619f9df160e22591d6b5
clip_vit_b_32_zero_shot,p05_r03_a_to_b,bird__monkey,bird_shape__monkey_texture,3,6169,6190,1,bird,7,monkey,1,bird,shape,0.9146918654441833,45da3f34bad873aaf51516d833e8d8e26bce430b594565601860ac8ffb1d2c4f
clip_vit_b_32_zero_shot,p05_r04_a_to_b,bird__monkey,bird_shape__monkey_texture,4,5560,4661,1,bird,7,monkey,1,bird,shape,0.9883238077163696,9bf7dd5ef7a1e97b37d8199dff442c3051d5943c3c7cf6f9e51dcdb82c046ebf
clip_vit_b_32_zero_shot,p05_r05_a_to_b,bird__monkey,bird_shape__monkey_texture,5,1115,4172,1,bird,7,monkey,1,bird,shape,0.9695837497711182,a4215832753384d221e01ada6202f94da0384f4148ee79a9ebb6635d289a6f73
clip_vit_b_32_zero_shot,p05_r06_a_to_b,bird__monkey,bird_shape__monkey_texture,6,6938,1711,1,bird,7,monkey,1,bird,shape,0.999198853969574,4344df9de47d35a66b863d2df7ccc56f4ae00dc1bbb0a6039dd37c3f96c033b1
clip_vit_b_32_zero_shot,p05_r07_a_to_b,bird__monkey,bird_shape__monkey_texture,7,1109,4403,1,bird,7,monkey,1,bird,shape,0.940680980682373,98f29f58f9d63a0b446d30669ce32376e9a76dce4df698b19d4aeb7a6546c277
clip_vit_b_32_zero_shot,p05_r10_a_to_b,bird__monkey,bird_shape__monkey_texture,10,4640,1287,1,bird,7,monkey,7,monkey,texture,0.5167482495307922,5eba324df619ba5d89e4a1c2471b8d169f70dc1a526eeb33fc1b32038d644de2
clip_vit_b_32_zero_shot,p05_r11_a_to_b,bird__monkey,bird_shape__monkey_texture,11,825,1473,1,bird,7,monkey,1,bird,shape,0.9910712242126465,2d4187d9bb9ce5ae1145ec5762e9b15662ea996561c802a7dbf624ddaef7e8c4
clip_vit_b_32_zero_shot,p05_r12_a_to_b,bird__monkey,bird_shape__monkey_texture,12,6594,4704,1,bird,7,monkey,1,bird,shape,0.8014310598373413,2611540cf5a21fce74757bb9bd127903de683275530739c4cec9bfd5c8e6f719
clip_vit_b_32_zero_shot,p05_r13_a_to_b,bird__monkey,bird_shape__monkey_texture,13,261,3467,1,bird,7,monkey,1,bird,shape,0.9726510047912598,11418af729091a0a39c0da3f68d79d3af0d792f8022450847167085cec9e16c4
clip_vit_b_32_zero_shot,p05_r14_a_to_b,bird__monkey,bird_shape__monkey_texture,14,116,1296,1,bird,7,monkey,1,bird,shape,0.9946839213371277,4d148d705ed15b2da72b8ead8a2b17f3e8bf01a635d5c5e2e9a1594b7606231e
clip_vit_b_32_zero_shot,p05_r15_a_to_b,bird__monkey,bird_shape__monkey_texture,15,2687,5450,1,bird,7,monkey,1,bird,shape,0.995907187461853,e368276b04511c41d86369d7984f3b3ad1bfd7d897776dfcdd0b6e694cb1d7c3
clip_vit_b_32_zero_shot,p05_r16_a_to_b,bird__monkey,bird_shape__monkey_texture,16,5256,1579,1,bird,7,monkey,1,bird,shape,0.9988610744476318,a9ca53fa0c5f5a1de495a24c50a1e56e1eec22e74146b3a5cb6ebbc1e62f81aa
clip_vit_b_32_zero_shot,p05_r17_a_to_b,bird__monkey,bird_shape__monkey_texture,17,1568,1771,1,bird,7,monkey,1,bird,shape,0.7196494340896606,7c584f2a8e8bf4e13e73829201b2278176cf1d2f3f94db2b24d8901225f008fd
clip_vit_b_32_zero_shot,p05_r18_a_to_b,bird__monkey,bird_shape__monkey_texture,18,5220,29,1,bird,7,monkey,7,monkey,texture,0.38274145126342773,9adb915b7ab8e003e1c51c627dca4e7f13cafea3260c84285c349f0d1ec984a9
clip_vit_b_32_zero_shot,p05_r19_a_to_b,bird__monkey,bird_shape__monkey_texture,19,6954,1032,1,bird,7,monkey,1,bird,shape,0.5150604248046875,70edcafd0fa30481769f845ac615c75c860f6612f1c5796a23e155bb29292c22
clip_vit_b_32_zero_shot,p05_r20_a_to_b,bird__monkey,bird_shape__monkey_texture,20,2116,6772,1,bird,7,monkey,1,bird,shape,0.8374074697494507,de2535e67bea92588571b51210824c0a99cf5e382441feff881a4ebb2d1e084e
clip_vit_b_32_zero_shot,p05_r21_a_to_b,bird__monkey,bird_shape__monkey_texture,21,3491,2746,1,bird,7,monkey,1,bird,shape,0.9932224750518799,a51825be0ce26d8b03024758ba97d192ddff48348d0ee9fb2315498286bc6cd8
clip_vit_b_32_zero_shot,p05_r22_a_to_b,bird__monkey,bird_shape__monkey_texture,22,5092,1220,1,bird,7,monkey,1,bird,shape,0.9992399215698242,d0668a6dd959a86a9becb56e14dc95096ad5c66f92aa2d1486417d8d2d56d118
clip_vit_b_32_zero_shot,p05_r05_b_to_a,bird__monkey,monkey_shape__bird_texture,5,4172,1115,7,monkey,1,bird,7,monkey,shape,0.4720228612422943,0c246a4180ade51c9c24ef1842384cc19f8398733f9de6c02cbbe2aafbeceeba
clip_vit_b_32_zero_shot,p05_r06_b_to_a,bird__monkey,monkey_shape__bird_texture,6,1711,6938,7,monkey,1,bird,7,monkey,shape,0.9985966086387634,f8ec6b81938d9f22106f6703fdad7dfc1c35f4d53edb87ba4ad5366d33605206
clip_vit_b_32_zero_shot,p05_r07_b_to_a,bird__monkey,monkey_shape__bird_texture,7,4403,1109,7,monkey,1,bird,7,monkey,shape,0.9301905632019043,f786f8cb99136a3bf3b6649e0a456eac9cd0888cae6fb9bfd96a9f7931ee27da
clip_vit_b_32_zero_shot,p05_r09_b_to_a,bird__monkey,monkey_shape__bird_texture,9,1048,2070,7,monkey,1,bird,7,monkey,shape,0.3638659715652466,909777d89cb3997c66882a6d0f572e2afc77402438339a7cc17b460dadad0f45
clip_vit_b_32_zero_shot,p05_r15_b_to_a,bird__monkey,monkey_shape__bird_texture,15,5450,2687,7,monkey,1,bird,7,monkey,shape,0.9691981673240662,134b08a166504c9fcf240a602408460bf9fe56538e8f32ffc63a516b4c9e7879
clip_vit_b_32_zero_shot,p05_r16_b_to_a,bird__monkey,monkey_shape__bird_texture,16,1579,5256,7,monkey,1,bird,7,monkey,shape,0.9745694994926453,a3335ddcf37f354e1854abc1980e7ebb1446af3a0d1707bce2aec0290bdbdd38
clip_vit_b_32_zero_shot,p05_r17_b_to_a,bird__monkey,monkey_shape__bird_texture,17,1771,1568,7,monkey,1,bird,6,horse,other,0.34075215458869934,4f6a1e0c634ccc7ebae5d99035e20e01cb79efbdd6f2178ec215a1a462525ed9
clip_vit_b_32_zero_shot,p05_r18_b_to_a,bird__monkey,monkey_shape__bird_texture,18,29,5220,7,monkey,1,bird,7,monkey,shape,0.5922602415084839,86407f95992e1e4feaab8d3c0d02caf78f7f3b43c7fe6b8bba809b684f556dea
clip_vit_b_32_zero_shot,p05_r20_b_to_a,bird__monkey,monkey_shape__bird_texture,20,6772,2116,7,monkey,1,bird,6,horse,other,0.3596741855144501,1d6bbf37b01b4d9a9c6a58de7c6db488754d02a80d9043670b444b9de1e66b29
clip_vit_b_32_zero_shot,p05_r21_b_to_a,bird__monkey,monkey_shape__bird_texture,21,2746,3491,7,monkey,1,bird,7,monkey,shape,0.5651212334632874,f1978d6410e6a90922ea447c4bb18d8e910ebfc2552be78b352a4ff7e46ad66d
clip_vit_b_32_zero_shot,p05_r22_b_to_a,bird__monkey,monkey_shape__bird_texture,22,1220,5092,7,monkey,1,bird,7,monkey,shape,0.5542073249816895,4fa2b64cd1e845e7f773dbd132244027907057ffa3461c12e58bad55a433bebe
clip_vit_b_32_zero_shot,p05_r23_b_to_a,bird__monkey,monkey_shape__bird_texture,23,269,3413,7,monkey,1,bird,7,monkey,shape,0.9986869692802429,3db4da2a89a55769ee53cd8c3b3c87f0e248c77273c81b61af06e44ed69339fd
clip_vit_b_32_zero_shot,p05_r24_b_to_a,bird__monkey,monkey_shape__bird_texture,24,5719,1871,7,monkey,1,bird,7,monkey,shape,0.6902015805244446,f078e2570138f0315123bc4babe8cae24c288f0155bc1990624c331e37a7ce4d
clip_vit_b_32_zero_shot,p05_r25_b_to_a,bird__monkey,monkey_shape__bird_texture,25,1956,1852,7,monkey,1,bird,7,monkey,shape,0.33407720923423767,dc229cf7a7f1a88e66c2e51e5f0dbc428da14a303728a81c2b4dc00e137ce06e
clip_vit_b_32_zero_shot,p05_r26_b_to_a,bird__monkey,monkey_shape__bird_texture,26,2854,198,7,monkey,1,bird,7,monkey,shape,0.7907768487930298,6f4125f324b69cc27910cdb6482bc69a0d379aabe0c8347d3d4367a154883d65
clip_vit_b_32_zero_shot,p05_r27_b_to_a,bird__monkey,monkey_shape__bird_texture,27,4236,1993,7,monkey,1,bird,1,bird,texture,0.8642730116844177,17204b884cad310381cea2eaa6aedfd62fbfc6c762963fc18831e01442d56fc2
clip_vit_b_32_zero_shot,p05_r28_b_to_a,bird__monkey,monkey_shape__bird_texture,28,3404,1090,7,monkey,1,bird,7,monkey,shape,0.9989380240440369,1886292a98205dd6b6a1df896dde35c2d5c1497853a7378708718bbca0cd98f7
clip_vit_b_32_zero_shot,p05_r29_b_to_a,bird__monkey,monkey_shape__bird_texture,29,2668,5488,7,monkey,1,bird,7,monkey,shape,0.9539326429367065,a4d81ecc3ef36b9a21aaf41a2f0f67f05fcd45ed7a9d6ecaca9718bb823fbc09
clip_vit_b_32_zero_shot,p05_r30_b_to_a,bird__monkey,monkey_shape__bird_texture,30,1440,4298,7,monkey,1,bird,7,monkey,shape,0.970152735710144,1e240f462c16877b649ae901466a389b7775f7f38fbee5d81b522cc7ca97f2fc
clip_vit_b_32_zero_shot,p05_r32_b_to_a,bird__monkey,monkey_shape__bird_texture,32,4308,2157,7,monkey,1,bird,7,monkey,shape,0.7167328000068665,f5f2fcd7fc9833163f6d718481498a3feb67b22c831420322590f1604bd1a55a
