candidate_id,pair_number,pair_name,schedule_rank,direction_code,direction,content_official_index,content_class_id,content_class_name,style_official_index,style_class_id,style_class_name,shape_class_id,shape_class_name,texture_class_id,texture_class_name,selection_seed,alpha,part_of_initial_generation,output_path,output_sha256,output_width,output_height,pixel_minimum,pixel_maximum,pixel_mean,pixel_standard_deviation,model_predictions_used_for_generation
p01_r32_b_to_a,1,airplane__cat,32,b_to_a,cat_shape__airplane_texture,1370,3,cat,6437,0,airplane,3,cat,0,airplane,6304,0.8,False,/content/drive/MyDrive/ATML-Assignment-1/artifacts/task1/cue_conflict/candidates/p01_r32_b_to_a.png,7fa55b02243baa3c305845efacf082271a72e37742af1664a5b06d695200a1cd,224,224,0.13926778733730316,1.0,0.6598435640335083,0.12236805260181427,False
p01_r33_b_to_a,1,airplane__cat,33,b_to_a,cat_shape__airplane_texture,2539,3,cat,484,0,airplane,3,cat,0,airplane,6304,0.8,False,/content/drive/MyDrive/ATML-Assignment-1/artifacts/task1/cue_conflict/candidates/p01_r33_b_to_a.png,c8ba983b2e9dbe74a718ca45bdb71315e4c00ad4fff7a98e834e05c92be498ab,224,224,0.0,1.0,0.465361088514328,0.21792800724506378,False
p01_r34_b_to_a,1,airplane__cat,34,b_to_a,cat_shape__airplane_texture,979,3,cat,7320,0,airplane,3,cat,0,airplane,6304,0.8,False,/content/drive/MyDrive/ATML-Assignment-1/artifacts/task1/cue_conflict/candidates/p01_r34_b_to_a.png,689b4d21c92742665e3b0dc2532b111d81b00fb742c652f0c4ed95281ac21ec7,224,224,0.0,1.0,0.4025344252586365,0.2621746063232422,False
p01_r35_b_to_a,1,airplane__cat,35,b_to_a,cat_shape__airplane_texture,4590,3,cat,5117,0,airplane,3,cat,0,airplane,6304,0.8,False,/content/drive/MyDrive/ATML-Assignment-1/artifacts/task1/cue_conflict/candidates/p01_r35_b_to_a.png,17ee755e062ac811eabdd3cb6ce45b0efe09ee81b4e23c6980081eccb50c05c3,224,224,0.0,1.0,0.469601571559906,0.2346814125776291,False
p02_r27_b_to_a,2,car__deer,27,b_to_a,deer_shape__car_texture,6097,4,deer,2502,2,car,4,deer,2,car,6304,0.8,False,/content/drive/MyDrive/ATML-Assignment-1/artifacts/task1/cue_conflict/candidates/p02_r27_b_to_a.png,3800469645023c8a689d2da6a40276088ce6a504ea438d2a31aa83089c6ca627,224,224,0.0,1.0,0.42429184913635254,0.2720465362071991,False
p04_r29_b_to_a,4,truck__horse,29,b_to_a,horse_shape__truck_texture,3515,6,horse,7266,9,truck,6,horse,9,truck,6304,0.8,False,/content/drive/MyDrive/ATML-Assignment-1/artifacts/task1/cue_conflict/candidates/p04_r29_b_to_a.png,f396c18d416a346df6c2b589289f0c746b2c1f47cd7e82daa7624dd39ac0c2e0,224,224,0.0,0.9792841076850891,0.4853522777557373,0.22547201812267303,False
p05_r32_b_to_a,5,bird__monkey,32,b_to_a,monkey_shape__bird_texture,4308,7,monkey,2157,1,bird,7,monkey,1,bird,6304,0.8,False,/content/drive/MyDrive/ATML-Assignment-1/artifacts/task1/cue_conflict/candidates/p05_r32_b_to_a.png,f5f2fcd7fc9833163f6d718481498a3feb67b22c831420322590f1604bd1a55a,224,224,0.0,1.0,0.28725799918174744,0.23334412276744843,False
p03_r24_a_to_b,3,ship__dog,24,a_to_b,ship_shape__dog_texture,3157,8,ship,4547,5,dog,8,ship,5,dog,6304,0.8,False,/content/drive/MyDrive/ATML-Assignment-1/artifacts/task1/cue_conflict/candidates/p03_r24_a_to_b.png,14ef9ba7f078c84d6549ab2aa9f3535bb08e9f6483930ccab2f107f0986792ce,224,224,0.035323407500982285,1.0,0.3686111271381378,0.2110506296157837,False
p03_r25_a_to_b,3,ship__dog,25,a_to_b,ship_shape__dog_texture,1833,8,ship,4966,5,dog,8,ship,5,dog,6304,0.8,False,/content/drive/MyDrive/ATML-Assignment-1/artifacts/task1/cue_conflict/candidates/p03_r25_a_to_b.png,9b69cd3f8f007e78baafcefe1afe7f3ad37c88754c17e810bc9c933b7e9e7704,224,224,0.0,1.0,0.46137407422065735,0.31347668170928955,False
