official_index,displacement_pixels,direction,transformed_rgb_sha256
3,16,left,172e31e8702449ede21af57688ca02ae474f985d3cde2b07d14691a27b513782
29,16,left,705336f5d1f41013d5889d21e4e8562659b808d82e12dc928d0c97a6c7a35d34
35,16,left,a864086c0dd314c34ccfca947227ab8d1697986e1b5adc4b8aab5edb44a69b1b
42,16,left,afc3e9060dde64cca5f4a10ead6a0365feeeb03cf4f4a99318b3505087c677ee
49,16,left,77d3a8f38dfe901767374e07a349290708ae0d7ce91a079ede1ec7c758105dbd
81,16,left,c36ee72af89d4e7863e6274bdc310e241e179b70384251a2424b67d01fced543
95,16,left,8ca2ce579ee399a015e3fbc888ff8758a98aa3065116a8e7d3e9251158f97d30
97,16,left,b829bdc3910471bc7977e87ec7ffa56136b209990b8f5f496fede2221248084d
116,16,left,80488c5345b09fbf01f2d755b8c06e62fc96beb77e5384bb9820ed646006a44b
131,16,left,402abaa5c6f6fe8f57b3e2f8e0351db58c997913f6672d811a56bdabdc960f19
151,16,left,c07aff8c1b939fb695f114f2e7a37122baf4ab6007186932fc69eddc0135aadf
171,16,left,1595a9912e417d59f6ef86948e36ad6d6c4f49693b169a5ee1bd93b8a08df925
176,16,left,5aafb9a82af96687a3aa54592fdce08efbc68f3a7ee3b66c7e94abe0921cb41c
191,16,left,a9d9ee03fe2107744a0cc5ad254a9035f47ef2e1179bbba314bca65976b6d6f8
194,16,left,f197e04cb6f333abf22c34f776c7b5a5ed8eb0ac434165d3a1c03ce5c2ea85b5
198,16,left,8f368fb370303ad97e2ea7135f839a3e6f20177f94d65535ff8e39cbba756f56
239,16,left,78584ae10051f6cf71f2965d74f65e921e929adefb1c3d72096ecf1ce501618e
261,16,left,5993bfe4adad95c70ec799ddf82df26e12581f756c36f5c9963fd2b09208fa0e
269,16,left,f063ce48b18307c89d4f1221e584ff116f4a95d4488bd97cb9e29e1aa29c85fa
276,16,left,2c046be67d1788164fb58b3e31a7877a470f8639f8405f061313a2453e6c41aa
303,16,left,8d74497f590bfe6a072a112acf8e40ea35d7ac5d75446bdb6ded7acd823871d3
304,16,left,1c0d15ef4e2ee6440f4ed4cd56746e19f01a2b029ddac73bf6e9125436f2aa3c
317,16,left,d7dd52e70595dbece950d3e73dd81002562e62cfeb53e0eb74f81b8afb7c05b0
319,16,left,37e96b2f9293db7ec9ca99401bfc3cec0780bffb051abde0d3733c0d5a674824
323,16,left,413dec983234a4948d4412ec8b57348d9937741b69ae94aa793a743b9b6b5fb1
365,16,left,f775a65dfd5c38215d4cf4144a18498619a0c8d7aed78b7e4052a405d7dc0541
370,16,left,0138b75f54afa1273d583ecf773d8a6600effc887ea3c5ec9bfe7cfd07c0b7f8
372,16,left,4f9dd4c42c915fbc597d98b4959a1b3a0d0a28e51a75b752feb31d2a3243939d
378,16,left,b9e880307a141cf22259326ff653e19feefbffd4cd296654a1b57d2f9f6443c7
391,16,left,7e8a18ea45c2445c90ca5394998c0cf0d5d17743c848777e5884723e15f1a4b6
409,16,left,7d32623b2ba244b490ba1a34620f3d436cd41da5c1dba5b23a49cda7c26561c7
419,16,left,de4b242685e5329c99e2522825a61b4dda44124d07c55946317365a6c7150ea6
449,16,left,a3dc36e1636f28ae93e1cd683468c31d2f4210d9fce8f7b94b4033bfb0c4f963
470,16,left,dcff4a2a3da4c259f105cb9c61fbc30a886d4d6e5ff5f4d4b3a90b166b271d14
483,16,left,a88a45aa85d8af00e5162f1fa24b3033703d13f3a10efb616633f14b50a8e40e
484,16,left,f1110042578b0103dbe5a14c80ee149a2aa61b9630338fe3f5d1f3570149fda5
506,16,left,85c977fd90b770ab12be3b71ab0179e0151dfd1f1b16b412d966a097e49daecc
545,16,left,51fd79469ba158d1d5bb7dc6c9ee041f0c361b3f14fd6f6ae87401ebe3952fcf
562,16,left,726a3b09b4491583c7c8cd9a37054ead1b5d0e1f933c25d6ff91d78508d05018
568,16,left,25b106004e4d6cbe0f6612aede3a8b3c88ca5754f5be2eb7116b7466a4213d6f
603,16,left,587926469ad2b9ec98bd22a084a950e9e3cfc3821d4a4a85f8a18aa01500cba6
632,16,left,ad70be78134d44273c6c1ebd65a5af1ef1b4413c97df5202ac872b37db11ae38
645,16,left,f28bd9242eb2c02851d1166d0c8d472b95cdd88cece8cb5fae4f43c289b23f05
667,16,left,a530ebd658864636f02fa84ef3f9cb2ab98775529d80e15ebbd4622f339cc0cf
672,16,left,59cd3e495d93005274e94f5a57ed5425443cfaa8092921f1fb970bd4dc85c45d
677,16,left,3f46f7d418a4b3b195dded9d8ad7fd68debfc70b5a53eb88c61ac980e11d76e7
685,16,left,a5cab74dbceb3eddef0dbf47091ded7f13d3a94ea05f8dc65b40fbc8a7995d1c
691,16,left,b4b4b89498ef7cfb519c2db41775cedc6814e8f9e5f7f8c5237395325486a33b
706,16,left,6a8d92d68a076579e4b786a9e95642befb7fabf877ca07e38566cf417f22e615
714,16,left,4736f5ce61b8ee5e420c431b4bf832f7bdecf43eeae38c7c9b69815ab4a75114
716,16,left,cbeb26b54f22ecd4f7bf6747126a11094293520046fcc24510374660d9dc7257
738,16,left,3a876d7900093820703a78c1b73805dc5a2f114814f1ea821438781e54ce6b54
739,16,left,b2094d969f253fd501f86de1e31996ae2c0ed2beb835e6c3f32befdc9d9c3a73
766,16,left,a7cf67de6921365f5c3669b22b707acbedaf1cfa652b38bae46e4f8d49f34fca
791,16,left,3567e23a3b3f25a0829ac926789ae6ea863434d9e3cb2cd4e813c7ae88b33013
805,16,left,ad1070458d5ab5bee33af630f6a6f1f307f8ba36e144a13497c276ebe014ef18
825,16,left,112439b87749f706c076843d5ef45a689c11ce53b9933419a240b4c9329b34c9
852,16,left,249db7741d46293b8f62f73b0c74c9d65f42b006799a6c5a41b664c8f755cac7
855,16,left,d5a6e5195793a9fabf20e4c298189c8507bcb045398a33133882da7f3603d4aa
873,16,left,4ad1e78da12a462b669b71813d3204a290448d071176d43e8d766711bf062123
890,16,left,226fb2f82bdc5aeadbc4d9163d109406c9822d673380abb97a717f03022ec67b
920,16,left,9db1e862e7b5f18081b1376c621cb8fcfa06192c2077ab8eef5df71409871180
929,16,left,c53843af978c718c9f3d64adfb8776adf0900cd499c9c8b3c5bfaf247534b11d
962,16,left,85bb13d88b8ebd98dd853ff85a66270158eaf981ff42e33cf98acb53310e530d
964,16,left,65c11fd67fecd174a143ef6b50eb6d05abdec532663ec72ebcde5246ab4934bd
977,16,left,e920e232c490c4c07ac62a87840720c9066735932d90c2b6c8c6f729e54ddebf
979,16,left,a8be9e3da9ca4436559fc24532cf7be1e5cfea1f38aa93565eeda3841a8018aa
981,16,left,2d631ed12370df1eda048e89b26557789ca75f7d7d282ed316d98aeba04130ab
1022,16,left,e8f72e566fd981309bb80eb28606e6561f0a80008747b044627d8ff93b9a1a1b
1032,16,left,bd41a3fc69a114b56468d0d23a5fbe6481cfc1ee7a5b363341dffa536cf73f4c
1048,16,left,03b27e7e3de97cd01afed7edf99434a3c7248b2a7014b1c3bf1566791075bba3
1090,16,left,af927ddaa1238b48a1a1cec8362357b408a4b9ec7e793c8bf5f054c6aabace9d
1095,16,left,e7e322d00474d19f60ebe64de47e3f5c2ab0d9e6a30513ebc7c45eadc339ab5b
1109,16,left,6475b87e2cc9f7741e9c3aedb4984f3a4db6b588769d1e6a08c4a8570bfd35a0
1111,16,left,012e70809f978f5f656c08ff68df03aad666de63aa8a08449b195b36a496d70a
1115,16,left,5eaf18804a55a7e7c3406940d2260735d7eda03c252155b6c94e2705c94b142e
1124,16,left,acfa03e221fcca2e4b9e74410a40ba37e23aa2890fa1715453f5f799b396c7af
1129,16,left,43b6a5f3a3cf16daba68d5314ac136e4d05d037d2b659ed6ebb0bf45fe8928dd
1175,16,left,f4d779c076b04a0f8d31a5006c79710edea498321fd3f9a963d32c1bd0e537f0
1202,16,left,5556ef0e2a7147c0b5df0f329792ce520936a4c561932852fb005fa674f47668
1204,16,left,920f649a797d8004680f2497b08cf8e8b4c2d264280c85a57c83cf80d979997a
1211,16,left,7b9f2975eb349e072dd0f6c4bafd0d7a34e2277ba6ceecdd78a9abdff940d4ed
1220,16,left,2019609fe8c77fbd5660be2871c7306457daa73599e53ae94cd58ab572c7657b
1230,16,left,1c23ab4465243e812ed78bf1f26f5ea741baba2edfbdf742dbd4c1355b3a78cf
1247,16,left,3598997796edd46e8c16f9b8f52bd9b85aaef3eb81b315ea7fb3f2743a6e6bd4
1263,16,left,5f4c3490dbe36f88dc15eedec6ac48590415571884e6c60eb86ac2c0a3a04c9d
1266,16,left,59e0ca5c50c3485d9e5b9219f2815963f66b081f6684bd42b01d50a51053a7f5
1287,16,left,9c1188b3ae6ea11bd7af84c586300cd8a9f46068a7f20d3b95f02dd215c00474
1296,16,left,34f7406fed5e728e4f8a9228f3b13935f539e3c380706840b0558a260d29a143
1370,16,left,307ddc1a7baaacf916532df89bf7f6dddea8f2facc4dc72fa79a2bd9ea7bff1f
1389,16,left,36d1fe02f79a980afec8bd1e4a43963f51e32ec2712c9278914cec25ca058a1a
1401,16,left,cd6221ae24888d143ed31c0fe769e21435ff107489934c955c7da4e8beb0e8cc
1403,16,left,4e077391af80a2fce2ad71be4d22a05b583dc75c106c41d02ab0c7cf0a87107b
1411,16,left,bde2de06d282fdfc9ae7efdabd9857842b502e5ff3d82613e8ff8de2dfa87ee5
1429,16,left,cfac5ee61e161a144a7e9c807f958e25c5905b23da9e42914cb9e1cef6b81045
1430,16,left,a30f18e6537ca4786e9f6bad5d747cd051c0645473748e2a5657df95a471e9d1
1431,16,left,252d1b28653ea6f973f69ac92615fbe4c1ac55f604439a86d64832c5bf4d6e16
1436,16,left,f4437ed25f2cb38dada86798465e7c9b3fd4b61b8763f665ab4da9bd8e76b28a
1440,16,left,d372b853ce001ae60e49b89034497e214ab4d93a18d78d68066274f09bb4e98c
1468,16,left,1026643246d1a13958a443ca55a9f3b83306cba02a854f2f2c9af59895419345
1473,16,left,1f52229c95a9a4c97f0109b50851d92a5426978a08851996b9dd668560f1d1cb
1515,16,left,d790507aba39cb1131801bb53df4ef3225d5a446788fd9b86623bafbf2583a30
1520,16,left,0cfc57b79710f4c0ad0077a729afaf561b1cd4508424305334b1777ad2fc1ffc
1531,16,left,9348623256aa2ee6acd226357c1f21d33255f2d13ea6a4d325bfa7cd95a11589
1534,16,left,8a2b0dba1d9d24d6615f03f2d1cff54f10c2fd74a306b38ad7dac2a33b690972
1552,16,left,f53b0ea39d01d1e84c8497ba6b4f43517820aa663818bdba9dfbbb7446d2fd97
1553,16,left,03d599322d7c318ef2c14eb17beedd70226876d36ef31c9500a6f4a511997871
1563,16,left,90f4b1c784826bd935a36393bc60fe1bdec51963aeb3a6202ab315c022d499d4
1568,16,left,eed031daa2ccc567b612060f3dbcf0f9074355afe51170298672da3e5d4a1872
1579,16,left,d0398678c528ae14f95b9a4a2f5c45a00b68a9db97b19c9aca81e99b743031d2
1586,16,left,4bbf7734dd433e9a7bfc1050866d5c2e7adf9e1a236711df3443e46831c00964
1596,16,left,3cf39374b2830a5e8efabe7804954754e7de36bc840aea41de0f0f0ff4bbfe6d
1626,16,left,a22aef0b7c950114b2d18ba61d41fec9d535f34111c6665fb9aad62e2c504c95
1640,16,left,92be101e33d1f1fc86f53ae2084f85b91ffbd6e5016115f8a29ee0b0325112ef
1644,16,left,fffeb45ead068c3b05a9a8e2ba1cb92c92ddc69fe8bf1383b97e68b489839f0f
1648,16,left,156f851cf81f36064008469b43e613688239668ef5f4dd3bf5d3bf66fc790de5
1654,16,left,05af00273673265f54bb49f55a227b88dabb7b0bfb9dff37bcd838fac49f12b6
1667,16,left,40ec1d3834acc81dcc0f544b184739156a74d85556a8ddb7266837313eb958db
1703,16,left,c9ef0994d2e0e36b6dce4b3da988ea3208868794495c997dfe4b4a6c856dcf0e
1711,16,left,1dd12c9efb92798c349f84711a791d8654f611f3ccdc33afbc6c30fe9ed264f2
1771,16,left,c4d0212cd7134ca85afe81def79ff70bc4a72f1270e710f197b2f52200ab1d7c
1783,16,left,ccc85e21da4dbdb4541bf19652172c1f1c28ede08a7cbd37da3c4130f83b8058
1814,16,left,1e54e6f4917152732089de1a2a4d874c5341e4049155455132774cfb94ace19e
1833,16,left,acf98c87d842389a08541b417eb0b675d2ba8c31773d2fd50a8d011b965ef171
1836,16,left,09c87ed9b185c988d15af96daa1b57a9ba1b820bdb1f2cb3d8a66db67803be49
1839,16,left,b5ff127a600b8aa0476cdb51ac365902a276b937389182954eda9364b1a023b8
1852,16,left,a6e485a1a1cf7a540aeb98be11f36bbe377393d2e92047d6df3a26a15dae2125
1871,16,left,ff6d92c8a726cd866dc95db5d375121a08067bdcfcf01ea57e2da9b7b454e8b6
1877,16,left,a77ac9f4ae73e7f16dfad36a1a87b3fa2bc3a9dcae089d034c54a08d967e6b2d
1884,16,left,d23444c9345d7641ea16b3cd4f394d604a7b28e8ae1102dc2770ad2cedf4962f
1927,16,left,e79f17eefe2f83ba37ba28a503270bf38d4700768a3823742ed305ce7662ad62
1954,16,left,c2905178188485942ec9082c636b2cf10e140660abf36a0619af139e4f0b1b86
1956,16,left,34f6b31a7de2aa0801482b205da828b6736bcc14dd51ab4852f95fd669f62703
1960,16,left,e911fa63436be7d3936e87e22d63070756ed78bee0b025f5688b00272ce05d10
1977,16,left,558d68eeebd24e49bfd9a05470eca021369da451f5c31286b35a8ec8f998330f
1986,16,left,003f15cbadfc16dfa1aef537c5c3a9c5a2d435dc592ce52cebdc0818cd6c46ac
1993,16,left,6cd22065e32d0441535d4487fcb136cede257e7480905053ea0901e8be3d248e
2003,16,left,37ca6a1a62d028d6b0c2a2ed4e176111c6ac406e7703a1e67d217831170ab862
2011,16,left,83bd4b4ea2b728ac61fac0de5430be5ea52d2c149d1b72c888071afa1d2486fe
2024,16,left,5be8c568fb60acc629a629aedf1ce7037cf378aec68ed08e791de16c91cea5b9
2028,16,left,bf414bf9c7ef80471a5ab9a2272f8a13f52954d2b99cbe11df6e859a187fdf3d
2062,16,left,ae410891afba74b66a842e784b2929ee0344d8af58185cc6cb5556014ea20c0e
2070,16,left,561ca9c0fda87328155bc256ee9001d788125e4af898d4b794326c3c1f9599ad
2082,16,left,eac6202902ded170c0c46e2cc01c4e411a82d039bc541922d8a617f28805f8e4
2095,16,left,7e17ceb146321298c7db3ac5da419dd1215f2d83d7a567290ceb47a20dfc2986
2109,16,left,c4bc7134f0ac3189c522a2ca97a2a063c6beac10b49f9f13da52606ec06cf493
2114,16,left,0d8a7d50a9daf8a7b59ef7ceb89e4453c380e378845d27ab3ed60883deae8738
2116,16,left,d10dfd9c4e2df3648f896a4a719cd69d4da377f183971b3ddb056117feac69f7
2157,16,left,3e1b25e1fac11b8e3017e39a3379c613f0f847ee479b218fce6e059ecf764027
2167,16,left,c4390a079d97ef09a09ca11e7a009fb327bc5fa97e68e7d4e87757981b43a73a
2178,16,left,7b3c24803ce69b1cd833fdee3d18bc22ada5e0fc97c982cc210009f654677b2a
2191,16,left,7f0e139adf3956e69193f32da3f227debcc218a29f86f8742a1027cc9bdaf8e7
2230,16,left,dc8ca1c922f76764dacb1897271931b7c710d77953cc168509586a91578d69fa
2242,16,left,af57b7e39c37cf1300512859bf9fed57d3bb8b92dc743ee333163b2cd18953fb
2265,16,left,c78713670e1eef5773fe589b4551bcc4985693843cffc42cf4228a07b89fdb01
2268,16,left,e726e78a29227ad82b9944d68e5b383a176cc748a54ffa577c641e201a9daf8c
2291,16,left,b0b3621d68d8e5855fce80d497b153d9e8d2051bcd96bc9203e16f8bceb20389
2334,16,left,9fd178af62efd073437726f820489101e183148786e2e9f13ad62d72eecd8417
2340,16,left,8aa2b4ccdc88f6eb2f651c98f122ce900ea994cf38b90ef42c4944e44aacfa23
2342,16,left,6dbb527a3f8692de776943651e503bc4ee3623bc8012f490ca3f571945dc7d84
2351,16,left,ef3c6ac0c7617ad58375cc5e565b89846e82a74ce0508d5f1534ad3b8867f1c3
2391,16,left,0e98a7914cc545147ad663ed339c9f6467493c5581ee8e0bdd415c50a9154b22
2392,16,left,12b8aa112641ee1fa193719331f8d65a2abea477eb7f007f607bf04fb4f842d6
2399,16,left,49007759bbaf17679e136bfde303ce1630f60446370622c50abdaa6466f2ba8d
2414,16,left,b2bccee988143fc70b6987a35930e53bdcb2fe977d6450368a9cba3d0bfe8af3
2427,16,left,84182c14986a673d5774a4d2816b6d073014a289b3379e01faf50682e3a56552
2458,16,left,eb57abc97e7614eaab324385ec18d3d06ae03146e6e6b9d131f8b58ebdb200e7
2501,16,left,64b661216b22333418b401579f964a531a3a2ef22b85e1370039e014f74b3a62
2502,16,left,125bf799e856660a98931305c567c3d123d4c4da78c6f79352666b52b480e14f
2536,16,left,15193f810af5577caf037dee3cfdf5789df0ce4994f5a1bfedd1cee0d0bfdab7
2539,16,left,0fd688d6488763a2ee596019d20d213ff0eecb60d1e7449cfc20c6e5a53d6cb5
2610,16,left,6cb05a7d3bb2d17eb8f91e1e584fa31cf6bdf1fe248fa2096bf6b24f82915257
2623,16,left,58af653a7d3d09b9ffde2666475a334cd81ae9e42b6fcda481b2c2c53da294b0
2655,16,left,eaac538d45227068fce472c3db53a866777f906ebd42cae47914c09daae1552e
2668,16,left,68df88ebcd82fd6f2560d66a9eb23780552b90adb6301cd71d850e253a3261e5
2676,16,left,bff466ee850bb92a9898012af50184ec00731f256079977e0115323677ab8761
2687,16,left,3438c50c1fb5278d4c382126ffd6e3fb729eab8652a767a58b6119cd5dacd266
2690,16,left,afca57ac141763785186a249e0dc3297fed5a59274514865ecf53d941c077722
2704,16,left,6e336a79b10491fd59e87c5ef1d5108c61c50b69b493777fb60c1e43635e1619
2745,16,left,9e6e7385580aebbaa1b2921941190388c2019fc1fa1c02a0daea73c4015ec0a0
2746,16,left,562fc3cf31d8ff91bfc1d138a9096c32bd85a838205177bd3ce28db657a604bd
2750,16,left,5e83d26b7f15ae78c6fc68a1401f89ed6947deaffc7c4607436ff4cb4f093d7d
2754,16,left,8cdeb0a1efc7be346216b5ab3a10bda61b3986549105d01fee0120ae63c66808
2757,16,left,48ccf2bfccd32fff806e5e3da83918921d07a8eb5d9cbe1fdf490ec62aec01f5
2766,16,left,5cbdeda2843fffd5fe8eff8fdd83d4fde2076ed2ba25ba9e06b2126386f5c684
2807,16,left,ab84813477766fca290bc261ddf4252dbbbcf7641bac075c1a2e63ccdd675e69
2844,16,left,30312e551b59b7d7e9d296cf96367070a7d4d60d70fe2b560629fde7b13944be
2854,16,left,e04c8bd07475fcc24b93481cc344f94a79ff4c9d5e582f6a04f8035f4702ddd0
2861,16,left,aac55fcf41f0b72062591b88bc5df557da7e4f42b394f4a4e3aaf1fe7d344817
2888,16,left,19670f5dd86be27a818ffb3fca2ff06662775fc320b051a311d8d6465acd6b87
2898,16,left,88ec416dbdd10a06c8e37ecebf1c3e057da5b0a25df15f36bbbd70b49cecae35
2950,16,left,589e146cd875cfb37335a0c6030295682cbc332b3da37f50d7d536ce590876ab
2958,16,left,cf85050dd6c4269ebec4f8bce7f5b9d469fa49e8512d9ef1debd264b280e2cec
3015,16,left,5aee17cafa128f310a8a62137da8b7694092398c899ee9aa0656a71adb845f15
3024,16,left,a1c13266ab5a8ee9d8c16646bc07e00c24ddb9e7aa9b4e5090282ec77cd65a14
3025,16,left,25150465a99c9b971b4b8f6194728d780baaf2f5b9ff5949b2805ee4dd2029e0
3034,16,left,62708e1986be9622932fb138f11fb36a885ed28a1f84290b625d745dfe7d7b4d
3067,16,left,973410a11274346e8b1ca45d59aba39e3db1e299510afa9f96686a189a2b7014
3078,16,left,6adea76a1fca9c391745cf8c67b2ed25a2534d30be155b3fe4d17210ea44ec7e
3079,16,left,6d3b17e186c384b4db0b777367ac87a7fc005c0b033748a1829336247fcea3c4
3083,16,left,23ff2bd8941d72d379995f67c7907b6a6e5f7d4c8c5669ce4446c96ba1be0ca6
3122,16,left,5c59b02286e28bc374fa91e327d14f4ad3a01b91546e5c0d1b2e57923d7256a1
3153,16,left,735e6a64d200f1098c5722ebec975a11d699c8876f072ad657a3882e22f5b65c
3157,16,left,26a1080783f633d36af50679805c1b26851f2c7979e993df961b52b626ea1bd4
3163,16,left,86dcc010e559df0166a35cacd13fbd4becc4f9968d72113dda0d69d3e4aab731
3179,16,left,265e9aed47be850ce3f3ead268e968b6bb0e174c5e6fb1730b84114e4a9f0f21
3191,16,left,f9a222121b3b062eb477e58e18e32480be9e4c14a34b4e67ec3e41e437f7a9d5
3276,16,left,288c318f6837145e5a0042149ce15f42620d974f5db9d9e4b4096ae0c2b31c88
3287,16,left,d2caa753f80a705887d39934de3bb0bf760b44a06f97892aa4999cca43f2dd64
3288,16,left,547d28231c88e5fd51b4c661ab02376b51f46c1c345e92bde9185da237343899
3292,16,left,5ce3212938330d3a0c18a2bbdca80ba8e26e7ff8271ca6b4ca6879bbfe49924f
3318,16,left,e2bf55e7dd371d211596b8c019cccd060188f90336f645d9a13a29ad2faecc56
3347,16,left,bbeee3c60365d9da1cecdb6ca283da9064fdc85c0c03fa39368e3195c6271b82
3353,16,left,f925dbf70b971ce9d83a796f69c6ecb6e11c3add54536c95bf5fa10ba19f58e4
3362,16,left,ed1f0c3cbfb09f68eaddf56a5b7d7b73557393b6041d8ef26d38923c8adfce8a
3365,16,left,a05fed9206a22f724a519f8c613d1591e4040a01bdc712a665b7dcba199bd091
3375,16,left,e57b4220eeb73232c0aa4bd63c6a7cc8fb3f09c3af68524b44fa311b6ae5e0ef
3383,16,left,d597209fdbc4ba0ce8d5bea39c245e3c7c1abc23fbc9c9f708da872dab2d40dd
3404,16,left,67c02b5e9f2181e3fcbe3b7b48868530067c963a7897f1a58cb8dff6b37cc8dc
3412,16,left,c78f67147c200f8c6a55d6f2b7a55df63c688ad3cdcced9a29c95158c88ceffb
3413,16,left,67847749de30ad0b31161e489e81007737721d0388be1788161cd1c2952c3a30
3418,16,left,79a7c69b99c02d2bfd6cc29a1eb5bef48bea0be3b9ac77ff12d71c7314b65979
3437,16,left,23d066e1541f55efded197fc97f1143e95cbdc5d42799cf003d4ce41c677a23f
3446,16,left,a153c38e1ba15f8abc861d24c903dd8635006f2a4833daee12bd770b895d8fdd
3454,16,left,5ffd3edb36391a541ee097f8aa7883c02ba56d3cdbc909ea0b0e0b1b4054e15e
3455,16,left,ed61e22c515174d5201f41ad9956effabd0ad9786f302b92793875554d6f02f8
3458,16,left,3656bb69bb27d0a2af061caa0dada8254103a54c7a8659e2cf74b26f297ecc1e
3467,16,left,e0c4442d08ae1decb26a6b489c1886f677427a1d0f6ffd59e0020c86f38a465e
3491,16,left,46c66e03ebc5ea2e2fac3e089e024b12dee550627c9b8b8c76a78605b90fa51f
3494,16,left,ccb9c0b79bdc8e78cf9d5dfadce1b02ab8521234b841e574da15725e2e321535
3512,16,left,74603ed52d7c259a9dfc4ffbe6c1a572e45be76a2304c8e98d614e50fe155e5f
3515,16,left,752daf3af76bedadda3026a377214892441358ceb3f465fef890574ee26b5614
3542,16,left,312a75d52e8acdbc80e7e638e06b533636e06c45f896951a644cabd529481eda
3550,16,left,2af19db39eb5f9c8f08e8be999bbb1e03cf50990933950c075deaeab2a8a3bfd
3562,16,left,d55b2344969ccb20ed5acd68ed6b1504cbcde02109282162509f3c843cf4686e
3755,16,left,c736376464c658541deeaf4218cda5b370cc451bbb4368a6b9da3eb2a4b61fd8
3763,16,left,4160127e8c2de44448b8fc916263afe5e0f3fccc30d11fb4df86630742c9b73b
3777,16,left,49bbd63fb01a09da4a4887bd62ae5994de1f60ed93c49c3c52bde0f11f6df74d
3778,16,left,0e861c5302b5f55066d1a0ee52b827af1fc3623946e3e9e2be48e9397db1f410
3779,16,left,f534bd12b2f6f34ccabcc4efd06afcd4f60b807d3a55a5912cab52fa80d16d71
3844,16,left,052c5b0886b7b445675b0f16711454b9004efb5ceab0c918f827b1130c3a4f4e
3851,16,left,30fce4fe590c48743bee7fb49f3296d00f30f61419c07831a3ab053f0f8ae3f9
3852,16,left,62e9af3d34663a12f66fbec94bd3233189d762591cd8aeb16495c5d47b2dd85e
3863,16,left,90c56a65d5c91e0191f0a30d7a61df746ff041d52f87c1c3918b647c7f9f75cd
3867,16,left,18cd72df82e8459946334a8577d6a9d600d40c6bc96f5668dc3535c65efa81c1
3876,16,left,a21b1b1a01eaa77d16b0941e95032f760d765d5494a345c760cf1d606d022323
3889,16,left,c0c061e0d9f45b7a8c91ca58e151b05ff83fad315bfd26982ad57230219f524f
3891,16,left,efd5621435733ff577c67cb8ffd2e03e664f68b85acebf43719c84941e2f99f1
3893,16,left,fb245d80dacf87ffc5b8ae3d54306e7b64313d6dccdfcec976d9693ef532dccc
3905,16,left,ab648ff615af5a62abb5e9f0d7ed74020c9dd69d06be257d70919ea8f3982be6
3914,16,left,85b155023a34fe2353f1ba85d5ab9e42dd90377ef4526cdc56c5ef326be3286e
3937,16,left,5d556e1207fbc8646425594d228b1603e597bd51bd7b081995412b547f0a0ce9
3942,16,left,cdcbc535f8cf70a3c2160a7eb6065d811ec9897cd67c058ca0adea5df71d1e29
3948,16,left,3dcd6beadc395dc8f88624d4c2a8df9958342f4ca927e2f01dc5db3c4c5e1529
3962,16,left,66dd434d8b2be9ccef90d0e7388143395060791e43a8b0e0761de381bd8e3933
3965,16,left,7085d04e01500131f20946bf4cac3c3b4b6f6958db89ac8a74f2f6bc4af46e33
3994,16,left,2790cf4779262e07b5c80e97cc7ece8be4f5a1e018232db90523862193a5d9ae
3996,16,left,278a7020e7851f4b88fe110be912bc9472f1fccf95f3c3bc347d83eba88747a2
4011,16,left,6dfe89047c69a9b7065d921de8e187087609ba01f1fd9dccfb113b72e3a0c5b5
4023,16,left,d086cc8b2933a319ce43a3bfcde5c277612c9cbb86342112986f4678232396cf
4054,16,left,28a3f96560daedd5869fb9fc5f0d9357c088fce3ecdbe2284ac97ced1aa9b5c7
4065,16,left,04621efb3f7d88d877715af17fc2069fbc5d276dc88a8e1507b2419aef17e011
4069,16,left,f9a41455810418de105a73d432ab8e029045b49213436b94ba7cc7ad8424351a
4093,16,left,a3abdff95c44822ae5cf65b30a3584478e02181a21775c339d0d71103a52a94b
4094,16,left,503837835c723c97e07f58b3609f3b58f04543cb3248c0896a7cfa0674ea8f48
4106,16,left,b0a8c610fa09bcc5de9699373876710c14ed5408fa76f3a23d8f9353aa767eb0
4130,16,left,f13fea7f71a1d311df19a78a011cfcbfc95bae72fc7880d2a9620f72f53570aa
4168,16,left,6e464fffde692b127d01f9be78fe8d260ed84f928b17d625983704746c715871
4170,16,left,0db68ec118f362cf4cc5e58ed7a3b67cd9c19aa9dfe8cc72093f0e20936ad056
4172,16,left,ccf0fb86eb5af54ba0e310e05f6e0488d3163addfcc5fd410a124058e54da5b2
4177,16,left,7200b070c3eec38d272c12269adc9a60d5518cc9ad692fcee1650d5592fcd038
4215,16,left,6bd13d4fb0ada45a7cb7b39cf1274e4c431df97b2904b489f63e76503fb0b95e
4229,16,left,92ab4a54e263b61cec07943e660996477a62481ea76c0ecfdf23b9a5952c1e4f
4236,16,left,1fc91b858c415daaad00d632c59c739c88185d195fa77650ed13d4244ba13a9c
4242,16,left,0fea3b61886b645eb8915ff28ccf7e1138f260db61fffbbffb256a26457dbd85
4254,16,left,dd134d9f819d893f437560cc03aae3bef32d8c5f3c6b856418823e696187c9a1
4290,16,left,a348b11a7f548306e39a14d4e19499831b66ae0ef5b83adc50b90470fe3279ce
4298,16,left,67dac0c7e1419907c7f263bb93010439c483980b1dabfd1fe940bbfe07fe094b
4308,16,left,109fb50083ca001fe0224334c37ee88e9bf17c9473361d9a42652449f8d4b124
4311,16,left,0dc3ea6e6f42a9b510d31da015a48a550d61dba360a6e5873ded48448a5e702a
4323,16,left,e21e6f287b934e98dabd9d1f192b11628166417550ac505758432397e139bb91
4330,16,left,48c222a52c7799190a041b89ee52c773edc1c6e743ca4100c58bb8ab9f24fce8
4341,16,left,16d8f529f068912ff260f5c02094697531c3e3a2c383139a6bcc315b33602384
4355,16,left,00a60dabcb7e5b4400c3a993535aba4038a5bf9ccc8de858563726617a15129e
4399,16,left,08e2cba1ed89baa12f4f98528ac26fad940e9f129d50acde4f296fdeceb0544f
4403,16,left,f5fc93dff10185781d5b92744ae15202f9ac6421534e69888eba09285ba8ac89
4411,16,left,7c8c4efdebacc28a267b9616afd862c74d57548c3ddc24eda15f0b5288b02389
4449,16,left,ed6b1723e2cbab734a55b341a577ca55bb66e604af0f16472d6721738a7b0249
4463,16,left,0b69456549ae9e5c8341b2158e8c72f4db01f4cea146b177a6a362104ca46f28
4531,16,left,2939f61f97436a52fc5e8abcf1ad36f800bd89cfcb4e97961ee5218a2c1dbf6f
4539,16,left,9e5e8a8439d37039b97585e9bd4edcfc560dfe0ecafd038d32c688b3007e7988
4547,16,left,1569c7b41aaaf402d43ef71a74916985e2356d164c103829dfe203c7120437b3
4552,16,left,6e5218587805c107e3a59ab7755cffb6f4ba6d621217fb3220a8debde100bfa1
4570,16,left,23efc9dabb6a71da7bfb25ffebce242ab3da10d14c7f91db887dcd9f1d4cd4a9
4590,16,left,338544c8a48e437d0c990200e056e50a2bd2be081492ee5ed285f44aade2ac1e
4609,16,left,49172764cd2d9fa2580d1cdf5464ff2833b2f0eb2e27a6669233d32d67e5b105
4615,16,left,b5cdba3e4c0a763ac6f8ba655d9b361841cd638bc6d102e36e2433982fca4f93
4617,16,left,5000db40c5ebbaf0267a0ab8b889f1c1f6dfba01ed77a5875ee7599b57965b47
4620,16,left,e4519500bfafc2926484199347d43c3c14640cc1b6ee99df289601694c0f868a
4629,16,left,00194e23cf6fd528efd3718461d76f038bfb82aa89fa4bb67220d25277b40201
4640,16,left,3b591b662f3f2df357858a10d0d0cc8b9e94fd7623e475c5d5f57349a6113716
4642,16,left,eb4c869978c4bd89b5acaea310bc124ed3dbe5e0f6eeff3e5c3227e220e3cb5b
4661,16,left,fec69e5312d78c7737f077484ecaf71cb4a5ed8d72ab915661d09fa46706f013
4662,16,left,32e368cb08444de81954f26f0119e914fa1c581e6fd98e8418cda2064e8c50f6
4675,16,left,b71570c1d34ebaa87bbab9210dcb2e408aafba3ab29f64af0e70db3b17a94e8e
4676,16,left,850d82f35a6504e2f2686397cb6ef5cbaf2753fcc863045915b33da3e42a673f
4704,16,left,9b3bb0203f4d1398ba344f4143186612304ec1e59396ffe998420c7b3418eb61
4723,16,left,2b1fd61adad91af774942482dd7895de1a3362bd56c19b0d4b4a3e0a97bc0f50
4731,16,left,6e32b7058bf9b4511e20fd99295fe1d7827dc3dae1dd89e23133ad50821fb528
4735,16,left,ee901f24cc3404b7393309ee14401a2e83a3a479466dad1c3cc8cd430020c67b
4740,16,left,01708607196c2f1e482f71319d43ab56ff2b11f256064d600f8af6eee5202876
4746,16,left,9f33b4c6ec507438cef9a29ec2bc99097d4f944ffd0bf743edc9d919b882fe71
4748,16,left,499ceaed57f59a28f7aca05d025e25c9cae5d588782677f51f50f3d0b5b8c474
4754,16,left,f6a6da86cce6e3babad9d0c3969434d97e2f45bfeb8d8b2adba4cd536cea787b
4785,16,left,3c5a3e18349cc799cb178d9f91a244de13c69eb4ac8586593f4afec53f49dadc
4791,16,left,88594c9bc998337789ee7a3c7454adf87d410f6ce4308ed6cdeb7a375c011dab
4819,16,left,42e64269765c1dc54813ec73e654145444e3f34b875cc9464e890589b164b587
4821,16,left,99c992247bda3db1ccaf1a59b1b63f9c3352854d77049d7da98b48a7ad54ae67
4827,16,left,e91ece3d2ebfe674196cbb604284a58bf7e54272e40e23d28c945f80d16e3ece
4850,16,left,2f9ee3f1612755bbfaa0324aa8ece5eddcefb8b97edf85a28dba3b76c449e6a2
4881,16,left,e9bd20703e4cba936ab5928389e08b2efdef22dad0479f1897de918f77b3f0df
4893,16,left,621f3a763d246eb4af86b242124846fea41b6da22b0a6eff2436105a0c6fe004
4908,16,left,ef53150ab809ba98718312a245d4666ff7971476f1ce719bfe7269375950f49c
4913,16,left,6201befb00cca3be305428855948b1b3a8c0b21112d85b3958f314a9e2707b01
4921,16,left,1cbb237984ef7d672cf15c3b3a970fba0d13efd082c0aae41490613d2b3b6f44
4953,16,left,120a0c3de560a167af6810c3787d23994275a8ff2695b1248450597e721c6efc
4966,16,left,02b941c4d63a82995082957748a6886fad80d64836deaac558ca7615647d4bff
4990,16,left,66dd395db575e9bef95c450a5fccb7c115229615f9ec05e0e0061e6c6891c0bd
5000,16,left,ba1d56317a22e9412865d08c2f40e59a210a640d6c0d821ee1193524e01a6bb3
5030,16,left,25e09aa418bba4abe81b047574c09cddca0c232e4cb37c1ad0ba200658c96857
5062,16,left,85600327852cc9463c3550c9207f096e9c3f2afa082fe29131765e73fd579ed1
5077,16,left,c1d9bfc68c49e2c81cb07941f2156fbe56ad05fa491a03e265c6c9dbaf4e3500
5082,16,left,e787a5345615c3b351a9404f0e3b09b2adbfe7e84f9dc6c99347011c7eb06997
5092,16,left,fb29fe318e098b236083e64ed4e12549f2c817fe09d7206dff681689bd36bf0c
5101,16,left,4c2836562a4c44c86fd00698c972de1b11cd4be6552ba3420525d158f16c305b
5117,16,left,2961be10b84260888f665055f1ff5f27df2603eb1d7ee906d746d6a2e8b2f5f0
5123,16,left,69805a2b69146e2079ef0fd2e21d6c1ea29b667cf9acf3d9f0d97414dda63178
5135,16,left,995feb670659549b85426a8f245dd6feb1c1713224b9f26f1b5e6d9ca555e76d
5183,16,left,c79a357081c1444ef99dae5ff4cbde1cf65a39644594233cb0e795781f1c8d13
5213,16,left,afd96b4ab750e0213b9d54cf63f52b629102b7b0f1d41221693495b4858635ef
5218,16,left,3a46482a1dab2ea8751d126ac5e6240cf482339793ade4d4375015e2c6272d4b
5220,16,left,a25f422793f039034863366e8fe0733e5c201e5b706877b8f9d992630806ed9c
5237,16,left,6b883d2c2e7600b8ea946374dfd9a1c37b1cdfd29fc8ce31f51038047071e8b9
5256,16,left,26b1075dd527e2b7bac7553a05b51615ffd660315751a6c94750ff24a3722a4e
5284,16,left,1279f592d59225b60fa9537fc9800e4a397d89573361a3b82d76b1196afdbcec
5301,16,left,2becd14ed95c213af9997ba3dd5668ff14d2544d922f79f4bbe6c0bf32e561d7
5318,16,left,05cccdffbc917ea21ed04a1e774ca10fb0c84ba1075aef05f63704f488a1b6ba
5332,16,left,72926b13e76f8a37b7d4035b7fd5273e1d64249ce6347ae8b9994d293823cb64
5333,16,left,0a4153d82ed163f24d6451b8504a89c3abdfb940d6d6aaa1799aa3ef2c069efe
5360,16,left,80c36aabf3b61f794ff5e7e8c995bd06e31425c6f3b3ad195f8386aba7952ad0
5381,16,left,2085d4a40ff86b345a0ea3a6d588e03e5ee1006144d03949e5ff329c6ba0af97
5382,16,left,51aedbfbbb6c9bdde3488f490a65bfe784fb120de2af30f23c95012942064a19
5395,16,left,c2890d1c23a521c13775299d75ac3955d3f0e1b677a771ec5ec1fcd016113606
5402,16,left,40de16870c6c15190a41d6edd36743b2180d606e15ca54fd9d303ec253cb43bf
5408,16,left,d5338cf845a2ba31f0d0cab3e5812d59394917b07abda0217bfcbefa4fb47b9d
5436,16,left,088a8ed6b2dc377845e640172eaea9bf5467f1901ed85ece5be8018a6bf90527
5447,16,left,b9c572ee57bfa6ca7c3bcea2d0c8fd3ef861e28a6482a1e9f325c7582ab9f92f
5450,16,left,597c084f62c9156576cc274ca5e4437d29751776f5587461e0f6c3f682619f18
5451,16,left,0d4d3d16b0ea12c8937464a3e11637999b370220c84b1e8af9efed3661112078
5452,16,left,56da9f3f9c65209c6e625480482650979d2f8d48df6f77796237781feb59dde2
5467,16,left,96d94c314c6153fee31b815afd1efea3e067b9ae54bbe13ebc02de6d73e7dae4
5478,16,left,3124db0e0c169682e32a5d1acc3098e81e725bec5fd81de28323684e555c6d6c
5488,16,left,33777a90ba0eb87fa080b45f4f8cc6b6aa40f14144a0aab547f28dab1b1a08e3
5496,16,left,1c19165240ba481a9dfaa9f604a40a83761c5ad66915d9848d871dba53e1b575
5508,16,left,1fe60f39da18fe81f52857dd021b8c331abcd7b3610e687f0b9dcb9a456c6ab1
5512,16,left,f1de7bf7d34e1c858b6ff71c9f82315a3bb1eb3a4b2aeac82ee7462326c44cd2
5525,16,left,583081d812eaf5cd652a32063b58e4fca4b1d689b3ef75f0b50baff801d623f6
5528,16,left,15e1225ecc66e6a3df464d17ffb518ce4bfc77816129f3a80bad19bc8c0deaa5
5556,16,left,a6340f02ceeba5304315d4b901b24d618e49a2341fc34a2a18e7181112d32364
5560,16,left,515de986da246c1dcef3ad13edf98909d54d5c54a07f1ae8f41d0a86de153610
5572,16,left,6a42c6d154916c3fa37e5a55cc5246d40909b87ae7d04e8ac1ba95e02022bf43
5580,16,left,3807fa4b7b1b5646e6aa51309608a24d8bdee6ecd0080f56a33b735e0526b203
5590,16,left,19824768a24ea1e951f947f7d88d55bce7ebf4c04e4c3df0ca8f3db547c50522
5623,16,left,6f8136012b0ca644d39c1caf6592ac57dd7cca013c65c65b93855f7ce4237425
5677,16,left,071fb6e909ce62e49de288841bfb451a2640cc7089b26462002586b028015b72
5694,16,left,9aea0c77774260df81a27819a5a0c5a53c62def9bc98c8eb76d8c96e04c9d7f6
5701,16,left,33879bf3f06b45fa7c68fd680fe585c5ea244c202101b07f5e5fee1dd403da77
5705,16,left,7135c5133ff4e352c9aee39d6c3c7465d91e73b1c674dae51d4d7e972ed87b99
5719,16,left,8f11c0ef8e86cce6cd7b6ef8d702492758ac8abe796949f95fc0fef71c9692e8
5729,16,left,b4c2995e878d306495993cb36e65cafdc76da233e93a8297055931f9e522a216
5756,16,left,770e94570de3817a11901cb9cdca26849bc0cb771a59705b2f79e2584e82db8b
5788,16,left,e3bd4cc2c8d7250252b9631c7c4c63e7947dc225145d17e5b9e34fb6433dfe4f
5789,16,left,fbcf568b85b4e01360469a1b403fe1a7e504120915745ea7de6fa0742dd265f1
5824,16,left,ec9bc058b7803524e0b300df4c86f9a5ccac40ff7557a2e13a7388ffe3f1e518
5848,16,left,0ed6ca7b07bb077752600aecc2cbe61938a5542145a9339dc2ac32a7ce208558
5851,16,left,34d1f1a14c35877e8428e535ce56fc3df7e9fe2bb6bc50a665deb307d7a09a86
5857,16,left,c66cd4181acc63ab4ed3203ca84dcdb6e1ef7a38a5e8bbfe7822ad71f135d897
5858,16,left,b06ad4511dcf55db1db3ebbebadb450620f0c0582f1f5423451e4bed2ae1725a
5912,16,left,b319e2b21946e2f954b67466a9a222fb9790d75afd6ab7b748aaf19230a63936
5915,16,left,7a921e317f8241ea6d6992f5b07dc0ec8c691f96d8422e5c8497bd34cb5e65c0
5918,16,left,e7c3326c05c73005a05fc7c559fa17b59a88df78de299c490c09d90e519b23f2
5924,16,left,830bf7a9fadb686c30ca889f82db5979d8e892bde6122f832887a39cd59b5c10
5977,16,left,aec41ed7543ce632f37537d05ea7bc8c4699c6cf223cd7369f16b018748f9267
5981,16,left,1e6f163fe8483361be4f538f490096b68531f0b793348c75a2ecddeeae4c74e4
5999,16,left,23386e1aa92a7e81003ddba45f27a5c9842b0303059400f500c5a852466c4403
6028,16,left,49e6b5d7b6c2e67e3ae6441e19b89621799978c45124e424e8992f135f5df8f5
6033,16,left,b2e2c53343572b5e0b9c0dc658899e72880abb6a3ae7111084b1582775622d74
6076,16,left,d9d06daaafffb931acd39877700517aab86dfd1a6b1e6e95321c1a8c14d46bd4
6084,16,left,0de4afed1ab15adc43d6ece9f8d9b8bfb822977da75fdaf64c6451cab165718b
6097,16,left,85524f3fa5555539422d9a5dd1116de98ac3019f27868597316f09a37d1d2d46
6169,16,left,d301ef1bb555036d8683acdb05a0ccf19e72fa8f5a6f8201c0aeccf014062589
6190,16,left,6f226427739db37cc4b71a684fc3d46f5b7e6cc01c1965300c6035a0a0e535cd
6224,16,left,1962d375c97184561da0d3c41674f78d2e3998b19bcd5831f1053761c0e3cb3d
6244,16,left,d92d9f261e1bf3efaab6a3d8bb6b26fd50926bd39ab3df4b91928566c5eb14c6
6264,16,left,8375d3840000d9a2de981aec0524ce88d6d14ebcd6890759d9508265668ad441
6271,16,left,59eac4ea3220b080ef0ecde9937419aca0da98ccfbf7e5c1758f8304e8039915
6288,16,left,2f7e86e4c61cdf248929498a6a35a569a49a5eb745751e8f450d1c3eb32814fc
6332,16,left,85cbdfee3f84c44d3e059f7ac76eab67f8c526a29e0e06bb0cc194123e0827d2
6349,16,left,1a492fc511673406e52f2fac0eefa3b2ac14649368984bed75bd9b404afedd7f
6354,16,left,4b14494e21e138ada5dae996278a852777fe041fb0e89db492389af95a9b38ac
6358,16,left,b5d0c5a8a5b9decaf89f113b187239011f348aee1c3746907af8ee12697a6cd7
6381,16,left,f09362c96d7b15889dd6ed5c80d9be987680ef8fabf63db1ddb3424ce5c0cd9c
6414,16,left,aaa749ef1f46f1cb37333188836efd7069a7a3df1e379f9e6744d2778fb45642
6426,16,left,b9dfb2144f2191235c09eea053083db579a712eba30d7163f12f98ed20e8e95c
6434,16,left,e432efeffd154bab3e0fa36c254a39fde0d4dbdf0bbadc7c2e7119204ef16007
6437,16,left,b62b2518afe69cbe89be6baf70a220c97ddb443de260bdc0cec7e6dd0afec392
6455,16,left,b02ffaa470838e12f417fcbe2fb702d1b53c586ce7acf139044fadd0a31e3ff4
6490,16,left,4e6111e92402ed5ab3dba3a3f822c8fc4b76e4f653dc7af810f3cd766dd229b8
6503,16,left,a9bbd2aaf07e2c024ce9178265918abc1b3420dd2599c3679dc9548a8b25df52
6508,16,left,8c8343cd5938d18a74e8f8b365353df68a05924981fe6a47cfdd571bf278a011
6528,16,left,288869099dc18e7ce71401cbf7c7da27534949e302730b98421965b1fc564df6
6594,16,left,e7d29e42de7ce7a959ba531d534f3710001b4c61026dfdd637bd4318a25e448f
6609,16,left,20d4942e3b394deb2c56ab5f2ce28cf3ab8d01627f91c4fa666ede587c0a10b1
6616,16,left,253719c7423b9a6aa5b0b655d7ee59b075ff81a2fb905df6f81dcfc9a336742c
6650,16,left,1b9d6d3764d41db65f77275ec12422cd2a9d437d8e73ad501cfd302c62cca5db
6689,16,left,6c906b4798fbfcc2aacbae5c2d1508f92000894a7537517c1e6053e89dbe648c
6692,16,left,79d7b3f2581ef7b3d26517b8f004f06f1aea950b221cfe88d746200783add60f
6713,16,left,dcb2b53d4c940aba805a9ad86567ca6212b0295224bce016579cbb45a74e0e4e
6716,16,left,2f06026e0df613572c2f941ff98ee935a65516b359c41aabfe28fd64b2f12423
6726,16,left,cc651d53d502b4b4e686ae66fa2e24ecd41917a31cb37dd0d804fde0af2bdd3d
6733,16,left,a8d1a328ecc645b557e202710a504d2559b52b2fd8dae6dc795a754db8ca7fd3
6772,16,left,fb0185f69f470cd8efaeefcc6d5d23c9b6cbf8b61fdfab9078b78493320267f8
6805,16,left,4ff369364d690cf330a0d28d288f9163f0b01549f0894f5ce0651e7de67dd1e2
6836,16,left,4ebaf4145924d9ee2de92cd81832c8bed6f95aea8a2a48e3bbd9f93c9a692dfd
6844,16,left,0f6c59046dabe3e237a4041fab64e42ae663e283ce7b6465b78b423aac94daa0
6922,16,left,111d1f0b465b3971189c69fe30ef975ed363dfe4c7e4a8c2c4165fe626729eea
6931,16,left,d37ccb92855a0fbecac9c4c30b58d3ab7e662727066bfd4e7685bdfa63a8247f
6938,16,left,e104a8a97624b1dd8ff10f5fd167f0b99ff38c8a31c58f53f8d169acc6053cdc
6952,16,left,8a9ce28912153de7e5b4a591beac065b832f3532c9b9922faf9fcc4798a7cf0f
6954,16,left,6e6b491432ca80614ca49ed0eff1a8022c0f70c2708ec14de6b1a04cdec1bf79
6986,16,left,ba7d15a3abbadb4ddcf1d2953a7aada1886b16bdcf09405fdab71f8486657095
6989,16,left,96eaff8292578c465af7a78bd8153a09d2f762b0b7b8e955e1b4bd8acbd46751
7009,16,left,28a2376abc05707a08a6fc65c1aebc232f5ae58ddb3622200d2a2a8bb7120580
7029,16,left,d4cf60824303cb806e4958890935bcced42fb5c6b6cf612528683bf7fac6a79a
7033,16,left,1dd855f4edbbdcc7ca01b606b2a001268fd2bc98da1febd30483060d88751a36
7041,16,left,f73082c1aaee93a2f9df5535c462a8884ee58f009c772bef050b4811ac23c9db
7047,16,left,6ccfdc3d68cc0573e977e9cc7272805733dea05157cf82cadc8ba8094b7a7608
7081,16,left,8f7a408ddde9a100d17a34db7f255fd9c9c181f4c0a434906a124b983057855d
7084,16,left,094ccadbc9602694e317e5aba06adc357831a255c1751db82ae820e7d66b6b45
7108,16,left,857151d00949e2d8dbe06ea75aa137e02abb3617bc5719e4199f3a97c4819e39
7130,16,left,f169247d742ef4d855304cb372731cb33d612cae57c45c4f44545bb36daa6185
7138,16,left,4eebfeadee1be84a33de316521b187db0d3b6e8e467294a12ffad1d116121711
7150,16,left,4836a897f09e33d895cc888d00c5e25e8fc626de685371c447572524c7b1bb84
7202,16,left,b45a7e0abeb4551fd1b313fc8d12802d2efd5bf73f86bc7ae375bc96c8c2250a
7262,16,left,4f83df4d46ec8a26889e769ccf23f1b3f6dceb46e78a6591bfb294015fd60145
7266,16,left,d35f6fe50e177fbf81af207393b422046788651b43863347c614e208f1cbc4de
7270,16,left,922526f0abcb41c2214fae128751088bd2b30ad27d58ef0c0b56c5b70f5eb3d1
7309,16,left,2ff8001f1a61643916d717ab8c3d0798fcaf17f36fa896b324e6d2e0b26b520b
7320,16,left,6af3fc6f761dad417879700184d18dbff7eebaf5d2e0943d630398c5143049c5
7338,16,left,73277553ec532d810ab1045abe96ab8747325a10466e34db33d6591d1bdb14bb
7372,16,left,95ce930e7fcf4f8d2757a8c8791ce4ec5bacc4a13c97a8e46f8e924436f8ab49
7373,16,left,492ec8c24b6890ff3d539cb658105d6ad803557c16d9416e38cd01da1564c0c4
7380,16,left,8e4ce4852f294f7bb75e509c36dd36407842333600d5d538c47f18e1b6e32dd0
7390,16,left,a1bee03b137e4b7a5321e73387c690a8f8f4b9e78b548e51d951eee135693a22
7413,16,left,cfa9aa99b58c63280d4aeb5c05a6b6fab36650e624e7535989b1d7baf6cbcee9
7416,16,left,6e666f9cf882173e7fd58031bb6977d94446c5c9331313d97abc70fa5ae2e787
7425,16,left,79db86582fde32cc53b7c243c28ee5f08f9a610e8ac8637c43c9a271ff907c7d
7446,16,left,e2af7f991868b26bb300da5689054a13902512f9ecb434a767255b6218d6da05
7460,16,left,00fb274b6aa38264be72c25ce127c834b1b7b9ad2a0e3839ef1a551acd528193
7465,16,left,e07bda12b8b6f42611371298f190d8a6b8a98f5d312416d2bb1b0ff8c1e0e4b9
7474,16,left,e4bc533e69e47239d85d32d3d22a17aa6831e14c1dbbfaa7391f36431807b78b
7475,16,left,26627e615b5f4c312a8d2dd2e54a549bb5a83934d72c60b2efcf01bf2413a6c2
7476,16,left,23398f9c757f36962818eaa2a81dc3d8221e583df6537543e2b258ece0f78cc7
7544,16,left,9114ea6b34c0891265a2d4b1c345fca6745b3b7407c25f261a845d2b66e19051
7555,16,left,792a85ffa3edb4132673ff6530c2cbd731ab8638d190d35714c7f3b91b30ef76
7600,16,left,155ca772c5ed8154a9e1b4f61bf342962569febed1aa446d268a87a425b5362b
7610,16,left,7754ddc66857e3e6691adc9f9f9f5666c8e8367eb9116fe69686d25ea6222795
7634,16,left,e050014d3b4540f40e49c2abfc818518ec8c809dbf906ee1d967857912644543
7692,16,left,203221fec9c8adeb593828f4450e6281aed5a7442e9ddbb7881b2098a9a3aa40
7706,16,left,956bf0ef361eaf2969df63addfaedcd119d97b3e600e40eb533df2229b5f0721
7726,16,left,83d0d85bb334ee216f57c83c6144257445954fa8869efcff6bd8cdb28faea3a7
7744,16,left,061f48f24f5e7d37144730116c92325a4adcbda0378efe7fb442d867b967413a
7752,16,left,462e5d7946a95f770eb8381e092dc706aa8ff1f31ff3c36d6e3dea756dede035
7776,16,left,174884a28f6abcd52faebc2c374ddc7fe337c57c131a9513f7d310ea519441d8
7779,16,left,e11466414a6f860927faa05194c5258e87762dc2ce42033c5d9998fef4c602c6
7781,16,left,be8faa2b7eed20008e855c1db441e2ba34e238d8cee6d2cc00ae7fa9cd21969d
7793,16,left,3742993da7c637f89ba62a6aeb1cf463c0580c65768a0714df96a9c7148af1e6
7797,16,left,dbc879295f5faaef176770fee98cadde7f32b121fc479ce3b092fdd04f231708
7810,16,left,33867e885019da3ea3b96deea3dc14c3777aa0dc2113edaa1b12d6af4113a93f
7818,16,left,0a17e0b545d45cdb0253111041416994fe96396dd11d404ad92f89374119b3fe
7835,16,left,5f77895410dc12305e6f187c2ffd374c73fb88a2c0f80ef6e7ba32bd9b837c63
7864,16,left,e034ccb6bc02d1bdd6abf7c88fd0460dd4e234a3377aec1ec7414799e0b0c705
7875,16,left,1bc875ca32cf09f57dea8b64a69bf33b0296b2a016b1ab18a301a47851f08b39
7938,16,left,d67e525467903b98a079abc1ca6b49c691a0f39b15744a0ec597d15e7bd087d1
7940,16,left,17dae53b1fe1d10f90e37d5c72302478b5070f1e46c0ebdfdb5548f84bd05628
7944,16,left,1a3f8ac5b325605f37b9983059cb4e347715de99d340244398bc5db93465656d
7955,16,left,a8ad3b1f1a40ce50d0633d9734bae5670d545da01e5a502564ad198176298458
7995,16,left,7120b5e04ebee9ae1c3cfbb268e7bc437b8ac16cd5578dca1e915f506beae37e
7996,16,left,e0320fa459e9641ea5dfe5b47ad62c13555d0af615e3ceabfdc3c12c5b8073bb
7999,16,left,66779cfc0cd21b4bf61477cd68d016db95b8818247d120b9f9a24dc6b2536cdd
